[2026-06-25 05:10:34] INFO in config: Constructing the database URL from environment variables.
[2026-06-25 05:10:34] INFO in database: Database engine created successfully.
[2026-06-25 05:10:34] INFO in main: FastAPI application has started successfully.
[2026-06-25 05:11:59] INFO in auth_crud: Successful login for hr_head email: hrhead.themadrassevasadan.org from IP: 162.158.54.162
[2026-06-25 05:24:53] INFO in config: Constructing the database URL from environment variables.
[2026-06-25 05:24:53] INFO in database: Database engine created successfully.
[2026-06-25 05:24:53] INFO in main: FastAPI application has started successfully.
[2026-06-25 05:28:06] INFO in auth_crud: Successful login for hr_head email: hrhead.themadrassevasadan.org from IP: 172.69.122.149
[2026-06-25 06:30:38] INFO in auth_crud: Successful login for school_admin email: admin@ladyandal.org from IP: 162.158.51.211
[2026-06-25 06:42:50] INFO in auth_crud: Admin ID 4 logged out from IP: 172.70.192.190
[2026-06-25 09:48:40] INFO in auth_crud: Successful Google login for email: s.dhanabalan02@gmail.com from IP: 172.70.192.190
[2026-06-25 10:07:54] INFO in config: Constructing the database URL from environment variables.
[2026-06-25 10:07:54] INFO in database: Database engine created successfully.
[2026-06-25 10:07:55] INFO in config: Constructing the database URL from environment variables.
[2026-06-25 10:07:55] INFO in database: Database engine created successfully.
[2026-06-25 10:07:57] INFO in config: Constructing the database URL from environment variables.
[2026-06-25 10:07:57] INFO in database: Database engine created successfully.
[2026-06-25 10:07:58] INFO in config: Constructing the database URL from environment variables.
[2026-06-25 10:07:58] INFO in database: Database engine created successfully.
[2026-06-25 10:07:59] INFO in config: Constructing the database URL from environment variables.
[2026-06-25 10:07:59] INFO in database: Database engine created successfully.
[2026-06-25 10:16:02] INFO in config: Constructing the database URL from environment variables.
[2026-06-25 10:16:02] INFO in database: Database engine created successfully.
[2026-06-25 10:16:03] INFO in config: Constructing the database URL from environment variables.
[2026-06-25 10:16:03] INFO in database: Database engine created successfully.
[2026-06-25 10:16:04] INFO in config: Constructing the database URL from environment variables.
[2026-06-25 10:16:04] INFO in database: Database engine created successfully.
[2026-06-25 10:16:06] INFO in config: Constructing the database URL from environment variables.
[2026-06-25 10:16:06] INFO in database: Database engine created successfully.
[2026-06-25 10:16:07] INFO in config: Constructing the database URL from environment variables.
[2026-06-25 10:16:07] INFO in database: Database engine created successfully.
[2026-06-25 10:21:42] INFO in config: Constructing the database URL from environment variables.
[2026-06-25 10:21:42] INFO in database: Database engine created successfully.
[2026-06-25 10:21:43] INFO in main: FastAPI application has started successfully.
[2026-06-25 10:50:52] INFO in auth_crud: New user created via Google login: nithishroshan1050@gmail.com from IP: 172.69.122.148
[2026-06-25 10:50:52] INFO in auth_crud: Successful Google login for email: nithishroshan1050@gmail.com from IP: 172.69.122.148
[2026-06-25 11:31:55] INFO in auth_crud: Successful login for candidate email: ramesramesh0724@gmail.com from IP: 172.69.123.162
[2026-06-25 11:56:30] INFO in auth_crud: Successful login for hr_head email: hrhead.themadrassevasadan.org from IP: 172.69.123.162
[2026-06-25 11:57:24] INFO in jobs_crud: Job post created by admin 3
[2026-06-25 12:47:48] INFO in jobs_crud: Job post created by admin 3
[2026-06-25 12:54:16] INFO in auth_crud: Admin ID 3 logged out from IP: 172.69.123.163
[2026-06-25 13:00:49] INFO in auth_crud: Successful login for candidate email: ramesramesh0724@gmail.com from IP: 162.158.54.163
[2026-06-25 13:01:04] INFO in auth_crud: Successful login for hr_head email: hrhead.themadrassevasadan.org from IP: 162.158.54.163
[2026-06-25 13:01:19] INFO in auth_crud: Admin ID 3 logged out from IP: 162.158.54.162
[2026-06-25 13:01:29] INFO in auth_crud: Successful login for candidate email: ramesramesh0724@gmail.com from IP: 162.158.54.162
[2026-06-25 13:01:51] INFO in job_apply_crud: Job application created: applicant_id=26, mss_app_no=MSS-APP-26, job_id=36, user_id=9
[2026-06-25 13:02:05] INFO in auth_crud: Successful login for hr_head email: hrhead.themadrassevasadan.org from IP: 162.158.54.163
[2026-06-25 13:02:18] INFO in job_interview_crud: Interview scheduled: id=14 for applicant=26
[2026-06-25 13:03:33] INFO in job_interview_crud: Interview remarks created: job_interview_id=14
[2026-06-25 13:40:31] INFO in job_interview_crud: Interview scheduled: id=15 for applicant=26
[2026-06-25 13:41:13] INFO in job_interview_crud: Interview remarks created: job_interview_id=15
[2026-06-25 13:41:21] INFO in auth_crud: Admin ID 3 logged out from IP: 172.69.123.163
[2026-06-25 13:41:33] INFO in auth_crud: Successful login for school_admin email: admin@ladyandal.org from IP: 172.69.123.162
[2026-06-25 15:17:09] INFO in auth_crud: Admin ID 4 logged out from IP: 162.158.54.163
[2026-06-25 15:17:20] INFO in auth_crud: Successful login for school_admin email: admin@ladyandal.org from IP: 162.158.54.163
[2026-06-25 15:17:23] INFO in auth_crud: Admin ID 4 logged out from IP: 162.158.54.163
[2026-06-25 15:17:30] INFO in auth_crud: Successful login for hr_head email: hrhead.themadrassevasadan.org from IP: 162.158.54.163
[2026-06-25 15:18:16] INFO in jobs_crud: Job post created by admin 3
[2026-06-25 15:18:19] INFO in auth_crud: Admin ID 3 logged out from IP: 162.158.54.162
[2026-06-25 15:18:34] INFO in auth_crud: Successful login for candidate email: ramesramesh0724@gmail.com from IP: 162.158.54.163
[2026-06-25 15:19:04] INFO in job_apply_crud: Job application created: applicant_id=27, mss_app_no=MSS-APP-27, job_id=37, user_id=9
[2026-06-25 15:19:18] INFO in auth_crud: Successful login for hr_head email: hrhead.themadrassevasadan.org from IP: 162.158.54.163
[2026-06-25 15:19:37] INFO in job_interview_crud: Interview scheduled: id=16 for applicant=27
[2026-06-25 15:19:56] INFO in job_interview_crud: Interview remarks created: job_interview_id=16
[2026-06-25 15:20:04] INFO in auth_crud: Admin ID 3 logged out from IP: 162.158.54.163
[2026-06-25 15:20:12] INFO in auth_crud: Successful login for school_admin email: admin@ladyandal.org from IP: 162.158.54.163
[2026-06-25 17:13:15] INFO in auth_crud: Admin ID 4 logged out from IP: 172.69.123.163
[2026-06-25 17:13:24] INFO in auth_crud: Successful login for candidate email: ramesramesh0724@gmail.com from IP: 172.69.123.163
[2026-06-25 17:13:43] INFO in job_apply_crud: Job application created: applicant_id=28, mss_app_no=MSS-APP-28, job_id=37, user_id=9
[2026-06-25 17:13:59] INFO in auth_crud: Successful login for hr_head email: hrhead.themadrassevasadan.org from IP: 172.69.123.163
[2026-06-25 17:14:12] INFO in job_interview_crud: Interview scheduled: id=17 for applicant=28
[2026-06-25 17:14:29] INFO in job_interview_crud: Interview remarks created: job_interview_id=17
[2026-06-25 17:14:32] INFO in auth_crud: Admin ID 3 logged out from IP: 172.69.123.162
[2026-06-25 17:14:46] INFO in auth_crud: Successful login for school_admin email: admin@ladyandal.org from IP: 172.69.123.163
[2026-06-25 17:15:32] INFO in auth_crud: Admin ID 4 logged out from IP: 172.69.123.162
[2026-06-25 17:22:57] INFO in config: Constructing the database URL from environment variables.
[2026-06-25 17:22:57] INFO in database: Database engine created successfully.
[2026-06-25 17:22:58] INFO in main: FastAPI application has started successfully.
[2026-06-25 17:23:24] INFO in auth_crud: Successful login for hr_head email: hrhead.themadrassevasadan.org from IP: 162.158.54.163
[2026-06-25 17:23:30] INFO in auth_crud: Admin ID 3 logged out from IP: 162.158.54.163
[2026-06-25 17:23:41] INFO in auth_crud: Successful login for school_admin email: admin@ladyandal.org from IP: 162.158.54.163
[2026-06-25 17:24:05] INFO in auth_crud: Admin ID 4 logged out from IP: 162.158.54.163
[2026-06-26 04:27:48] ERROR in main: Unhandled error on GET /jobs/public: (pymysql.err.OperationalError) (2006, "MySQL server has gone away (SSLEOFError(8, 'EOF occurred in violation of protocol (_ssl.c:2406)'))")
[SQL: SELECT job_posts.job_id AS job_posts_job_id, job_posts.job_posted_by AS job_posts_job_posted_by, job_posts.job_title AS job_posts_job_title, job_posts.job_type AS job_posts_job_type, job_posts.job_description AS job_posts_job_description, job_posts.school_name AS job_posts_school_name, job_posts.department AS job_posts_department, job_posts.vacancy_count AS job_posts_vacancy_count, job_posts.min_exp AS job_posts_min_exp, job_posts.max_exp AS job_posts_max_exp, job_posts.skills_required AS job_posts_skills_required, job_posts.education_qualification AS job_posts_education_qualification, job_posts.closing_date AS job_posts_closing_date, job_posts.additional_requirements AS job_posts_additional_requirements, job_posts.job_status AS job_posts_job_status, job_posts.views AS job_posts_views, job_posts.created_at AS job_posts_created_at, job_posts.updated_at AS job_posts_updated_at 
FROM job_posts 
WHERE job_posts.job_status = %(job_status_1)s ORDER BY job_posts.updated_at DESC]
[parameters: {'job_status_1': 'publish'}]
(Background on this error at: https://sqlalche.me/e/20/e3q8)
Traceback (most recent call last):
  File "/home/ubuntu/careerportal/mss-career-portal/app/linuxvenv/lib/python3.12/site-packages/pymysql/connections.py", line 834, in _write_bytes
    self._sock.sendall(data)
  File "/usr/lib/python3.12/ssl.py", line 1211, in sendall
    v = self.send(byte_view[count:])
        ^^^^^^^^^^^^^^^^^^^^^^^^^^^^
  File "/usr/lib/python3.12/ssl.py", line 1180, in send
    return self._sslobj.write(data)
           ^^^^^^^^^^^^^^^^^^^^^^^^
ssl.SSLEOFError: EOF occurred in violation of protocol (_ssl.c:2406)

During handling of the above exception, another exception occurred:

Traceback (most recent call last):
  File "/home/ubuntu/careerportal/mss-career-portal/app/linuxvenv/lib/python3.12/site-packages/sqlalchemy/engine/base.py", line 1969, in _exec_single_context
    self.dialect.do_execute(
  File "/home/ubuntu/careerportal/mss-career-portal/app/linuxvenv/lib/python3.12/site-packages/sqlalchemy/engine/default.py", line 952, in do_execute
    cursor.execute(statement, parameters)
  File "/home/ubuntu/careerportal/mss-career-portal/app/linuxvenv/lib/python3.12/site-packages/pymysql/cursors.py", line 159, in execute
    result = self._query(query)
             ^^^^^^^^^^^^^^^^^^
  File "/home/ubuntu/careerportal/mss-career-portal/app/linuxvenv/lib/python3.12/site-packages/pymysql/cursors.py", line 330, in _query
    conn.query(q)
  File "/home/ubuntu/careerportal/mss-career-portal/app/linuxvenv/lib/python3.12/site-packages/pymysql/connections.py", line 581, in query
    self._execute_command(COMMAND.COM_QUERY, sql)
  File "/home/ubuntu/careerportal/mss-career-portal/app/linuxvenv/lib/python3.12/site-packages/pymysql/connections.py", line 886, in _execute_command
    self._write_bytes(packet)
  File "/home/ubuntu/careerportal/mss-career-portal/app/linuxvenv/lib/python3.12/site-packages/pymysql/connections.py", line 837, in _write_bytes
    raise err.OperationalError(
pymysql.err.OperationalError: (2006, "MySQL server has gone away (SSLEOFError(8, 'EOF occurred in violation of protocol (_ssl.c:2406)'))")

The above exception was the direct cause of the following exception:

Traceback (most recent call last):
  File "/home/ubuntu/careerportal/mss-career-portal/app/main.py", line 38, in dispatch
    return await call_next(request)
           ^^^^^^^^^^^^^^^^^^^^^^^^
  File "/home/ubuntu/careerportal/mss-career-portal/app/linuxvenv/lib/python3.12/site-packages/starlette/middleware/base.py", line 168, in call_next
    raise app_exc from app_exc.__cause__ or app_exc.__context__
  File "/home/ubuntu/careerportal/mss-career-portal/app/linuxvenv/lib/python3.12/site-packages/starlette/middleware/base.py", line 144, in coro
    await self.app(scope, receive_or_disconnect, send_no_error)
  File "/home/ubuntu/careerportal/mss-career-portal/app/linuxvenv/lib/python3.12/site-packages/starlette/middleware/exceptions.py", line 63, in __call__
    await wrap_app_handling_exceptions(self.app, conn)(scope, receive, send)
  File "/home/ubuntu/careerportal/mss-career-portal/app/linuxvenv/lib/python3.12/site-packages/starlette/_exception_handler.py", line 53, in wrapped_app
    raise exc
  File "/home/ubuntu/careerportal/mss-career-portal/app/linuxvenv/lib/python3.12/site-packages/starlette/_exception_handler.py", line 42, in wrapped_app
    await app(scope, receive, sender)
  File "/home/ubuntu/careerportal/mss-career-portal/app/linuxvenv/lib/python3.12/site-packages/fastapi/middleware/asyncexitstack.py", line 18, in __call__
    await self.app(scope, receive, send)
  File "/home/ubuntu/careerportal/mss-career-portal/app/linuxvenv/lib/python3.12/site-packages/starlette/routing.py", line 660, in __call__
    await self.middleware_stack(scope, receive, send)
  File "/home/ubuntu/careerportal/mss-career-portal/app/linuxvenv/lib/python3.12/site-packages/fastapi/routing.py", line 2531, in app
    await route.handle(scope, receive, send)
  File "/home/ubuntu/careerportal/mss-career-portal/app/linuxvenv/lib/python3.12/site-packages/fastapi/routing.py", line 1700, in handle
    await self.original_router.handle(scope, receive, send)
  File "/home/ubuntu/careerportal/mss-career-portal/app/linuxvenv/lib/python3.12/site-packages/fastapi/routing.py", line 2586, in handle
    await included_router._handle_selected(scope, receive, send)
  File "/home/ubuntu/careerportal/mss-career-portal/app/linuxvenv/lib/python3.12/site-packages/fastapi/routing.py", line 1720, in _handle_selected
    await original_route.handle(scope, receive, send)
  File "/home/ubuntu/careerportal/mss-career-portal/app/linuxvenv/lib/python3.12/site-packages/fastapi/routing.py", line 1239, in handle
    await app(scope, receive, send)
  File "/home/ubuntu/careerportal/mss-career-portal/app/linuxvenv/lib/python3.12/site-packages/fastapi/routing.py", line 150, in app
    await wrap_app_handling_exceptions(app, request)(scope, receive, send)
  File "/home/ubuntu/careerportal/mss-career-portal/app/linuxvenv/lib/python3.12/site-packages/starlette/_exception_handler.py", line 53, in wrapped_app
    raise exc
  File "/home/ubuntu/careerportal/mss-career-portal/app/linuxvenv/lib/python3.12/site-packages/starlette/_exception_handler.py", line 42, in wrapped_app
    await app(scope, receive, sender)
  File "/home/ubuntu/careerportal/mss-career-portal/app/linuxvenv/lib/python3.12/site-packages/fastapi/routing.py", line 136, in app
    response = await f(request)
               ^^^^^^^^^^^^^^^^
  File "/home/ubuntu/careerportal/mss-career-portal/app/linuxvenv/lib/python3.12/site-packages/fastapi/routing.py", line 690, in app
    raw_response = await run_endpoint_function(
                   ^^^^^^^^^^^^^^^^^^^^^^^^^^^^
  File "/home/ubuntu/careerportal/mss-career-portal/app/linuxvenv/lib/python3.12/site-packages/fastapi/routing.py", line 346, in run_endpoint_function
    return await run_in_threadpool(dependant.call, **values)
           ^^^^^^^^^^^^^^^^^^^^^^^^^^^^^^^^^^^^^^^^^^^^^^^^^
  File "/home/ubuntu/careerportal/mss-career-portal/app/linuxvenv/lib/python3.12/site-packages/starlette/concurrency.py", line 34, in run_in_threadpool
    return await anyio.to_thread.run_sync(func)
           ^^^^^^^^^^^^^^^^^^^^^^^^^^^^^^^^^^^^
  File "/home/ubuntu/careerportal/mss-career-portal/app/linuxvenv/lib/python3.12/site-packages/anyio/to_thread.py", line 63, in run_sync
    return await get_async_backend().run_sync_in_worker_thread(
           ^^^^^^^^^^^^^^^^^^^^^^^^^^^^^^^^^^^^^^^^^^^^^^^^^^^^
  File "/home/ubuntu/careerportal/mss-career-portal/app/linuxvenv/lib/python3.12/site-packages/anyio/_backends/_asyncio.py", line 2596, in run_sync_in_worker_thread
    return await future
           ^^^^^^^^^^^^
  File "/home/ubuntu/careerportal/mss-career-portal/app/linuxvenv/lib/python3.12/site-packages/anyio/_backends/_asyncio.py", line 1029, in run
    result = context.run(func, *args)
             ^^^^^^^^^^^^^^^^^^^^^^^^
  File "/home/ubuntu/careerportal/mss-career-portal/app/routes/jobs_route.py", line 199, in get_public_job_posts_route
    job_posts = get_published_job_posts(db)
                ^^^^^^^^^^^^^^^^^^^^^^^^^^^
  File "/home/ubuntu/careerportal/mss-career-portal/app/crud/jobs_crud.py", line 38, in get_published_job_posts
    .all()
     ^^^^^
  File "/home/ubuntu/careerportal/mss-career-portal/app/linuxvenv/lib/python3.12/site-packages/sqlalchemy/orm/query.py", line 2711, in all
    return self._iter().all()  # type: ignore
           ^^^^^^^^^^^^
  File "/home/ubuntu/careerportal/mss-career-portal/app/linuxvenv/lib/python3.12/site-packages/sqlalchemy/orm/query.py", line 2864, in _iter
    result: Union[ScalarResult[_T], Result[_T]] = self.session.execute(
                                                  ^^^^^^^^^^^^^^^^^^^^^
  File "/home/ubuntu/careerportal/mss-career-portal/app/linuxvenv/lib/python3.12/site-packages/sqlalchemy/orm/session.py", line 2373, in execute
    return self._execute_internal(
           ^^^^^^^^^^^^^^^^^^^^^^^
  File "/home/ubuntu/careerportal/mss-career-portal/app/linuxvenv/lib/python3.12/site-packages/sqlalchemy/orm/session.py", line 2271, in _execute_internal
    result: Result[Any] = compile_state_cls.orm_execute_statement(
                          ^^^^^^^^^^^^^^^^^^^^^^^^^^^^^^^^^^^^^^^^
  File "/home/ubuntu/careerportal/mss-career-portal/app/linuxvenv/lib/python3.12/site-packages/sqlalchemy/orm/context.py", line 306, in orm_execute_statement
    result = conn.execute(
             ^^^^^^^^^^^^^
  File "/home/ubuntu/careerportal/mss-career-portal/app/linuxvenv/lib/python3.12/site-packages/sqlalchemy/engine/base.py", line 1421, in execute
    return meth(
           ^^^^^
  File "/home/ubuntu/careerportal/mss-career-portal/app/linuxvenv/lib/python3.12/site-packages/sqlalchemy/sql/elements.py", line 526, in _execute_on_connection
    return connection._execute_clauseelement(
           ^^^^^^^^^^^^^^^^^^^^^^^^^^^^^^^^^^
  File "/home/ubuntu/careerportal/mss-career-portal/app/linuxvenv/lib/python3.12/site-packages/sqlalchemy/engine/base.py", line 1643, in _execute_clauseelement
    ret = self._execute_context(
          ^^^^^^^^^^^^^^^^^^^^^^
  File "/home/ubuntu/careerportal/mss-career-portal/app/linuxvenv/lib/python3.12/site-packages/sqlalchemy/engine/base.py", line 1848, in _execute_context
    return self._exec_single_context(
           ^^^^^^^^^^^^^^^^^^^^^^^^^^
  File "/home/ubuntu/careerportal/mss-career-portal/app/linuxvenv/lib/python3.12/site-packages/sqlalchemy/engine/base.py", line 1988, in _exec_single_context
    self._handle_dbapi_exception(
  File "/home/ubuntu/careerportal/mss-career-portal/app/linuxvenv/lib/python3.12/site-packages/sqlalchemy/engine/base.py", line 2365, in _handle_dbapi_exception
    raise sqlalchemy_exception.with_traceback(exc_info[2]) from e
  File "/home/ubuntu/careerportal/mss-career-portal/app/linuxvenv/lib/python3.12/site-packages/sqlalchemy/engine/base.py", line 1969, in _exec_single_context
    self.dialect.do_execute(
  File "/home/ubuntu/careerportal/mss-career-portal/app/linuxvenv/lib/python3.12/site-packages/sqlalchemy/engine/default.py", line 952, in do_execute
    cursor.execute(statement, parameters)
  File "/home/ubuntu/careerportal/mss-career-portal/app/linuxvenv/lib/python3.12/site-packages/pymysql/cursors.py", line 159, in execute
    result = self._query(query)
             ^^^^^^^^^^^^^^^^^^
  File "/home/ubuntu/careerportal/mss-career-portal/app/linuxvenv/lib/python3.12/site-packages/pymysql/cursors.py", line 330, in _query
    conn.query(q)
  File "/home/ubuntu/careerportal/mss-career-portal/app/linuxvenv/lib/python3.12/site-packages/pymysql/connections.py", line 581, in query
    self._execute_command(COMMAND.COM_QUERY, sql)
  File "/home/ubuntu/careerportal/mss-career-portal/app/linuxvenv/lib/python3.12/site-packages/pymysql/connections.py", line 886, in _execute_command
    self._write_bytes(packet)
  File "/home/ubuntu/careerportal/mss-career-portal/app/linuxvenv/lib/python3.12/site-packages/pymysql/connections.py", line 837, in _write_bytes
    raise err.OperationalError(
sqlalchemy.exc.OperationalError: (pymysql.err.OperationalError) (2006, "MySQL server has gone away (SSLEOFError(8, 'EOF occurred in violation of protocol (_ssl.c:2406)'))")
[SQL: SELECT job_posts.job_id AS job_posts_job_id, job_posts.job_posted_by AS job_posts_job_posted_by, job_posts.job_title AS job_posts_job_title, job_posts.job_type AS job_posts_job_type, job_posts.job_description AS job_posts_job_description, job_posts.school_name AS job_posts_school_name, job_posts.department AS job_posts_department, job_posts.vacancy_count AS job_posts_vacancy_count, job_posts.min_exp AS job_posts_min_exp, job_posts.max_exp AS job_posts_max_exp, job_posts.skills_required AS job_posts_skills_required, job_posts.education_qualification AS job_posts_education_qualification, job_posts.closing_date AS job_posts_closing_date, job_posts.additional_requirements AS job_posts_additional_requirements, job_posts.job_status AS job_posts_job_status, job_posts.views AS job_posts_views, job_posts.created_at AS job_posts_created_at, job_posts.updated_at AS job_posts_updated_at 
FROM job_posts 
WHERE job_posts.job_status = %(job_status_1)s ORDER BY job_posts.updated_at DESC]
[parameters: {'job_status_1': 'publish'}]
(Background on this error at: https://sqlalche.me/e/20/e3q8)
[2026-06-26 04:28:05] INFO in auth_crud: New user created via Google login: rameshkannan8178@gmail.com from IP: 172.69.123.162
[2026-06-26 04:28:05] INFO in auth_crud: Successful Google login for email: rameshkannan8178@gmail.com from IP: 172.69.123.162
[2026-06-26 04:29:00] INFO in job_apply_crud: Job application created: applicant_id=29, mss_app_no=MSS-APP-29, job_id=37, user_id=21
[2026-06-26 04:29:15] INFO in auth_crud: Successful login for hr_head email: hrhead.themadrassevasadan.org from IP: 172.69.122.148
[2026-06-26 04:29:42] INFO in job_interview_crud: Interview scheduled: id=18 for applicant=29
[2026-06-26 04:29:54] INFO in job_interview_crud: Interview remarks created: job_interview_id=18
[2026-06-26 04:29:57] INFO in auth_crud: Admin ID 3 logged out from IP: 172.69.122.148
[2026-06-26 04:30:06] INFO in auth_crud: Successful login for school_admin email: admin@ladyandal.org from IP: 172.69.122.148
[2026-06-26 04:30:38] INFO in auth_crud: Admin ID 4 logged out from IP: 172.69.122.148
[2026-06-26 04:30:50] INFO in auth_crud: Successful Google login for email: rameshkannan8178@gmail.com from IP: 172.69.122.148
[2026-06-26 04:31:14] WARNING in jobs_crud: Published job post not found: 37
[2026-06-26 04:31:34] WARNING in jobs_crud: Published job post not found: 37
[2026-06-26 04:31:50] WARNING in jobs_crud: Published job post not found: 37
[2026-06-26 05:03:54] INFO in auth_crud: Successful login for candidate email: ramesramesh0724@gmail.com from IP: 172.69.123.162
[2026-06-26 05:04:26] INFO in auth_crud: Successful login for school_admin email: admin@ladyandal.org from IP: 172.69.123.162
[2026-06-26 05:04:39] INFO in auth_crud: Admin ID 4 logged out from IP: 172.69.123.162
[2026-06-26 05:04:47] INFO in auth_crud: Successful login for candidate email: ramesramesh0724@gmail.com from IP: 172.69.123.162
[2026-06-26 05:34:08] INFO in config: Constructing the database URL from environment variables.
[2026-06-26 05:34:08] INFO in database: Database engine created successfully.
[2026-06-26 05:34:08] INFO in main: FastAPI application has started successfully.
[2026-06-26 05:34:37] INFO in auth_crud: Successful login for candidate email: ramesramesh0724@gmail.com from IP: 162.158.54.162
[2026-06-26 10:28:43] INFO in auth_crud: Successful login for candidate email: ramesramesh0724@gmail.com from IP: 172.69.122.149
[2026-06-26 10:29:31] INFO in auth_crud: Successful login for hr_head email: hrhead.themadrassevasadan.org from IP: 172.69.122.149
[2026-06-26 10:36:04] INFO in auth_crud: Admin ID 3 logged out from IP: 172.69.122.149
[2026-06-29 04:45:26] ERROR in main: Unhandled error on GET /jobs/public: (pymysql.err.OperationalError) (2006, "MySQL server has gone away (SSLEOFError(8, 'EOF occurred in violation of protocol (_ssl.c:2406)'))")
[SQL: SELECT job_posts.job_id AS job_posts_job_id, job_posts.job_posted_by AS job_posts_job_posted_by, job_posts.job_title AS job_posts_job_title, job_posts.job_type AS job_posts_job_type, job_posts.job_description AS job_posts_job_description, job_posts.school_name AS job_posts_school_name, job_posts.department AS job_posts_department, job_posts.vacancy_count AS job_posts_vacancy_count, job_posts.min_exp AS job_posts_min_exp, job_posts.max_exp AS job_posts_max_exp, job_posts.skills_required AS job_posts_skills_required, job_posts.education_qualification AS job_posts_education_qualification, job_posts.closing_date AS job_posts_closing_date, job_posts.additional_requirements AS job_posts_additional_requirements, job_posts.job_status AS job_posts_job_status, job_posts.views AS job_posts_views, job_posts.created_at AS job_posts_created_at, job_posts.updated_at AS job_posts_updated_at 
FROM job_posts 
WHERE job_posts.job_status = %(job_status_1)s ORDER BY job_posts.updated_at DESC]
[parameters: {'job_status_1': 'publish'}]
(Background on this error at: https://sqlalche.me/e/20/e3q8)
Traceback (most recent call last):
  File "/home/ubuntu/careerportal/mss-career-portal/app/linuxvenv/lib/python3.12/site-packages/pymysql/connections.py", line 834, in _write_bytes
    self._sock.sendall(data)
  File "/usr/lib/python3.12/ssl.py", line 1211, in sendall
    v = self.send(byte_view[count:])
        ^^^^^^^^^^^^^^^^^^^^^^^^^^^^
  File "/usr/lib/python3.12/ssl.py", line 1180, in send
    return self._sslobj.write(data)
           ^^^^^^^^^^^^^^^^^^^^^^^^
ssl.SSLEOFError: EOF occurred in violation of protocol (_ssl.c:2406)

During handling of the above exception, another exception occurred:

Traceback (most recent call last):
  File "/home/ubuntu/careerportal/mss-career-portal/app/linuxvenv/lib/python3.12/site-packages/sqlalchemy/engine/base.py", line 1969, in _exec_single_context
    self.dialect.do_execute(
  File "/home/ubuntu/careerportal/mss-career-portal/app/linuxvenv/lib/python3.12/site-packages/sqlalchemy/engine/default.py", line 952, in do_execute
    cursor.execute(statement, parameters)
  File "/home/ubuntu/careerportal/mss-career-portal/app/linuxvenv/lib/python3.12/site-packages/pymysql/cursors.py", line 159, in execute
    result = self._query(query)
             ^^^^^^^^^^^^^^^^^^
  File "/home/ubuntu/careerportal/mss-career-portal/app/linuxvenv/lib/python3.12/site-packages/pymysql/cursors.py", line 330, in _query
    conn.query(q)
  File "/home/ubuntu/careerportal/mss-career-portal/app/linuxvenv/lib/python3.12/site-packages/pymysql/connections.py", line 581, in query
    self._execute_command(COMMAND.COM_QUERY, sql)
  File "/home/ubuntu/careerportal/mss-career-portal/app/linuxvenv/lib/python3.12/site-packages/pymysql/connections.py", line 886, in _execute_command
    self._write_bytes(packet)
  File "/home/ubuntu/careerportal/mss-career-portal/app/linuxvenv/lib/python3.12/site-packages/pymysql/connections.py", line 837, in _write_bytes
    raise err.OperationalError(
pymysql.err.OperationalError: (2006, "MySQL server has gone away (SSLEOFError(8, 'EOF occurred in violation of protocol (_ssl.c:2406)'))")

The above exception was the direct cause of the following exception:

Traceback (most recent call last):
  File "/home/ubuntu/careerportal/mss-career-portal/app/main.py", line 38, in dispatch
    return await call_next(request)
           ^^^^^^^^^^^^^^^^^^^^^^^^
  File "/home/ubuntu/careerportal/mss-career-portal/app/linuxvenv/lib/python3.12/site-packages/starlette/middleware/base.py", line 168, in call_next
    raise app_exc from app_exc.__cause__ or app_exc.__context__
  File "/home/ubuntu/careerportal/mss-career-portal/app/linuxvenv/lib/python3.12/site-packages/starlette/middleware/base.py", line 144, in coro
    await self.app(scope, receive_or_disconnect, send_no_error)
  File "/home/ubuntu/careerportal/mss-career-portal/app/linuxvenv/lib/python3.12/site-packages/starlette/middleware/exceptions.py", line 63, in __call__
    await wrap_app_handling_exceptions(self.app, conn)(scope, receive, send)
  File "/home/ubuntu/careerportal/mss-career-portal/app/linuxvenv/lib/python3.12/site-packages/starlette/_exception_handler.py", line 53, in wrapped_app
    raise exc
  File "/home/ubuntu/careerportal/mss-career-portal/app/linuxvenv/lib/python3.12/site-packages/starlette/_exception_handler.py", line 42, in wrapped_app
    await app(scope, receive, sender)
  File "/home/ubuntu/careerportal/mss-career-portal/app/linuxvenv/lib/python3.12/site-packages/fastapi/middleware/asyncexitstack.py", line 18, in __call__
    await self.app(scope, receive, send)
  File "/home/ubuntu/careerportal/mss-career-portal/app/linuxvenv/lib/python3.12/site-packages/starlette/routing.py", line 660, in __call__
    await self.middleware_stack(scope, receive, send)
  File "/home/ubuntu/careerportal/mss-career-portal/app/linuxvenv/lib/python3.12/site-packages/fastapi/routing.py", line 2531, in app
    await route.handle(scope, receive, send)
  File "/home/ubuntu/careerportal/mss-career-portal/app/linuxvenv/lib/python3.12/site-packages/fastapi/routing.py", line 1700, in handle
    await self.original_router.handle(scope, receive, send)
  File "/home/ubuntu/careerportal/mss-career-portal/app/linuxvenv/lib/python3.12/site-packages/fastapi/routing.py", line 2586, in handle
    await included_router._handle_selected(scope, receive, send)
  File "/home/ubuntu/careerportal/mss-career-portal/app/linuxvenv/lib/python3.12/site-packages/fastapi/routing.py", line 1720, in _handle_selected
    await original_route.handle(scope, receive, send)
  File "/home/ubuntu/careerportal/mss-career-portal/app/linuxvenv/lib/python3.12/site-packages/fastapi/routing.py", line 1239, in handle
    await app(scope, receive, send)
  File "/home/ubuntu/careerportal/mss-career-portal/app/linuxvenv/lib/python3.12/site-packages/fastapi/routing.py", line 150, in app
    await wrap_app_handling_exceptions(app, request)(scope, receive, send)
  File "/home/ubuntu/careerportal/mss-career-portal/app/linuxvenv/lib/python3.12/site-packages/starlette/_exception_handler.py", line 53, in wrapped_app
    raise exc
  File "/home/ubuntu/careerportal/mss-career-portal/app/linuxvenv/lib/python3.12/site-packages/starlette/_exception_handler.py", line 42, in wrapped_app
    await app(scope, receive, sender)
  File "/home/ubuntu/careerportal/mss-career-portal/app/linuxvenv/lib/python3.12/site-packages/fastapi/routing.py", line 136, in app
    response = await f(request)
               ^^^^^^^^^^^^^^^^
  File "/home/ubuntu/careerportal/mss-career-portal/app/linuxvenv/lib/python3.12/site-packages/fastapi/routing.py", line 690, in app
    raw_response = await run_endpoint_function(
                   ^^^^^^^^^^^^^^^^^^^^^^^^^^^^
  File "/home/ubuntu/careerportal/mss-career-portal/app/linuxvenv/lib/python3.12/site-packages/fastapi/routing.py", line 346, in run_endpoint_function
    return await run_in_threadpool(dependant.call, **values)
           ^^^^^^^^^^^^^^^^^^^^^^^^^^^^^^^^^^^^^^^^^^^^^^^^^
  File "/home/ubuntu/careerportal/mss-career-portal/app/linuxvenv/lib/python3.12/site-packages/starlette/concurrency.py", line 34, in run_in_threadpool
    return await anyio.to_thread.run_sync(func)
           ^^^^^^^^^^^^^^^^^^^^^^^^^^^^^^^^^^^^
  File "/home/ubuntu/careerportal/mss-career-portal/app/linuxvenv/lib/python3.12/site-packages/anyio/to_thread.py", line 63, in run_sync
    return await get_async_backend().run_sync_in_worker_thread(
           ^^^^^^^^^^^^^^^^^^^^^^^^^^^^^^^^^^^^^^^^^^^^^^^^^^^^
  File "/home/ubuntu/careerportal/mss-career-portal/app/linuxvenv/lib/python3.12/site-packages/anyio/_backends/_asyncio.py", line 2596, in run_sync_in_worker_thread
    return await future
           ^^^^^^^^^^^^
  File "/home/ubuntu/careerportal/mss-career-portal/app/linuxvenv/lib/python3.12/site-packages/anyio/_backends/_asyncio.py", line 1029, in run
    result = context.run(func, *args)
             ^^^^^^^^^^^^^^^^^^^^^^^^
  File "/home/ubuntu/careerportal/mss-career-portal/app/routes/jobs_route.py", line 199, in get_public_job_posts_route
    job_posts = get_published_job_posts(db)
                ^^^^^^^^^^^^^^^^^^^^^^^^^^^
  File "/home/ubuntu/careerportal/mss-career-portal/app/crud/jobs_crud.py", line 38, in get_published_job_posts
    .all()
     ^^^^^
  File "/home/ubuntu/careerportal/mss-career-portal/app/linuxvenv/lib/python3.12/site-packages/sqlalchemy/orm/query.py", line 2711, in all
    return self._iter().all()  # type: ignore
           ^^^^^^^^^^^^
  File "/home/ubuntu/careerportal/mss-career-portal/app/linuxvenv/lib/python3.12/site-packages/sqlalchemy/orm/query.py", line 2864, in _iter
    result: Union[ScalarResult[_T], Result[_T]] = self.session.execute(
                                                  ^^^^^^^^^^^^^^^^^^^^^
  File "/home/ubuntu/careerportal/mss-career-portal/app/linuxvenv/lib/python3.12/site-packages/sqlalchemy/orm/session.py", line 2373, in execute
    return self._execute_internal(
           ^^^^^^^^^^^^^^^^^^^^^^^
  File "/home/ubuntu/careerportal/mss-career-portal/app/linuxvenv/lib/python3.12/site-packages/sqlalchemy/orm/session.py", line 2271, in _execute_internal
    result: Result[Any] = compile_state_cls.orm_execute_statement(
                          ^^^^^^^^^^^^^^^^^^^^^^^^^^^^^^^^^^^^^^^^
  File "/home/ubuntu/careerportal/mss-career-portal/app/linuxvenv/lib/python3.12/site-packages/sqlalchemy/orm/context.py", line 306, in orm_execute_statement
    result = conn.execute(
             ^^^^^^^^^^^^^
  File "/home/ubuntu/careerportal/mss-career-portal/app/linuxvenv/lib/python3.12/site-packages/sqlalchemy/engine/base.py", line 1421, in execute
    return meth(
           ^^^^^
  File "/home/ubuntu/careerportal/mss-career-portal/app/linuxvenv/lib/python3.12/site-packages/sqlalchemy/sql/elements.py", line 526, in _execute_on_connection
    return connection._execute_clauseelement(
           ^^^^^^^^^^^^^^^^^^^^^^^^^^^^^^^^^^
  File "/home/ubuntu/careerportal/mss-career-portal/app/linuxvenv/lib/python3.12/site-packages/sqlalchemy/engine/base.py", line 1643, in _execute_clauseelement
    ret = self._execute_context(
          ^^^^^^^^^^^^^^^^^^^^^^
  File "/home/ubuntu/careerportal/mss-career-portal/app/linuxvenv/lib/python3.12/site-packages/sqlalchemy/engine/base.py", line 1848, in _execute_context
    return self._exec_single_context(
           ^^^^^^^^^^^^^^^^^^^^^^^^^^
  File "/home/ubuntu/careerportal/mss-career-portal/app/linuxvenv/lib/python3.12/site-packages/sqlalchemy/engine/base.py", line 1988, in _exec_single_context
    self._handle_dbapi_exception(
  File "/home/ubuntu/careerportal/mss-career-portal/app/linuxvenv/lib/python3.12/site-packages/sqlalchemy/engine/base.py", line 2365, in _handle_dbapi_exception
    raise sqlalchemy_exception.with_traceback(exc_info[2]) from e
  File "/home/ubuntu/careerportal/mss-career-portal/app/linuxvenv/lib/python3.12/site-packages/sqlalchemy/engine/base.py", line 1969, in _exec_single_context
    self.dialect.do_execute(
  File "/home/ubuntu/careerportal/mss-career-portal/app/linuxvenv/lib/python3.12/site-packages/sqlalchemy/engine/default.py", line 952, in do_execute
    cursor.execute(statement, parameters)
  File "/home/ubuntu/careerportal/mss-career-portal/app/linuxvenv/lib/python3.12/site-packages/pymysql/cursors.py", line 159, in execute
    result = self._query(query)
             ^^^^^^^^^^^^^^^^^^
  File "/home/ubuntu/careerportal/mss-career-portal/app/linuxvenv/lib/python3.12/site-packages/pymysql/cursors.py", line 330, in _query
    conn.query(q)
  File "/home/ubuntu/careerportal/mss-career-portal/app/linuxvenv/lib/python3.12/site-packages/pymysql/connections.py", line 581, in query
    self._execute_command(COMMAND.COM_QUERY, sql)
  File "/home/ubuntu/careerportal/mss-career-portal/app/linuxvenv/lib/python3.12/site-packages/pymysql/connections.py", line 886, in _execute_command
    self._write_bytes(packet)
  File "/home/ubuntu/careerportal/mss-career-portal/app/linuxvenv/lib/python3.12/site-packages/pymysql/connections.py", line 837, in _write_bytes
    raise err.OperationalError(
sqlalchemy.exc.OperationalError: (pymysql.err.OperationalError) (2006, "MySQL server has gone away (SSLEOFError(8, 'EOF occurred in violation of protocol (_ssl.c:2406)'))")
[SQL: SELECT job_posts.job_id AS job_posts_job_id, job_posts.job_posted_by AS job_posts_job_posted_by, job_posts.job_title AS job_posts_job_title, job_posts.job_type AS job_posts_job_type, job_posts.job_description AS job_posts_job_description, job_posts.school_name AS job_posts_school_name, job_posts.department AS job_posts_department, job_posts.vacancy_count AS job_posts_vacancy_count, job_posts.min_exp AS job_posts_min_exp, job_posts.max_exp AS job_posts_max_exp, job_posts.skills_required AS job_posts_skills_required, job_posts.education_qualification AS job_posts_education_qualification, job_posts.closing_date AS job_posts_closing_date, job_posts.additional_requirements AS job_posts_additional_requirements, job_posts.job_status AS job_posts_job_status, job_posts.views AS job_posts_views, job_posts.created_at AS job_posts_created_at, job_posts.updated_at AS job_posts_updated_at 
FROM job_posts 
WHERE job_posts.job_status = %(job_status_1)s ORDER BY job_posts.updated_at DESC]
[parameters: {'job_status_1': 'publish'}]
(Background on this error at: https://sqlalche.me/e/20/e3q8)
[2026-06-29 04:48:32] INFO in auth_crud: New user created via Google login: vel0011@gmail.com from IP: 172.70.192.190
[2026-06-29 04:48:32] INFO in auth_crud: Successful Google login for email: vel0011@gmail.com from IP: 172.70.192.190
[2026-06-29 05:50:31] INFO in config: Constructing the database URL from environment variables.
[2026-06-29 05:50:31] INFO in database: Database engine created successfully.
[2026-06-29 05:50:31] INFO in main: FastAPI application has started successfully.
[2026-06-29 05:54:54] INFO in auth_crud: Successful login for candidate email: ramesramesh0724@gmail.com from IP: 172.71.95.155
[2026-06-29 09:07:01] INFO in auth_crud: Successful login for hr_head email: hrhead.themadrassevasadan.org from IP: 172.69.122.149
[2026-06-29 09:10:03] INFO in jobs_crud: Job post created by admin 3
[2026-06-29 09:13:07] INFO in auth_crud: Admin ID 3 logged out from IP: 172.69.122.148
[2026-06-29 09:27:36] INFO in auth_crud: Successful login for candidate email: dhana@gmail.com from IP: 172.69.122.148
[2026-06-29 09:28:27] INFO in job_apply_crud: Job application created: applicant_id=30, mss_app_no=MSS-APP-30, job_id=38, user_id=19
[2026-06-29 09:58:17] INFO in auth_crud: Successful Google login for email: s.dhanabalan02@gmail.com from IP: 172.69.123.162
[2026-06-29 10:17:05] INFO in auth_crud: Successful Google login for email: vel0011@gmail.com from IP: 172.70.192.190
[2026-06-29 10:28:25] INFO in config: Constructing the database URL from environment variables.
[2026-06-29 10:28:25] INFO in database: Database engine created successfully.
[2026-06-29 10:28:25] INFO in main: FastAPI application has started successfully.
[2026-06-29 10:28:59] ERROR in main: Unhandled error on GET /jobs/public/38: can only concatenate str (not "int") to str
Traceback (most recent call last):
  File "/home/ubuntu/careerportal/mss-career-portal/app/main.py", line 38, in dispatch
    return await call_next(request)
           ^^^^^^^^^^^^^^^^^^^^^^^^
  File "/home/ubuntu/careerportal/mss-career-portal/app/linuxvenv/lib/python3.12/site-packages/starlette/middleware/base.py", line 168, in call_next
    raise app_exc from app_exc.__cause__ or app_exc.__context__
  File "/home/ubuntu/careerportal/mss-career-portal/app/linuxvenv/lib/python3.12/site-packages/starlette/middleware/base.py", line 144, in coro
    await self.app(scope, receive_or_disconnect, send_no_error)
  File "/home/ubuntu/careerportal/mss-career-portal/app/linuxvenv/lib/python3.12/site-packages/starlette/middleware/exceptions.py", line 63, in __call__
    await wrap_app_handling_exceptions(self.app, conn)(scope, receive, send)
  File "/home/ubuntu/careerportal/mss-career-portal/app/linuxvenv/lib/python3.12/site-packages/starlette/_exception_handler.py", line 53, in wrapped_app
    raise exc
  File "/home/ubuntu/careerportal/mss-career-portal/app/linuxvenv/lib/python3.12/site-packages/starlette/_exception_handler.py", line 42, in wrapped_app
    await app(scope, receive, sender)
  File "/home/ubuntu/careerportal/mss-career-portal/app/linuxvenv/lib/python3.12/site-packages/fastapi/middleware/asyncexitstack.py", line 18, in __call__
    await self.app(scope, receive, send)
  File "/home/ubuntu/careerportal/mss-career-portal/app/linuxvenv/lib/python3.12/site-packages/starlette/routing.py", line 660, in __call__
    await self.middleware_stack(scope, receive, send)
  File "/home/ubuntu/careerportal/mss-career-portal/app/linuxvenv/lib/python3.12/site-packages/fastapi/routing.py", line 2531, in app
    await route.handle(scope, receive, send)
  File "/home/ubuntu/careerportal/mss-career-portal/app/linuxvenv/lib/python3.12/site-packages/fastapi/routing.py", line 1700, in handle
    await self.original_router.handle(scope, receive, send)
  File "/home/ubuntu/careerportal/mss-career-portal/app/linuxvenv/lib/python3.12/site-packages/fastapi/routing.py", line 2586, in handle
    await included_router._handle_selected(scope, receive, send)
  File "/home/ubuntu/careerportal/mss-career-portal/app/linuxvenv/lib/python3.12/site-packages/fastapi/routing.py", line 1720, in _handle_selected
    await original_route.handle(scope, receive, send)
  File "/home/ubuntu/careerportal/mss-career-portal/app/linuxvenv/lib/python3.12/site-packages/fastapi/routing.py", line 1239, in handle
    await app(scope, receive, send)
  File "/home/ubuntu/careerportal/mss-career-portal/app/linuxvenv/lib/python3.12/site-packages/fastapi/routing.py", line 150, in app
    await wrap_app_handling_exceptions(app, request)(scope, receive, send)
  File "/home/ubuntu/careerportal/mss-career-portal/app/linuxvenv/lib/python3.12/site-packages/starlette/_exception_handler.py", line 53, in wrapped_app
    raise exc
  File "/home/ubuntu/careerportal/mss-career-portal/app/linuxvenv/lib/python3.12/site-packages/starlette/_exception_handler.py", line 42, in wrapped_app
    await app(scope, receive, sender)
  File "/home/ubuntu/careerportal/mss-career-portal/app/linuxvenv/lib/python3.12/site-packages/fastapi/routing.py", line 136, in app
    response = await f(request)
               ^^^^^^^^^^^^^^^^
  File "/home/ubuntu/careerportal/mss-career-portal/app/linuxvenv/lib/python3.12/site-packages/fastapi/routing.py", line 690, in app
    raw_response = await run_endpoint_function(
                   ^^^^^^^^^^^^^^^^^^^^^^^^^^^^
  File "/home/ubuntu/careerportal/mss-career-portal/app/linuxvenv/lib/python3.12/site-packages/fastapi/routing.py", line 346, in run_endpoint_function
    return await run_in_threadpool(dependant.call, **values)
           ^^^^^^^^^^^^^^^^^^^^^^^^^^^^^^^^^^^^^^^^^^^^^^^^^
  File "/home/ubuntu/careerportal/mss-career-portal/app/linuxvenv/lib/python3.12/site-packages/starlette/concurrency.py", line 34, in run_in_threadpool
    return await anyio.to_thread.run_sync(func)
           ^^^^^^^^^^^^^^^^^^^^^^^^^^^^^^^^^^^^
  File "/home/ubuntu/careerportal/mss-career-portal/app/linuxvenv/lib/python3.12/site-packages/anyio/to_thread.py", line 63, in run_sync
    return await get_async_backend().run_sync_in_worker_thread(
           ^^^^^^^^^^^^^^^^^^^^^^^^^^^^^^^^^^^^^^^^^^^^^^^^^^^^
  File "/home/ubuntu/careerportal/mss-career-portal/app/linuxvenv/lib/python3.12/site-packages/anyio/_backends/_asyncio.py", line 2596, in run_sync_in_worker_thread
    return await future
           ^^^^^^^^^^^^
  File "/home/ubuntu/careerportal/mss-career-portal/app/linuxvenv/lib/python3.12/site-packages/anyio/_backends/_asyncio.py", line 1029, in run
    result = context.run(func, *args)
             ^^^^^^^^^^^^^^^^^^^^^^^^
  File "/home/ubuntu/careerportal/mss-career-portal/app/routes/jobs_route.py", line 211, in get_public_job_post_by_id_route
    job_post = get_published_job_post_or_404(db, job_id=job_id)
               ^^^^^^^^^^^^^^^^^^^^^^^^^^^^^^^^^^^^^^^^^^^^^^^^
  File "/home/ubuntu/careerportal/mss-career-portal/app/crud/jobs_crud.py", line 53, in get_published_job_post_or_404
    job_post.views += 1
TypeError: can only concatenate str (not "int") to str
[2026-06-29 10:29:27] ERROR in main: Unhandled error on GET /jobs/public/38: can only concatenate str (not "int") to str
Traceback (most recent call last):
  File "/home/ubuntu/careerportal/mss-career-portal/app/main.py", line 38, in dispatch
    return await call_next(request)
           ^^^^^^^^^^^^^^^^^^^^^^^^
  File "/home/ubuntu/careerportal/mss-career-portal/app/linuxvenv/lib/python3.12/site-packages/starlette/middleware/base.py", line 168, in call_next
    raise app_exc from app_exc.__cause__ or app_exc.__context__
  File "/home/ubuntu/careerportal/mss-career-portal/app/linuxvenv/lib/python3.12/site-packages/starlette/middleware/base.py", line 144, in coro
    await self.app(scope, receive_or_disconnect, send_no_error)
  File "/home/ubuntu/careerportal/mss-career-portal/app/linuxvenv/lib/python3.12/site-packages/starlette/middleware/exceptions.py", line 63, in __call__
    await wrap_app_handling_exceptions(self.app, conn)(scope, receive, send)
  File "/home/ubuntu/careerportal/mss-career-portal/app/linuxvenv/lib/python3.12/site-packages/starlette/_exception_handler.py", line 53, in wrapped_app
    raise exc
  File "/home/ubuntu/careerportal/mss-career-portal/app/linuxvenv/lib/python3.12/site-packages/starlette/_exception_handler.py", line 42, in wrapped_app
    await app(scope, receive, sender)
  File "/home/ubuntu/careerportal/mss-career-portal/app/linuxvenv/lib/python3.12/site-packages/fastapi/middleware/asyncexitstack.py", line 18, in __call__
    await self.app(scope, receive, send)
  File "/home/ubuntu/careerportal/mss-career-portal/app/linuxvenv/lib/python3.12/site-packages/starlette/routing.py", line 660, in __call__
    await self.middleware_stack(scope, receive, send)
  File "/home/ubuntu/careerportal/mss-career-portal/app/linuxvenv/lib/python3.12/site-packages/fastapi/routing.py", line 2531, in app
    await route.handle(scope, receive, send)
  File "/home/ubuntu/careerportal/mss-career-portal/app/linuxvenv/lib/python3.12/site-packages/fastapi/routing.py", line 1700, in handle
    await self.original_router.handle(scope, receive, send)
  File "/home/ubuntu/careerportal/mss-career-portal/app/linuxvenv/lib/python3.12/site-packages/fastapi/routing.py", line 2586, in handle
    await included_router._handle_selected(scope, receive, send)
  File "/home/ubuntu/careerportal/mss-career-portal/app/linuxvenv/lib/python3.12/site-packages/fastapi/routing.py", line 1720, in _handle_selected
    await original_route.handle(scope, receive, send)
  File "/home/ubuntu/careerportal/mss-career-portal/app/linuxvenv/lib/python3.12/site-packages/fastapi/routing.py", line 1239, in handle
    await app(scope, receive, send)
  File "/home/ubuntu/careerportal/mss-career-portal/app/linuxvenv/lib/python3.12/site-packages/fastapi/routing.py", line 150, in app
    await wrap_app_handling_exceptions(app, request)(scope, receive, send)
  File "/home/ubuntu/careerportal/mss-career-portal/app/linuxvenv/lib/python3.12/site-packages/starlette/_exception_handler.py", line 53, in wrapped_app
    raise exc
  File "/home/ubuntu/careerportal/mss-career-portal/app/linuxvenv/lib/python3.12/site-packages/starlette/_exception_handler.py", line 42, in wrapped_app
    await app(scope, receive, sender)
  File "/home/ubuntu/careerportal/mss-career-portal/app/linuxvenv/lib/python3.12/site-packages/fastapi/routing.py", line 136, in app
    response = await f(request)
               ^^^^^^^^^^^^^^^^
  File "/home/ubuntu/careerportal/mss-career-portal/app/linuxvenv/lib/python3.12/site-packages/fastapi/routing.py", line 690, in app
    raw_response = await run_endpoint_function(
                   ^^^^^^^^^^^^^^^^^^^^^^^^^^^^
  File "/home/ubuntu/careerportal/mss-career-portal/app/linuxvenv/lib/python3.12/site-packages/fastapi/routing.py", line 346, in run_endpoint_function
    return await run_in_threadpool(dependant.call, **values)
           ^^^^^^^^^^^^^^^^^^^^^^^^^^^^^^^^^^^^^^^^^^^^^^^^^
  File "/home/ubuntu/careerportal/mss-career-portal/app/linuxvenv/lib/python3.12/site-packages/starlette/concurrency.py", line 34, in run_in_threadpool
    return await anyio.to_thread.run_sync(func)
           ^^^^^^^^^^^^^^^^^^^^^^^^^^^^^^^^^^^^
  File "/home/ubuntu/careerportal/mss-career-portal/app/linuxvenv/lib/python3.12/site-packages/anyio/to_thread.py", line 63, in run_sync
    return await get_async_backend().run_sync_in_worker_thread(
           ^^^^^^^^^^^^^^^^^^^^^^^^^^^^^^^^^^^^^^^^^^^^^^^^^^^^
  File "/home/ubuntu/careerportal/mss-career-portal/app/linuxvenv/lib/python3.12/site-packages/anyio/_backends/_asyncio.py", line 2596, in run_sync_in_worker_thread
    return await future
           ^^^^^^^^^^^^
  File "/home/ubuntu/careerportal/mss-career-portal/app/linuxvenv/lib/python3.12/site-packages/anyio/_backends/_asyncio.py", line 1029, in run
    result = context.run(func, *args)
             ^^^^^^^^^^^^^^^^^^^^^^^^
  File "/home/ubuntu/careerportal/mss-career-portal/app/routes/jobs_route.py", line 211, in get_public_job_post_by_id_route
    job_post = get_published_job_post_or_404(db, job_id=job_id)
               ^^^^^^^^^^^^^^^^^^^^^^^^^^^^^^^^^^^^^^^^^^^^^^^^
  File "/home/ubuntu/careerportal/mss-career-portal/app/crud/jobs_crud.py", line 53, in get_published_job_post_or_404
    job_post.views += 1
TypeError: can only concatenate str (not "int") to str
[2026-06-29 10:30:35] ERROR in main: Unhandled error on GET /jobs/public/38: can only concatenate str (not "int") to str
Traceback (most recent call last):
  File "/home/ubuntu/careerportal/mss-career-portal/app/main.py", line 38, in dispatch
    return await call_next(request)
           ^^^^^^^^^^^^^^^^^^^^^^^^
  File "/home/ubuntu/careerportal/mss-career-portal/app/linuxvenv/lib/python3.12/site-packages/starlette/middleware/base.py", line 168, in call_next
    raise app_exc from app_exc.__cause__ or app_exc.__context__
  File "/home/ubuntu/careerportal/mss-career-portal/app/linuxvenv/lib/python3.12/site-packages/starlette/middleware/base.py", line 144, in coro
    await self.app(scope, receive_or_disconnect, send_no_error)
  File "/home/ubuntu/careerportal/mss-career-portal/app/linuxvenv/lib/python3.12/site-packages/starlette/middleware/exceptions.py", line 63, in __call__
    await wrap_app_handling_exceptions(self.app, conn)(scope, receive, send)
  File "/home/ubuntu/careerportal/mss-career-portal/app/linuxvenv/lib/python3.12/site-packages/starlette/_exception_handler.py", line 53, in wrapped_app
    raise exc
  File "/home/ubuntu/careerportal/mss-career-portal/app/linuxvenv/lib/python3.12/site-packages/starlette/_exception_handler.py", line 42, in wrapped_app
    await app(scope, receive, sender)
  File "/home/ubuntu/careerportal/mss-career-portal/app/linuxvenv/lib/python3.12/site-packages/fastapi/middleware/asyncexitstack.py", line 18, in __call__
    await self.app(scope, receive, send)
  File "/home/ubuntu/careerportal/mss-career-portal/app/linuxvenv/lib/python3.12/site-packages/starlette/routing.py", line 660, in __call__
    await self.middleware_stack(scope, receive, send)
  File "/home/ubuntu/careerportal/mss-career-portal/app/linuxvenv/lib/python3.12/site-packages/fastapi/routing.py", line 2531, in app
    await route.handle(scope, receive, send)
  File "/home/ubuntu/careerportal/mss-career-portal/app/linuxvenv/lib/python3.12/site-packages/fastapi/routing.py", line 1700, in handle
    await self.original_router.handle(scope, receive, send)
  File "/home/ubuntu/careerportal/mss-career-portal/app/linuxvenv/lib/python3.12/site-packages/fastapi/routing.py", line 2586, in handle
    await included_router._handle_selected(scope, receive, send)
  File "/home/ubuntu/careerportal/mss-career-portal/app/linuxvenv/lib/python3.12/site-packages/fastapi/routing.py", line 1720, in _handle_selected
    await original_route.handle(scope, receive, send)
  File "/home/ubuntu/careerportal/mss-career-portal/app/linuxvenv/lib/python3.12/site-packages/fastapi/routing.py", line 1239, in handle
    await app(scope, receive, send)
  File "/home/ubuntu/careerportal/mss-career-portal/app/linuxvenv/lib/python3.12/site-packages/fastapi/routing.py", line 150, in app
    await wrap_app_handling_exceptions(app, request)(scope, receive, send)
  File "/home/ubuntu/careerportal/mss-career-portal/app/linuxvenv/lib/python3.12/site-packages/starlette/_exception_handler.py", line 53, in wrapped_app
    raise exc
  File "/home/ubuntu/careerportal/mss-career-portal/app/linuxvenv/lib/python3.12/site-packages/starlette/_exception_handler.py", line 42, in wrapped_app
    await app(scope, receive, sender)
  File "/home/ubuntu/careerportal/mss-career-portal/app/linuxvenv/lib/python3.12/site-packages/fastapi/routing.py", line 136, in app
    response = await f(request)
               ^^^^^^^^^^^^^^^^
  File "/home/ubuntu/careerportal/mss-career-portal/app/linuxvenv/lib/python3.12/site-packages/fastapi/routing.py", line 690, in app
    raw_response = await run_endpoint_function(
                   ^^^^^^^^^^^^^^^^^^^^^^^^^^^^
  File "/home/ubuntu/careerportal/mss-career-portal/app/linuxvenv/lib/python3.12/site-packages/fastapi/routing.py", line 346, in run_endpoint_function
    return await run_in_threadpool(dependant.call, **values)
           ^^^^^^^^^^^^^^^^^^^^^^^^^^^^^^^^^^^^^^^^^^^^^^^^^
  File "/home/ubuntu/careerportal/mss-career-portal/app/linuxvenv/lib/python3.12/site-packages/starlette/concurrency.py", line 34, in run_in_threadpool
    return await anyio.to_thread.run_sync(func)
           ^^^^^^^^^^^^^^^^^^^^^^^^^^^^^^^^^^^^
  File "/home/ubuntu/careerportal/mss-career-portal/app/linuxvenv/lib/python3.12/site-packages/anyio/to_thread.py", line 63, in run_sync
    return await get_async_backend().run_sync_in_worker_thread(
           ^^^^^^^^^^^^^^^^^^^^^^^^^^^^^^^^^^^^^^^^^^^^^^^^^^^^
  File "/home/ubuntu/careerportal/mss-career-portal/app/linuxvenv/lib/python3.12/site-packages/anyio/_backends/_asyncio.py", line 2596, in run_sync_in_worker_thread
    return await future
           ^^^^^^^^^^^^
  File "/home/ubuntu/careerportal/mss-career-portal/app/linuxvenv/lib/python3.12/site-packages/anyio/_backends/_asyncio.py", line 1029, in run
    result = context.run(func, *args)
             ^^^^^^^^^^^^^^^^^^^^^^^^
  File "/home/ubuntu/careerportal/mss-career-portal/app/routes/jobs_route.py", line 211, in get_public_job_post_by_id_route
    job_post = get_published_job_post_or_404(db, job_id=job_id)
               ^^^^^^^^^^^^^^^^^^^^^^^^^^^^^^^^^^^^^^^^^^^^^^^^
  File "/home/ubuntu/careerportal/mss-career-portal/app/crud/jobs_crud.py", line 53, in get_published_job_post_or_404
    job_post.views += 1
TypeError: can only concatenate str (not "int") to str
[2026-06-29 10:31:20] ERROR in main: Unhandled error on GET /jobs/public/38: can only concatenate str (not "int") to str
Traceback (most recent call last):
  File "/home/ubuntu/careerportal/mss-career-portal/app/main.py", line 38, in dispatch
    return await call_next(request)
           ^^^^^^^^^^^^^^^^^^^^^^^^
  File "/home/ubuntu/careerportal/mss-career-portal/app/linuxvenv/lib/python3.12/site-packages/starlette/middleware/base.py", line 168, in call_next
    raise app_exc from app_exc.__cause__ or app_exc.__context__
  File "/home/ubuntu/careerportal/mss-career-portal/app/linuxvenv/lib/python3.12/site-packages/starlette/middleware/base.py", line 144, in coro
    await self.app(scope, receive_or_disconnect, send_no_error)
  File "/home/ubuntu/careerportal/mss-career-portal/app/linuxvenv/lib/python3.12/site-packages/starlette/middleware/exceptions.py", line 63, in __call__
    await wrap_app_handling_exceptions(self.app, conn)(scope, receive, send)
  File "/home/ubuntu/careerportal/mss-career-portal/app/linuxvenv/lib/python3.12/site-packages/starlette/_exception_handler.py", line 53, in wrapped_app
    raise exc
  File "/home/ubuntu/careerportal/mss-career-portal/app/linuxvenv/lib/python3.12/site-packages/starlette/_exception_handler.py", line 42, in wrapped_app
    await app(scope, receive, sender)
  File "/home/ubuntu/careerportal/mss-career-portal/app/linuxvenv/lib/python3.12/site-packages/fastapi/middleware/asyncexitstack.py", line 18, in __call__
    await self.app(scope, receive, send)
  File "/home/ubuntu/careerportal/mss-career-portal/app/linuxvenv/lib/python3.12/site-packages/starlette/routing.py", line 660, in __call__
    await self.middleware_stack(scope, receive, send)
  File "/home/ubuntu/careerportal/mss-career-portal/app/linuxvenv/lib/python3.12/site-packages/fastapi/routing.py", line 2531, in app
    await route.handle(scope, receive, send)
  File "/home/ubuntu/careerportal/mss-career-portal/app/linuxvenv/lib/python3.12/site-packages/fastapi/routing.py", line 1700, in handle
    await self.original_router.handle(scope, receive, send)
  File "/home/ubuntu/careerportal/mss-career-portal/app/linuxvenv/lib/python3.12/site-packages/fastapi/routing.py", line 2586, in handle
    await included_router._handle_selected(scope, receive, send)
  File "/home/ubuntu/careerportal/mss-career-portal/app/linuxvenv/lib/python3.12/site-packages/fastapi/routing.py", line 1720, in _handle_selected
    await original_route.handle(scope, receive, send)
  File "/home/ubuntu/careerportal/mss-career-portal/app/linuxvenv/lib/python3.12/site-packages/fastapi/routing.py", line 1239, in handle
    await app(scope, receive, send)
  File "/home/ubuntu/careerportal/mss-career-portal/app/linuxvenv/lib/python3.12/site-packages/fastapi/routing.py", line 150, in app
    await wrap_app_handling_exceptions(app, request)(scope, receive, send)
  File "/home/ubuntu/careerportal/mss-career-portal/app/linuxvenv/lib/python3.12/site-packages/starlette/_exception_handler.py", line 53, in wrapped_app
    raise exc
  File "/home/ubuntu/careerportal/mss-career-portal/app/linuxvenv/lib/python3.12/site-packages/starlette/_exception_handler.py", line 42, in wrapped_app
    await app(scope, receive, sender)
  File "/home/ubuntu/careerportal/mss-career-portal/app/linuxvenv/lib/python3.12/site-packages/fastapi/routing.py", line 136, in app
    response = await f(request)
               ^^^^^^^^^^^^^^^^
  File "/home/ubuntu/careerportal/mss-career-portal/app/linuxvenv/lib/python3.12/site-packages/fastapi/routing.py", line 690, in app
    raw_response = await run_endpoint_function(
                   ^^^^^^^^^^^^^^^^^^^^^^^^^^^^
  File "/home/ubuntu/careerportal/mss-career-portal/app/linuxvenv/lib/python3.12/site-packages/fastapi/routing.py", line 346, in run_endpoint_function
    return await run_in_threadpool(dependant.call, **values)
           ^^^^^^^^^^^^^^^^^^^^^^^^^^^^^^^^^^^^^^^^^^^^^^^^^
  File "/home/ubuntu/careerportal/mss-career-portal/app/linuxvenv/lib/python3.12/site-packages/starlette/concurrency.py", line 34, in run_in_threadpool
    return await anyio.to_thread.run_sync(func)
           ^^^^^^^^^^^^^^^^^^^^^^^^^^^^^^^^^^^^
  File "/home/ubuntu/careerportal/mss-career-portal/app/linuxvenv/lib/python3.12/site-packages/anyio/to_thread.py", line 63, in run_sync
    return await get_async_backend().run_sync_in_worker_thread(
           ^^^^^^^^^^^^^^^^^^^^^^^^^^^^^^^^^^^^^^^^^^^^^^^^^^^^
  File "/home/ubuntu/careerportal/mss-career-portal/app/linuxvenv/lib/python3.12/site-packages/anyio/_backends/_asyncio.py", line 2596, in run_sync_in_worker_thread
    return await future
           ^^^^^^^^^^^^
  File "/home/ubuntu/careerportal/mss-career-portal/app/linuxvenv/lib/python3.12/site-packages/anyio/_backends/_asyncio.py", line 1029, in run
    result = context.run(func, *args)
             ^^^^^^^^^^^^^^^^^^^^^^^^
  File "/home/ubuntu/careerportal/mss-career-portal/app/routes/jobs_route.py", line 211, in get_public_job_post_by_id_route
    job_post = get_published_job_post_or_404(db, job_id=job_id)
               ^^^^^^^^^^^^^^^^^^^^^^^^^^^^^^^^^^^^^^^^^^^^^^^^
  File "/home/ubuntu/careerportal/mss-career-portal/app/crud/jobs_crud.py", line 53, in get_published_job_post_or_404
    job_post.views += 1
TypeError: can only concatenate str (not "int") to str
[2026-06-29 10:40:25] INFO in config: Constructing the database URL from environment variables.
[2026-06-29 10:40:25] INFO in database: Database engine created successfully.
[2026-06-29 10:40:25] INFO in main: FastAPI application has started successfully.
[2026-06-29 10:40:56] INFO in auth_crud: Successful login for candidate email: ramesramesh0724@gmail.com from IP: 172.69.122.148
[2026-06-29 10:48:54] INFO in config: Constructing the database URL from environment variables.
[2026-06-29 10:48:54] INFO in database: Database engine created successfully.
[2026-06-29 10:48:54] INFO in main: FastAPI application has started successfully.
[2026-06-29 10:49:14] INFO in auth_crud: Successful login for candidate email: ramesramesh0724@gmail.com from IP: 172.69.122.148
[2026-06-29 10:51:17] INFO in auth_crud: Successful login for hr_head email: hrhead.themadrassevasadan.org from IP: 172.69.122.149
[2026-06-29 10:52:11] INFO in jobs_crud: Job post created by admin 3
[2026-06-29 10:52:18] INFO in auth_crud: Admin ID 3 logged out from IP: 172.69.122.149
[2026-06-29 15:56:24] INFO in config: Constructing the database URL from environment variables.
[2026-06-29 15:56:24] INFO in database: Database engine created successfully.
[2026-06-29 15:56:24] INFO in main: FastAPI application has started successfully.
[2026-06-29 15:57:33] INFO in auth_crud: Successful login for hr_head email: hrhead.themadrassevasadan.org from IP: 172.69.123.162
[2026-06-30 04:32:15] ERROR in main: Unhandled error on GET /jobs/public: (pymysql.err.OperationalError) (2006, "MySQL server has gone away (SSLEOFError(8, 'EOF occurred in violation of protocol (_ssl.c:2406)'))")
[SQL: SELECT job_posts.job_id AS job_posts_job_id, job_posts.job_posted_by AS job_posts_job_posted_by, job_posts.job_title AS job_posts_job_title, job_posts.job_type AS job_posts_job_type, job_posts.job_description AS job_posts_job_description, job_posts.school_name AS job_posts_school_name, job_posts.department AS job_posts_department, job_posts.location AS job_posts_location, job_posts.programme AS job_posts_programme, job_posts.vacancy_count AS job_posts_vacancy_count, job_posts.min_exp AS job_posts_min_exp, job_posts.max_exp AS job_posts_max_exp, job_posts.skills_required AS job_posts_skills_required, job_posts.education_qualification AS job_posts_education_qualification, job_posts.closing_date AS job_posts_closing_date, job_posts.additional_requirements AS job_posts_additional_requirements, job_posts.job_status AS job_posts_job_status, job_posts.views AS job_posts_views, job_posts.created_at AS job_posts_created_at, job_posts.updated_at AS job_posts_updated_at 
FROM job_posts 
WHERE job_posts.job_status = %(job_status_1)s ORDER BY job_posts.updated_at DESC]
[parameters: {'job_status_1': 'publish'}]
(Background on this error at: https://sqlalche.me/e/20/e3q8)
Traceback (most recent call last):
  File "/home/ubuntu/careerportal/mss-career-portal/app/linuxvenv/lib/python3.12/site-packages/pymysql/connections.py", line 834, in _write_bytes
    self._sock.sendall(data)
  File "/usr/lib/python3.12/ssl.py", line 1211, in sendall
    v = self.send(byte_view[count:])
        ^^^^^^^^^^^^^^^^^^^^^^^^^^^^
  File "/usr/lib/python3.12/ssl.py", line 1180, in send
    return self._sslobj.write(data)
           ^^^^^^^^^^^^^^^^^^^^^^^^
ssl.SSLEOFError: EOF occurred in violation of protocol (_ssl.c:2406)

During handling of the above exception, another exception occurred:

Traceback (most recent call last):
  File "/home/ubuntu/careerportal/mss-career-portal/app/linuxvenv/lib/python3.12/site-packages/sqlalchemy/engine/base.py", line 1969, in _exec_single_context
    self.dialect.do_execute(
  File "/home/ubuntu/careerportal/mss-career-portal/app/linuxvenv/lib/python3.12/site-packages/sqlalchemy/engine/default.py", line 952, in do_execute
    cursor.execute(statement, parameters)
  File "/home/ubuntu/careerportal/mss-career-portal/app/linuxvenv/lib/python3.12/site-packages/pymysql/cursors.py", line 159, in execute
    result = self._query(query)
             ^^^^^^^^^^^^^^^^^^
  File "/home/ubuntu/careerportal/mss-career-portal/app/linuxvenv/lib/python3.12/site-packages/pymysql/cursors.py", line 330, in _query
    conn.query(q)
  File "/home/ubuntu/careerportal/mss-career-portal/app/linuxvenv/lib/python3.12/site-packages/pymysql/connections.py", line 581, in query
    self._execute_command(COMMAND.COM_QUERY, sql)
  File "/home/ubuntu/careerportal/mss-career-portal/app/linuxvenv/lib/python3.12/site-packages/pymysql/connections.py", line 886, in _execute_command
    self._write_bytes(packet)
  File "/home/ubuntu/careerportal/mss-career-portal/app/linuxvenv/lib/python3.12/site-packages/pymysql/connections.py", line 837, in _write_bytes
    raise err.OperationalError(
pymysql.err.OperationalError: (2006, "MySQL server has gone away (SSLEOFError(8, 'EOF occurred in violation of protocol (_ssl.c:2406)'))")

The above exception was the direct cause of the following exception:

Traceback (most recent call last):
  File "/home/ubuntu/careerportal/mss-career-portal/app/main.py", line 38, in dispatch
    return await call_next(request)
           ^^^^^^^^^^^^^^^^^^^^^^^^
  File "/home/ubuntu/careerportal/mss-career-portal/app/linuxvenv/lib/python3.12/site-packages/starlette/middleware/base.py", line 168, in call_next
    raise app_exc from app_exc.__cause__ or app_exc.__context__
  File "/home/ubuntu/careerportal/mss-career-portal/app/linuxvenv/lib/python3.12/site-packages/starlette/middleware/base.py", line 144, in coro
    await self.app(scope, receive_or_disconnect, send_no_error)
  File "/home/ubuntu/careerportal/mss-career-portal/app/linuxvenv/lib/python3.12/site-packages/starlette/middleware/exceptions.py", line 63, in __call__
    await wrap_app_handling_exceptions(self.app, conn)(scope, receive, send)
  File "/home/ubuntu/careerportal/mss-career-portal/app/linuxvenv/lib/python3.12/site-packages/starlette/_exception_handler.py", line 53, in wrapped_app
    raise exc
  File "/home/ubuntu/careerportal/mss-career-portal/app/linuxvenv/lib/python3.12/site-packages/starlette/_exception_handler.py", line 42, in wrapped_app
    await app(scope, receive, sender)
  File "/home/ubuntu/careerportal/mss-career-portal/app/linuxvenv/lib/python3.12/site-packages/fastapi/middleware/asyncexitstack.py", line 18, in __call__
    await self.app(scope, receive, send)
  File "/home/ubuntu/careerportal/mss-career-portal/app/linuxvenv/lib/python3.12/site-packages/starlette/routing.py", line 660, in __call__
    await self.middleware_stack(scope, receive, send)
  File "/home/ubuntu/careerportal/mss-career-portal/app/linuxvenv/lib/python3.12/site-packages/fastapi/routing.py", line 2531, in app
    await route.handle(scope, receive, send)
  File "/home/ubuntu/careerportal/mss-career-portal/app/linuxvenv/lib/python3.12/site-packages/fastapi/routing.py", line 1700, in handle
    await self.original_router.handle(scope, receive, send)
  File "/home/ubuntu/careerportal/mss-career-portal/app/linuxvenv/lib/python3.12/site-packages/fastapi/routing.py", line 2586, in handle
    await included_router._handle_selected(scope, receive, send)
  File "/home/ubuntu/careerportal/mss-career-portal/app/linuxvenv/lib/python3.12/site-packages/fastapi/routing.py", line 1720, in _handle_selected
    await original_route.handle(scope, receive, send)
  File "/home/ubuntu/careerportal/mss-career-portal/app/linuxvenv/lib/python3.12/site-packages/fastapi/routing.py", line 1239, in handle
    await app(scope, receive, send)
  File "/home/ubuntu/careerportal/mss-career-portal/app/linuxvenv/lib/python3.12/site-packages/fastapi/routing.py", line 150, in app
    await wrap_app_handling_exceptions(app, request)(scope, receive, send)
  File "/home/ubuntu/careerportal/mss-career-portal/app/linuxvenv/lib/python3.12/site-packages/starlette/_exception_handler.py", line 53, in wrapped_app
    raise exc
  File "/home/ubuntu/careerportal/mss-career-portal/app/linuxvenv/lib/python3.12/site-packages/starlette/_exception_handler.py", line 42, in wrapped_app
    await app(scope, receive, sender)
  File "/home/ubuntu/careerportal/mss-career-portal/app/linuxvenv/lib/python3.12/site-packages/fastapi/routing.py", line 136, in app
    response = await f(request)
               ^^^^^^^^^^^^^^^^
  File "/home/ubuntu/careerportal/mss-career-portal/app/linuxvenv/lib/python3.12/site-packages/fastapi/routing.py", line 690, in app
    raw_response = await run_endpoint_function(
                   ^^^^^^^^^^^^^^^^^^^^^^^^^^^^
  File "/home/ubuntu/careerportal/mss-career-portal/app/linuxvenv/lib/python3.12/site-packages/fastapi/routing.py", line 346, in run_endpoint_function
    return await run_in_threadpool(dependant.call, **values)
           ^^^^^^^^^^^^^^^^^^^^^^^^^^^^^^^^^^^^^^^^^^^^^^^^^
  File "/home/ubuntu/careerportal/mss-career-portal/app/linuxvenv/lib/python3.12/site-packages/starlette/concurrency.py", line 34, in run_in_threadpool
    return await anyio.to_thread.run_sync(func)
           ^^^^^^^^^^^^^^^^^^^^^^^^^^^^^^^^^^^^
  File "/home/ubuntu/careerportal/mss-career-portal/app/linuxvenv/lib/python3.12/site-packages/anyio/to_thread.py", line 63, in run_sync
    return await get_async_backend().run_sync_in_worker_thread(
           ^^^^^^^^^^^^^^^^^^^^^^^^^^^^^^^^^^^^^^^^^^^^^^^^^^^^
  File "/home/ubuntu/careerportal/mss-career-portal/app/linuxvenv/lib/python3.12/site-packages/anyio/_backends/_asyncio.py", line 2596, in run_sync_in_worker_thread
    return await future
           ^^^^^^^^^^^^
  File "/home/ubuntu/careerportal/mss-career-portal/app/linuxvenv/lib/python3.12/site-packages/anyio/_backends/_asyncio.py", line 1029, in run
    result = context.run(func, *args)
             ^^^^^^^^^^^^^^^^^^^^^^^^
  File "/home/ubuntu/careerportal/mss-career-portal/app/routes/jobs_route.py", line 204, in get_public_job_posts_route
    job_posts = get_published_job_posts(db, school_name=school_name)
                ^^^^^^^^^^^^^^^^^^^^^^^^^^^^^^^^^^^^^^^^^^^^^^^^^^^^
  File "/home/ubuntu/careerportal/mss-career-portal/app/crud/jobs_crud.py", line 68, in get_published_job_posts
    return query.order_by(JobPost.updated_at.desc()).all()
           ^^^^^^^^^^^^^^^^^^^^^^^^^^^^^^^^^^^^^^^^^^^^^^^
  File "/home/ubuntu/careerportal/mss-career-portal/app/linuxvenv/lib/python3.12/site-packages/sqlalchemy/orm/query.py", line 2711, in all
    return self._iter().all()  # type: ignore
           ^^^^^^^^^^^^
  File "/home/ubuntu/careerportal/mss-career-portal/app/linuxvenv/lib/python3.12/site-packages/sqlalchemy/orm/query.py", line 2864, in _iter
    result: Union[ScalarResult[_T], Result[_T]] = self.session.execute(
                                                  ^^^^^^^^^^^^^^^^^^^^^
  File "/home/ubuntu/careerportal/mss-career-portal/app/linuxvenv/lib/python3.12/site-packages/sqlalchemy/orm/session.py", line 2373, in execute
    return self._execute_internal(
           ^^^^^^^^^^^^^^^^^^^^^^^
  File "/home/ubuntu/careerportal/mss-career-portal/app/linuxvenv/lib/python3.12/site-packages/sqlalchemy/orm/session.py", line 2271, in _execute_internal
    result: Result[Any] = compile_state_cls.orm_execute_statement(
                          ^^^^^^^^^^^^^^^^^^^^^^^^^^^^^^^^^^^^^^^^
  File "/home/ubuntu/careerportal/mss-career-portal/app/linuxvenv/lib/python3.12/site-packages/sqlalchemy/orm/context.py", line 306, in orm_execute_statement
    result = conn.execute(
             ^^^^^^^^^^^^^
  File "/home/ubuntu/careerportal/mss-career-portal/app/linuxvenv/lib/python3.12/site-packages/sqlalchemy/engine/base.py", line 1421, in execute
    return meth(
           ^^^^^
  File "/home/ubuntu/careerportal/mss-career-portal/app/linuxvenv/lib/python3.12/site-packages/sqlalchemy/sql/elements.py", line 526, in _execute_on_connection
    return connection._execute_clauseelement(
           ^^^^^^^^^^^^^^^^^^^^^^^^^^^^^^^^^^
  File "/home/ubuntu/careerportal/mss-career-portal/app/linuxvenv/lib/python3.12/site-packages/sqlalchemy/engine/base.py", line 1643, in _execute_clauseelement
    ret = self._execute_context(
          ^^^^^^^^^^^^^^^^^^^^^^
  File "/home/ubuntu/careerportal/mss-career-portal/app/linuxvenv/lib/python3.12/site-packages/sqlalchemy/engine/base.py", line 1848, in _execute_context
    return self._exec_single_context(
           ^^^^^^^^^^^^^^^^^^^^^^^^^^
  File "/home/ubuntu/careerportal/mss-career-portal/app/linuxvenv/lib/python3.12/site-packages/sqlalchemy/engine/base.py", line 1988, in _exec_single_context
    self._handle_dbapi_exception(
  File "/home/ubuntu/careerportal/mss-career-portal/app/linuxvenv/lib/python3.12/site-packages/sqlalchemy/engine/base.py", line 2365, in _handle_dbapi_exception
    raise sqlalchemy_exception.with_traceback(exc_info[2]) from e
  File "/home/ubuntu/careerportal/mss-career-portal/app/linuxvenv/lib/python3.12/site-packages/sqlalchemy/engine/base.py", line 1969, in _exec_single_context
    self.dialect.do_execute(
  File "/home/ubuntu/careerportal/mss-career-portal/app/linuxvenv/lib/python3.12/site-packages/sqlalchemy/engine/default.py", line 952, in do_execute
    cursor.execute(statement, parameters)
  File "/home/ubuntu/careerportal/mss-career-portal/app/linuxvenv/lib/python3.12/site-packages/pymysql/cursors.py", line 159, in execute
    result = self._query(query)
             ^^^^^^^^^^^^^^^^^^
  File "/home/ubuntu/careerportal/mss-career-portal/app/linuxvenv/lib/python3.12/site-packages/pymysql/cursors.py", line 330, in _query
    conn.query(q)
  File "/home/ubuntu/careerportal/mss-career-portal/app/linuxvenv/lib/python3.12/site-packages/pymysql/connections.py", line 581, in query
    self._execute_command(COMMAND.COM_QUERY, sql)
  File "/home/ubuntu/careerportal/mss-career-portal/app/linuxvenv/lib/python3.12/site-packages/pymysql/connections.py", line 886, in _execute_command
    self._write_bytes(packet)
  File "/home/ubuntu/careerportal/mss-career-portal/app/linuxvenv/lib/python3.12/site-packages/pymysql/connections.py", line 837, in _write_bytes
    raise err.OperationalError(
sqlalchemy.exc.OperationalError: (pymysql.err.OperationalError) (2006, "MySQL server has gone away (SSLEOFError(8, 'EOF occurred in violation of protocol (_ssl.c:2406)'))")
[SQL: SELECT job_posts.job_id AS job_posts_job_id, job_posts.job_posted_by AS job_posts_job_posted_by, job_posts.job_title AS job_posts_job_title, job_posts.job_type AS job_posts_job_type, job_posts.job_description AS job_posts_job_description, job_posts.school_name AS job_posts_school_name, job_posts.department AS job_posts_department, job_posts.location AS job_posts_location, job_posts.programme AS job_posts_programme, job_posts.vacancy_count AS job_posts_vacancy_count, job_posts.min_exp AS job_posts_min_exp, job_posts.max_exp AS job_posts_max_exp, job_posts.skills_required AS job_posts_skills_required, job_posts.education_qualification AS job_posts_education_qualification, job_posts.closing_date AS job_posts_closing_date, job_posts.additional_requirements AS job_posts_additional_requirements, job_posts.job_status AS job_posts_job_status, job_posts.views AS job_posts_views, job_posts.created_at AS job_posts_created_at, job_posts.updated_at AS job_posts_updated_at 
FROM job_posts 
WHERE job_posts.job_status = %(job_status_1)s ORDER BY job_posts.updated_at DESC]
[parameters: {'job_status_1': 'publish'}]
(Background on this error at: https://sqlalche.me/e/20/e3q8)
[2026-06-30 04:46:12] INFO in config: Constructing the database URL from environment variables.
[2026-06-30 04:46:12] INFO in database: Database engine created successfully.
[2026-06-30 04:46:12] INFO in main: FastAPI application has started successfully.
[2026-06-30 05:09:54] INFO in auth_crud: Successful login for hr_head email: hrhead.themadrassevasadan.org from IP: 172.69.122.148
[2026-06-30 06:20:44] INFO in auth_crud: Admin ID 3 logged out from IP: 162.158.54.163
[2026-06-30 06:20:56] WARNING in auth_crud: Unauthorized login attempt for email: dhana@gmail.com from IP: 162.158.54.163
[2026-06-30 06:21:29] INFO in auth_crud: New candidate registered with email: dhana@gmail.com from IP: 162.158.54.163
[2026-06-30 06:25:15] INFO in auth_crud: Successful login for candidate email: dhana@gmail.com from IP: 172.69.122.148
[2026-06-30 06:38:30] INFO in job_apply_crud: Job application created: applicant_id=19, mss_app_no=MSS-APP-19, job_id=35, user_id=12
[2026-06-30 06:44:34] INFO in auth_crud: New user created via Google login: s.dhanabalan02@gmail.com from IP: 172.69.122.149
[2026-06-30 06:44:34] INFO in auth_crud: Successful Google login for email: s.dhanabalan02@gmail.com from IP: 172.69.122.149
[2026-06-30 06:52:34] ERROR in main: Unhandled error on PUT /auth/candidate/profile: (pymysql.err.DataError) (1265, "Data truncated for column 'marital_status' at row 1")
[SQL: UPDATE candidate_metadata SET marital_status=%(marital_status)s, updated_at=CURRENT_TIMESTAMP WHERE candidate_metadata.id = %(candidate_metadata_id)s]
[parameters: {'marital_status': '', 'candidate_metadata_id': 5}]
(Background on this error at: https://sqlalche.me/e/20/9h9h)
Traceback (most recent call last):
  File "/home/ubuntu/careerportal/mss-career-portal/app/linuxvenv/lib/python3.12/site-packages/sqlalchemy/engine/base.py", line 1969, in _exec_single_context
    self.dialect.do_execute(
  File "/home/ubuntu/careerportal/mss-career-portal/app/linuxvenv/lib/python3.12/site-packages/sqlalchemy/engine/default.py", line 952, in do_execute
    cursor.execute(statement, parameters)
  File "/home/ubuntu/careerportal/mss-career-portal/app/linuxvenv/lib/python3.12/site-packages/pymysql/cursors.py", line 159, in execute
    result = self._query(query)
             ^^^^^^^^^^^^^^^^^^
  File "/home/ubuntu/careerportal/mss-career-portal/app/linuxvenv/lib/python3.12/site-packages/pymysql/cursors.py", line 330, in _query
    conn.query(q)
  File "/home/ubuntu/careerportal/mss-career-portal/app/linuxvenv/lib/python3.12/site-packages/pymysql/connections.py", line 582, in query
    self._affected_rows = self._read_query_result(unbuffered=unbuffered)
                          ^^^^^^^^^^^^^^^^^^^^^^^^^^^^^^^^^^^^^^^^^^^^^^
  File "/home/ubuntu/careerportal/mss-career-portal/app/linuxvenv/lib/python3.12/site-packages/pymysql/connections.py", line 847, in _read_query_result
    result.read()
  File "/home/ubuntu/careerportal/mss-career-portal/app/linuxvenv/lib/python3.12/site-packages/pymysql/connections.py", line 1245, in read
    first_packet = self.connection._read_packet()
                   ^^^^^^^^^^^^^^^^^^^^^^^^^^^^^^
  File "/home/ubuntu/careerportal/mss-career-portal/app/linuxvenv/lib/python3.12/site-packages/pymysql/connections.py", line 803, in _read_packet
    packet.raise_for_error()
  File "/home/ubuntu/careerportal/mss-career-portal/app/linuxvenv/lib/python3.12/site-packages/pymysql/protocol.py", line 219, in raise_for_error
    err.raise_mysql_exception(self._data)
  File "/home/ubuntu/careerportal/mss-career-portal/app/linuxvenv/lib/python3.12/site-packages/pymysql/err.py", line 154, in raise_mysql_exception
    raise errorclass(errno, errval, sqlstate=sqlstate)
pymysql.err.DataError: (1265, "Data truncated for column 'marital_status' at row 1")

The above exception was the direct cause of the following exception:

Traceback (most recent call last):
  File "/home/ubuntu/careerportal/mss-career-portal/app/main.py", line 38, in dispatch
    return await call_next(request)
           ^^^^^^^^^^^^^^^^^^^^^^^^
  File "/home/ubuntu/careerportal/mss-career-portal/app/linuxvenv/lib/python3.12/site-packages/starlette/middleware/base.py", line 168, in call_next
    raise app_exc from app_exc.__cause__ or app_exc.__context__
  File "/home/ubuntu/careerportal/mss-career-portal/app/linuxvenv/lib/python3.12/site-packages/starlette/middleware/base.py", line 144, in coro
    await self.app(scope, receive_or_disconnect, send_no_error)
  File "/home/ubuntu/careerportal/mss-career-portal/app/linuxvenv/lib/python3.12/site-packages/starlette/middleware/exceptions.py", line 63, in __call__
    await wrap_app_handling_exceptions(self.app, conn)(scope, receive, send)
  File "/home/ubuntu/careerportal/mss-career-portal/app/linuxvenv/lib/python3.12/site-packages/starlette/_exception_handler.py", line 53, in wrapped_app
    raise exc
  File "/home/ubuntu/careerportal/mss-career-portal/app/linuxvenv/lib/python3.12/site-packages/starlette/_exception_handler.py", line 42, in wrapped_app
    await app(scope, receive, sender)
  File "/home/ubuntu/careerportal/mss-career-portal/app/linuxvenv/lib/python3.12/site-packages/fastapi/middleware/asyncexitstack.py", line 18, in __call__
    await self.app(scope, receive, send)
  File "/home/ubuntu/careerportal/mss-career-portal/app/linuxvenv/lib/python3.12/site-packages/starlette/routing.py", line 660, in __call__
    await self.middleware_stack(scope, receive, send)
  File "/home/ubuntu/careerportal/mss-career-portal/app/linuxvenv/lib/python3.12/site-packages/fastapi/routing.py", line 2531, in app
    await route.handle(scope, receive, send)
  File "/home/ubuntu/careerportal/mss-career-portal/app/linuxvenv/lib/python3.12/site-packages/fastapi/routing.py", line 1700, in handle
    await self.original_router.handle(scope, receive, send)
  File "/home/ubuntu/careerportal/mss-career-portal/app/linuxvenv/lib/python3.12/site-packages/fastapi/routing.py", line 2586, in handle
    await included_router._handle_selected(scope, receive, send)
  File "/home/ubuntu/careerportal/mss-career-portal/app/linuxvenv/lib/python3.12/site-packages/fastapi/routing.py", line 1720, in _handle_selected
    await original_route.handle(scope, receive, send)
  File "/home/ubuntu/careerportal/mss-career-portal/app/linuxvenv/lib/python3.12/site-packages/fastapi/routing.py", line 1239, in handle
    await app(scope, receive, send)
  File "/home/ubuntu/careerportal/mss-career-portal/app/linuxvenv/lib/python3.12/site-packages/fastapi/routing.py", line 150, in app
    await wrap_app_handling_exceptions(app, request)(scope, receive, send)
  File "/home/ubuntu/careerportal/mss-career-portal/app/linuxvenv/lib/python3.12/site-packages/starlette/_exception_handler.py", line 53, in wrapped_app
    raise exc
  File "/home/ubuntu/careerportal/mss-career-portal/app/linuxvenv/lib/python3.12/site-packages/starlette/_exception_handler.py", line 42, in wrapped_app
    await app(scope, receive, sender)
  File "/home/ubuntu/careerportal/mss-career-portal/app/linuxvenv/lib/python3.12/site-packages/fastapi/routing.py", line 136, in app
    response = await f(request)
               ^^^^^^^^^^^^^^^^
  File "/home/ubuntu/careerportal/mss-career-portal/app/linuxvenv/lib/python3.12/site-packages/fastapi/routing.py", line 690, in app
    raw_response = await run_endpoint_function(
                   ^^^^^^^^^^^^^^^^^^^^^^^^^^^^
  File "/home/ubuntu/careerportal/mss-career-portal/app/linuxvenv/lib/python3.12/site-packages/fastapi/routing.py", line 346, in run_endpoint_function
    return await run_in_threadpool(dependant.call, **values)
           ^^^^^^^^^^^^^^^^^^^^^^^^^^^^^^^^^^^^^^^^^^^^^^^^^
  File "/home/ubuntu/careerportal/mss-career-portal/app/linuxvenv/lib/python3.12/site-packages/starlette/concurrency.py", line 34, in run_in_threadpool
    return await anyio.to_thread.run_sync(func)
           ^^^^^^^^^^^^^^^^^^^^^^^^^^^^^^^^^^^^
  File "/home/ubuntu/careerportal/mss-career-portal/app/linuxvenv/lib/python3.12/site-packages/anyio/to_thread.py", line 63, in run_sync
    return await get_async_backend().run_sync_in_worker_thread(
           ^^^^^^^^^^^^^^^^^^^^^^^^^^^^^^^^^^^^^^^^^^^^^^^^^^^^
  File "/home/ubuntu/careerportal/mss-career-portal/app/linuxvenv/lib/python3.12/site-packages/anyio/_backends/_asyncio.py", line 2596, in run_sync_in_worker_thread
    return await future
           ^^^^^^^^^^^^
  File "/home/ubuntu/careerportal/mss-career-portal/app/linuxvenv/lib/python3.12/site-packages/anyio/_backends/_asyncio.py", line 1029, in run
    result = context.run(func, *args)
             ^^^^^^^^^^^^^^^^^^^^^^^^
  File "/home/ubuntu/careerportal/mss-career-portal/app/routes/auth_route.py", line 261, in update_candidate_profile
    return update_candidate_profile_db(db, user_id=candidate_id, data=form_data.model_dump(exclude_unset=True))
           ^^^^^^^^^^^^^^^^^^^^^^^^^^^^^^^^^^^^^^^^^^^^^^^^^^^^^^^^^^^^^^^^^^^^^^^^^^^^^^^^^^^^^^^^^^^^^^^^^^^^
  File "/home/ubuntu/careerportal/mss-career-portal/app/crud/auth_crud.py", line 524, in update_candidate_profile_db
    db.commit()
  File "/home/ubuntu/careerportal/mss-career-portal/app/linuxvenv/lib/python3.12/site-packages/sqlalchemy/orm/session.py", line 2035, in commit
    trans.commit(_to_root=True)
  File "<string>", line 2, in commit
  File "/home/ubuntu/careerportal/mss-career-portal/app/linuxvenv/lib/python3.12/site-packages/sqlalchemy/orm/state_changes.py", line 137, in _go
    ret_value = fn(self, *arg, **kw)
                ^^^^^^^^^^^^^^^^^^^^
  File "/home/ubuntu/careerportal/mss-career-portal/app/linuxvenv/lib/python3.12/site-packages/sqlalchemy/orm/session.py", line 1316, in commit
    self._prepare_impl()
  File "<string>", line 2, in _prepare_impl
  File "/home/ubuntu/careerportal/mss-career-portal/app/linuxvenv/lib/python3.12/site-packages/sqlalchemy/orm/state_changes.py", line 137, in _go
    ret_value = fn(self, *arg, **kw)
                ^^^^^^^^^^^^^^^^^^^^
  File "/home/ubuntu/careerportal/mss-career-portal/app/linuxvenv/lib/python3.12/site-packages/sqlalchemy/orm/session.py", line 1290, in _prepare_impl
    self.session.flush()
  File "/home/ubuntu/careerportal/mss-career-portal/app/linuxvenv/lib/python3.12/site-packages/sqlalchemy/orm/session.py", line 4353, in flush
    self._flush(objects)
  File "/home/ubuntu/careerportal/mss-career-portal/app/linuxvenv/lib/python3.12/site-packages/sqlalchemy/orm/session.py", line 4488, in _flush
    with util.safe_reraise():
  File "/home/ubuntu/careerportal/mss-career-portal/app/linuxvenv/lib/python3.12/site-packages/sqlalchemy/util/langhelpers.py", line 122, in __exit__
    raise exc_value.with_traceback(exc_tb)
  File "/home/ubuntu/careerportal/mss-career-portal/app/linuxvenv/lib/python3.12/site-packages/sqlalchemy/orm/session.py", line 4449, in _flush
    flush_context.execute()
  File "/home/ubuntu/careerportal/mss-career-portal/app/linuxvenv/lib/python3.12/site-packages/sqlalchemy/orm/unitofwork.py", line 465, in execute
    rec.execute(self)
  File "/home/ubuntu/careerportal/mss-career-portal/app/linuxvenv/lib/python3.12/site-packages/sqlalchemy/orm/unitofwork.py", line 641, in execute
    util.preloaded.orm_persistence.save_obj(
  File "/home/ubuntu/careerportal/mss-career-portal/app/linuxvenv/lib/python3.12/site-packages/sqlalchemy/orm/persistence.py", line 86, in save_obj
    _emit_update_statements(
  File "/home/ubuntu/careerportal/mss-career-portal/app/linuxvenv/lib/python3.12/site-packages/sqlalchemy/orm/persistence.py", line 913, in _emit_update_statements
    c = connection.execute(
        ^^^^^^^^^^^^^^^^^^^
  File "/home/ubuntu/careerportal/mss-career-portal/app/linuxvenv/lib/python3.12/site-packages/sqlalchemy/engine/base.py", line 1421, in execute
    return meth(
           ^^^^^
  File "/home/ubuntu/careerportal/mss-career-portal/app/linuxvenv/lib/python3.12/site-packages/sqlalchemy/sql/elements.py", line 526, in _execute_on_connection
    return connection._execute_clauseelement(
           ^^^^^^^^^^^^^^^^^^^^^^^^^^^^^^^^^^
  File "/home/ubuntu/careerportal/mss-career-portal/app/linuxvenv/lib/python3.12/site-packages/sqlalchemy/engine/base.py", line 1643, in _execute_clauseelement
    ret = self._execute_context(
          ^^^^^^^^^^^^^^^^^^^^^^
  File "/home/ubuntu/careerportal/mss-career-portal/app/linuxvenv/lib/python3.12/site-packages/sqlalchemy/engine/base.py", line 1848, in _execute_context
    return self._exec_single_context(
           ^^^^^^^^^^^^^^^^^^^^^^^^^^
  File "/home/ubuntu/careerportal/mss-career-portal/app/linuxvenv/lib/python3.12/site-packages/sqlalchemy/engine/base.py", line 1988, in _exec_single_context
    self._handle_dbapi_exception(
  File "/home/ubuntu/careerportal/mss-career-portal/app/linuxvenv/lib/python3.12/site-packages/sqlalchemy/engine/base.py", line 2365, in _handle_dbapi_exception
    raise sqlalchemy_exception.with_traceback(exc_info[2]) from e
  File "/home/ubuntu/careerportal/mss-career-portal/app/linuxvenv/lib/python3.12/site-packages/sqlalchemy/engine/base.py", line 1969, in _exec_single_context
    self.dialect.do_execute(
  File "/home/ubuntu/careerportal/mss-career-portal/app/linuxvenv/lib/python3.12/site-packages/sqlalchemy/engine/default.py", line 952, in do_execute
    cursor.execute(statement, parameters)
  File "/home/ubuntu/careerportal/mss-career-portal/app/linuxvenv/lib/python3.12/site-packages/pymysql/cursors.py", line 159, in execute
    result = self._query(query)
             ^^^^^^^^^^^^^^^^^^
  File "/home/ubuntu/careerportal/mss-career-portal/app/linuxvenv/lib/python3.12/site-packages/pymysql/cursors.py", line 330, in _query
    conn.query(q)
  File "/home/ubuntu/careerportal/mss-career-portal/app/linuxvenv/lib/python3.12/site-packages/pymysql/connections.py", line 582, in query
    self._affected_rows = self._read_query_result(unbuffered=unbuffered)
                          ^^^^^^^^^^^^^^^^^^^^^^^^^^^^^^^^^^^^^^^^^^^^^^
  File "/home/ubuntu/careerportal/mss-career-portal/app/linuxvenv/lib/python3.12/site-packages/pymysql/connections.py", line 847, in _read_query_result
    result.read()
  File "/home/ubuntu/careerportal/mss-career-portal/app/linuxvenv/lib/python3.12/site-packages/pymysql/connections.py", line 1245, in read
    first_packet = self.connection._read_packet()
                   ^^^^^^^^^^^^^^^^^^^^^^^^^^^^^^
  File "/home/ubuntu/careerportal/mss-career-portal/app/linuxvenv/lib/python3.12/site-packages/pymysql/connections.py", line 803, in _read_packet
    packet.raise_for_error()
  File "/home/ubuntu/careerportal/mss-career-portal/app/linuxvenv/lib/python3.12/site-packages/pymysql/protocol.py", line 219, in raise_for_error
    err.raise_mysql_exception(self._data)
  File "/home/ubuntu/careerportal/mss-career-portal/app/linuxvenv/lib/python3.12/site-packages/pymysql/err.py", line 154, in raise_mysql_exception
    raise errorclass(errno, errval, sqlstate=sqlstate)
sqlalchemy.exc.DataError: (pymysql.err.DataError) (1265, "Data truncated for column 'marital_status' at row 1")
[SQL: UPDATE candidate_metadata SET marital_status=%(marital_status)s, updated_at=CURRENT_TIMESTAMP WHERE candidate_metadata.id = %(candidate_metadata_id)s]
[parameters: {'marital_status': '', 'candidate_metadata_id': 5}]
(Background on this error at: https://sqlalche.me/e/20/9h9h)
[2026-06-30 06:52:37] ERROR in main: Unhandled error on PUT /auth/candidate/profile: (pymysql.err.DataError) (1265, "Data truncated for column 'marital_status' at row 1")
[SQL: UPDATE candidate_metadata SET marital_status=%(marital_status)s, updated_at=CURRENT_TIMESTAMP WHERE candidate_metadata.id = %(candidate_metadata_id)s]
[parameters: {'marital_status': '', 'candidate_metadata_id': 5}]
(Background on this error at: https://sqlalche.me/e/20/9h9h)
Traceback (most recent call last):
  File "/home/ubuntu/careerportal/mss-career-portal/app/linuxvenv/lib/python3.12/site-packages/sqlalchemy/engine/base.py", line 1969, in _exec_single_context
    self.dialect.do_execute(
  File "/home/ubuntu/careerportal/mss-career-portal/app/linuxvenv/lib/python3.12/site-packages/sqlalchemy/engine/default.py", line 952, in do_execute
    cursor.execute(statement, parameters)
  File "/home/ubuntu/careerportal/mss-career-portal/app/linuxvenv/lib/python3.12/site-packages/pymysql/cursors.py", line 159, in execute
    result = self._query(query)
             ^^^^^^^^^^^^^^^^^^
  File "/home/ubuntu/careerportal/mss-career-portal/app/linuxvenv/lib/python3.12/site-packages/pymysql/cursors.py", line 330, in _query
    conn.query(q)
  File "/home/ubuntu/careerportal/mss-career-portal/app/linuxvenv/lib/python3.12/site-packages/pymysql/connections.py", line 582, in query
    self._affected_rows = self._read_query_result(unbuffered=unbuffered)
                          ^^^^^^^^^^^^^^^^^^^^^^^^^^^^^^^^^^^^^^^^^^^^^^
  File "/home/ubuntu/careerportal/mss-career-portal/app/linuxvenv/lib/python3.12/site-packages/pymysql/connections.py", line 847, in _read_query_result
    result.read()
  File "/home/ubuntu/careerportal/mss-career-portal/app/linuxvenv/lib/python3.12/site-packages/pymysql/connections.py", line 1245, in read
    first_packet = self.connection._read_packet()
                   ^^^^^^^^^^^^^^^^^^^^^^^^^^^^^^
  File "/home/ubuntu/careerportal/mss-career-portal/app/linuxvenv/lib/python3.12/site-packages/pymysql/connections.py", line 803, in _read_packet
    packet.raise_for_error()
  File "/home/ubuntu/careerportal/mss-career-portal/app/linuxvenv/lib/python3.12/site-packages/pymysql/protocol.py", line 219, in raise_for_error
    err.raise_mysql_exception(self._data)
  File "/home/ubuntu/careerportal/mss-career-portal/app/linuxvenv/lib/python3.12/site-packages/pymysql/err.py", line 154, in raise_mysql_exception
    raise errorclass(errno, errval, sqlstate=sqlstate)
pymysql.err.DataError: (1265, "Data truncated for column 'marital_status' at row 1")

The above exception was the direct cause of the following exception:

Traceback (most recent call last):
  File "/home/ubuntu/careerportal/mss-career-portal/app/main.py", line 38, in dispatch
    return await call_next(request)
           ^^^^^^^^^^^^^^^^^^^^^^^^
  File "/home/ubuntu/careerportal/mss-career-portal/app/linuxvenv/lib/python3.12/site-packages/starlette/middleware/base.py", line 168, in call_next
    raise app_exc from app_exc.__cause__ or app_exc.__context__
  File "/home/ubuntu/careerportal/mss-career-portal/app/linuxvenv/lib/python3.12/site-packages/starlette/middleware/base.py", line 144, in coro
    await self.app(scope, receive_or_disconnect, send_no_error)
  File "/home/ubuntu/careerportal/mss-career-portal/app/linuxvenv/lib/python3.12/site-packages/starlette/middleware/exceptions.py", line 63, in __call__
    await wrap_app_handling_exceptions(self.app, conn)(scope, receive, send)
  File "/home/ubuntu/careerportal/mss-career-portal/app/linuxvenv/lib/python3.12/site-packages/starlette/_exception_handler.py", line 53, in wrapped_app
    raise exc
  File "/home/ubuntu/careerportal/mss-career-portal/app/linuxvenv/lib/python3.12/site-packages/starlette/_exception_handler.py", line 42, in wrapped_app
    await app(scope, receive, sender)
  File "/home/ubuntu/careerportal/mss-career-portal/app/linuxvenv/lib/python3.12/site-packages/fastapi/middleware/asyncexitstack.py", line 18, in __call__
    await self.app(scope, receive, send)
  File "/home/ubuntu/careerportal/mss-career-portal/app/linuxvenv/lib/python3.12/site-packages/starlette/routing.py", line 660, in __call__
    await self.middleware_stack(scope, receive, send)
  File "/home/ubuntu/careerportal/mss-career-portal/app/linuxvenv/lib/python3.12/site-packages/fastapi/routing.py", line 2531, in app
    await route.handle(scope, receive, send)
  File "/home/ubuntu/careerportal/mss-career-portal/app/linuxvenv/lib/python3.12/site-packages/fastapi/routing.py", line 1700, in handle
    await self.original_router.handle(scope, receive, send)
  File "/home/ubuntu/careerportal/mss-career-portal/app/linuxvenv/lib/python3.12/site-packages/fastapi/routing.py", line 2586, in handle
    await included_router._handle_selected(scope, receive, send)
  File "/home/ubuntu/careerportal/mss-career-portal/app/linuxvenv/lib/python3.12/site-packages/fastapi/routing.py", line 1720, in _handle_selected
    await original_route.handle(scope, receive, send)
  File "/home/ubuntu/careerportal/mss-career-portal/app/linuxvenv/lib/python3.12/site-packages/fastapi/routing.py", line 1239, in handle
    await app(scope, receive, send)
  File "/home/ubuntu/careerportal/mss-career-portal/app/linuxvenv/lib/python3.12/site-packages/fastapi/routing.py", line 150, in app
    await wrap_app_handling_exceptions(app, request)(scope, receive, send)
  File "/home/ubuntu/careerportal/mss-career-portal/app/linuxvenv/lib/python3.12/site-packages/starlette/_exception_handler.py", line 53, in wrapped_app
    raise exc
  File "/home/ubuntu/careerportal/mss-career-portal/app/linuxvenv/lib/python3.12/site-packages/starlette/_exception_handler.py", line 42, in wrapped_app
    await app(scope, receive, sender)
  File "/home/ubuntu/careerportal/mss-career-portal/app/linuxvenv/lib/python3.12/site-packages/fastapi/routing.py", line 136, in app
    response = await f(request)
               ^^^^^^^^^^^^^^^^
  File "/home/ubuntu/careerportal/mss-career-portal/app/linuxvenv/lib/python3.12/site-packages/fastapi/routing.py", line 690, in app
    raw_response = await run_endpoint_function(
                   ^^^^^^^^^^^^^^^^^^^^^^^^^^^^
  File "/home/ubuntu/careerportal/mss-career-portal/app/linuxvenv/lib/python3.12/site-packages/fastapi/routing.py", line 346, in run_endpoint_function
    return await run_in_threadpool(dependant.call, **values)
           ^^^^^^^^^^^^^^^^^^^^^^^^^^^^^^^^^^^^^^^^^^^^^^^^^
  File "/home/ubuntu/careerportal/mss-career-portal/app/linuxvenv/lib/python3.12/site-packages/starlette/concurrency.py", line 34, in run_in_threadpool
    return await anyio.to_thread.run_sync(func)
           ^^^^^^^^^^^^^^^^^^^^^^^^^^^^^^^^^^^^
  File "/home/ubuntu/careerportal/mss-career-portal/app/linuxvenv/lib/python3.12/site-packages/anyio/to_thread.py", line 63, in run_sync
    return await get_async_backend().run_sync_in_worker_thread(
           ^^^^^^^^^^^^^^^^^^^^^^^^^^^^^^^^^^^^^^^^^^^^^^^^^^^^
  File "/home/ubuntu/careerportal/mss-career-portal/app/linuxvenv/lib/python3.12/site-packages/anyio/_backends/_asyncio.py", line 2596, in run_sync_in_worker_thread
    return await future
           ^^^^^^^^^^^^
  File "/home/ubuntu/careerportal/mss-career-portal/app/linuxvenv/lib/python3.12/site-packages/anyio/_backends/_asyncio.py", line 1029, in run
    result = context.run(func, *args)
             ^^^^^^^^^^^^^^^^^^^^^^^^
  File "/home/ubuntu/careerportal/mss-career-portal/app/routes/auth_route.py", line 261, in update_candidate_profile
    return update_candidate_profile_db(db, user_id=candidate_id, data=form_data.model_dump(exclude_unset=True))
           ^^^^^^^^^^^^^^^^^^^^^^^^^^^^^^^^^^^^^^^^^^^^^^^^^^^^^^^^^^^^^^^^^^^^^^^^^^^^^^^^^^^^^^^^^^^^^^^^^^^^
  File "/home/ubuntu/careerportal/mss-career-portal/app/crud/auth_crud.py", line 524, in update_candidate_profile_db
    db.commit()
  File "/home/ubuntu/careerportal/mss-career-portal/app/linuxvenv/lib/python3.12/site-packages/sqlalchemy/orm/session.py", line 2035, in commit
    trans.commit(_to_root=True)
  File "<string>", line 2, in commit
  File "/home/ubuntu/careerportal/mss-career-portal/app/linuxvenv/lib/python3.12/site-packages/sqlalchemy/orm/state_changes.py", line 137, in _go
    ret_value = fn(self, *arg, **kw)
                ^^^^^^^^^^^^^^^^^^^^
  File "/home/ubuntu/careerportal/mss-career-portal/app/linuxvenv/lib/python3.12/site-packages/sqlalchemy/orm/session.py", line 1316, in commit
    self._prepare_impl()
  File "<string>", line 2, in _prepare_impl
  File "/home/ubuntu/careerportal/mss-career-portal/app/linuxvenv/lib/python3.12/site-packages/sqlalchemy/orm/state_changes.py", line 137, in _go
    ret_value = fn(self, *arg, **kw)
                ^^^^^^^^^^^^^^^^^^^^
  File "/home/ubuntu/careerportal/mss-career-portal/app/linuxvenv/lib/python3.12/site-packages/sqlalchemy/orm/session.py", line 1290, in _prepare_impl
    self.session.flush()
  File "/home/ubuntu/careerportal/mss-career-portal/app/linuxvenv/lib/python3.12/site-packages/sqlalchemy/orm/session.py", line 4353, in flush
    self._flush(objects)
  File "/home/ubuntu/careerportal/mss-career-portal/app/linuxvenv/lib/python3.12/site-packages/sqlalchemy/orm/session.py", line 4488, in _flush
    with util.safe_reraise():
  File "/home/ubuntu/careerportal/mss-career-portal/app/linuxvenv/lib/python3.12/site-packages/sqlalchemy/util/langhelpers.py", line 122, in __exit__
    raise exc_value.with_traceback(exc_tb)
  File "/home/ubuntu/careerportal/mss-career-portal/app/linuxvenv/lib/python3.12/site-packages/sqlalchemy/orm/session.py", line 4449, in _flush
    flush_context.execute()
  File "/home/ubuntu/careerportal/mss-career-portal/app/linuxvenv/lib/python3.12/site-packages/sqlalchemy/orm/unitofwork.py", line 465, in execute
    rec.execute(self)
  File "/home/ubuntu/careerportal/mss-career-portal/app/linuxvenv/lib/python3.12/site-packages/sqlalchemy/orm/unitofwork.py", line 641, in execute
    util.preloaded.orm_persistence.save_obj(
  File "/home/ubuntu/careerportal/mss-career-portal/app/linuxvenv/lib/python3.12/site-packages/sqlalchemy/orm/persistence.py", line 86, in save_obj
    _emit_update_statements(
  File "/home/ubuntu/careerportal/mss-career-portal/app/linuxvenv/lib/python3.12/site-packages/sqlalchemy/orm/persistence.py", line 913, in _emit_update_statements
    c = connection.execute(
        ^^^^^^^^^^^^^^^^^^^
  File "/home/ubuntu/careerportal/mss-career-portal/app/linuxvenv/lib/python3.12/site-packages/sqlalchemy/engine/base.py", line 1421, in execute
    return meth(
           ^^^^^
  File "/home/ubuntu/careerportal/mss-career-portal/app/linuxvenv/lib/python3.12/site-packages/sqlalchemy/sql/elements.py", line 526, in _execute_on_connection
    return connection._execute_clauseelement(
           ^^^^^^^^^^^^^^^^^^^^^^^^^^^^^^^^^^
  File "/home/ubuntu/careerportal/mss-career-portal/app/linuxvenv/lib/python3.12/site-packages/sqlalchemy/engine/base.py", line 1643, in _execute_clauseelement
    ret = self._execute_context(
          ^^^^^^^^^^^^^^^^^^^^^^
  File "/home/ubuntu/careerportal/mss-career-portal/app/linuxvenv/lib/python3.12/site-packages/sqlalchemy/engine/base.py", line 1848, in _execute_context
    return self._exec_single_context(
           ^^^^^^^^^^^^^^^^^^^^^^^^^^
  File "/home/ubuntu/careerportal/mss-career-portal/app/linuxvenv/lib/python3.12/site-packages/sqlalchemy/engine/base.py", line 1988, in _exec_single_context
    self._handle_dbapi_exception(
  File "/home/ubuntu/careerportal/mss-career-portal/app/linuxvenv/lib/python3.12/site-packages/sqlalchemy/engine/base.py", line 2365, in _handle_dbapi_exception
    raise sqlalchemy_exception.with_traceback(exc_info[2]) from e
  File "/home/ubuntu/careerportal/mss-career-portal/app/linuxvenv/lib/python3.12/site-packages/sqlalchemy/engine/base.py", line 1969, in _exec_single_context
    self.dialect.do_execute(
  File "/home/ubuntu/careerportal/mss-career-portal/app/linuxvenv/lib/python3.12/site-packages/sqlalchemy/engine/default.py", line 952, in do_execute
    cursor.execute(statement, parameters)
  File "/home/ubuntu/careerportal/mss-career-portal/app/linuxvenv/lib/python3.12/site-packages/pymysql/cursors.py", line 159, in execute
    result = self._query(query)
             ^^^^^^^^^^^^^^^^^^
  File "/home/ubuntu/careerportal/mss-career-portal/app/linuxvenv/lib/python3.12/site-packages/pymysql/cursors.py", line 330, in _query
    conn.query(q)
  File "/home/ubuntu/careerportal/mss-career-portal/app/linuxvenv/lib/python3.12/site-packages/pymysql/connections.py", line 582, in query
    self._affected_rows = self._read_query_result(unbuffered=unbuffered)
                          ^^^^^^^^^^^^^^^^^^^^^^^^^^^^^^^^^^^^^^^^^^^^^^
  File "/home/ubuntu/careerportal/mss-career-portal/app/linuxvenv/lib/python3.12/site-packages/pymysql/connections.py", line 847, in _read_query_result
    result.read()
  File "/home/ubuntu/careerportal/mss-career-portal/app/linuxvenv/lib/python3.12/site-packages/pymysql/connections.py", line 1245, in read
    first_packet = self.connection._read_packet()
                   ^^^^^^^^^^^^^^^^^^^^^^^^^^^^^^
  File "/home/ubuntu/careerportal/mss-career-portal/app/linuxvenv/lib/python3.12/site-packages/pymysql/connections.py", line 803, in _read_packet
    packet.raise_for_error()
  File "/home/ubuntu/careerportal/mss-career-portal/app/linuxvenv/lib/python3.12/site-packages/pymysql/protocol.py", line 219, in raise_for_error
    err.raise_mysql_exception(self._data)
  File "/home/ubuntu/careerportal/mss-career-portal/app/linuxvenv/lib/python3.12/site-packages/pymysql/err.py", line 154, in raise_mysql_exception
    raise errorclass(errno, errval, sqlstate=sqlstate)
sqlalchemy.exc.DataError: (pymysql.err.DataError) (1265, "Data truncated for column 'marital_status' at row 1")
[SQL: UPDATE candidate_metadata SET marital_status=%(marital_status)s, updated_at=CURRENT_TIMESTAMP WHERE candidate_metadata.id = %(candidate_metadata_id)s]
[parameters: {'marital_status': '', 'candidate_metadata_id': 5}]
(Background on this error at: https://sqlalche.me/e/20/9h9h)
[2026-06-30 06:53:08] ERROR in main: Unhandled error on PUT /auth/candidate/profile: (pymysql.err.DataError) (1265, "Data truncated for column 'marital_status' at row 1")
[SQL: UPDATE candidate_metadata SET marital_status=%(marital_status)s, updated_at=CURRENT_TIMESTAMP WHERE candidate_metadata.id = %(candidate_metadata_id)s]
[parameters: {'marital_status': '', 'candidate_metadata_id': 5}]
(Background on this error at: https://sqlalche.me/e/20/9h9h)
Traceback (most recent call last):
  File "/home/ubuntu/careerportal/mss-career-portal/app/linuxvenv/lib/python3.12/site-packages/sqlalchemy/engine/base.py", line 1969, in _exec_single_context
    self.dialect.do_execute(
  File "/home/ubuntu/careerportal/mss-career-portal/app/linuxvenv/lib/python3.12/site-packages/sqlalchemy/engine/default.py", line 952, in do_execute
    cursor.execute(statement, parameters)
  File "/home/ubuntu/careerportal/mss-career-portal/app/linuxvenv/lib/python3.12/site-packages/pymysql/cursors.py", line 159, in execute
    result = self._query(query)
             ^^^^^^^^^^^^^^^^^^
  File "/home/ubuntu/careerportal/mss-career-portal/app/linuxvenv/lib/python3.12/site-packages/pymysql/cursors.py", line 330, in _query
    conn.query(q)
  File "/home/ubuntu/careerportal/mss-career-portal/app/linuxvenv/lib/python3.12/site-packages/pymysql/connections.py", line 582, in query
    self._affected_rows = self._read_query_result(unbuffered=unbuffered)
                          ^^^^^^^^^^^^^^^^^^^^^^^^^^^^^^^^^^^^^^^^^^^^^^
  File "/home/ubuntu/careerportal/mss-career-portal/app/linuxvenv/lib/python3.12/site-packages/pymysql/connections.py", line 847, in _read_query_result
    result.read()
  File "/home/ubuntu/careerportal/mss-career-portal/app/linuxvenv/lib/python3.12/site-packages/pymysql/connections.py", line 1245, in read
    first_packet = self.connection._read_packet()
                   ^^^^^^^^^^^^^^^^^^^^^^^^^^^^^^
  File "/home/ubuntu/careerportal/mss-career-portal/app/linuxvenv/lib/python3.12/site-packages/pymysql/connections.py", line 803, in _read_packet
    packet.raise_for_error()
  File "/home/ubuntu/careerportal/mss-career-portal/app/linuxvenv/lib/python3.12/site-packages/pymysql/protocol.py", line 219, in raise_for_error
    err.raise_mysql_exception(self._data)
  File "/home/ubuntu/careerportal/mss-career-portal/app/linuxvenv/lib/python3.12/site-packages/pymysql/err.py", line 154, in raise_mysql_exception
    raise errorclass(errno, errval, sqlstate=sqlstate)
pymysql.err.DataError: (1265, "Data truncated for column 'marital_status' at row 1")

The above exception was the direct cause of the following exception:

Traceback (most recent call last):
  File "/home/ubuntu/careerportal/mss-career-portal/app/main.py", line 38, in dispatch
    return await call_next(request)
           ^^^^^^^^^^^^^^^^^^^^^^^^
  File "/home/ubuntu/careerportal/mss-career-portal/app/linuxvenv/lib/python3.12/site-packages/starlette/middleware/base.py", line 168, in call_next
    raise app_exc from app_exc.__cause__ or app_exc.__context__
  File "/home/ubuntu/careerportal/mss-career-portal/app/linuxvenv/lib/python3.12/site-packages/starlette/middleware/base.py", line 144, in coro
    await self.app(scope, receive_or_disconnect, send_no_error)
  File "/home/ubuntu/careerportal/mss-career-portal/app/linuxvenv/lib/python3.12/site-packages/starlette/middleware/exceptions.py", line 63, in __call__
    await wrap_app_handling_exceptions(self.app, conn)(scope, receive, send)
  File "/home/ubuntu/careerportal/mss-career-portal/app/linuxvenv/lib/python3.12/site-packages/starlette/_exception_handler.py", line 53, in wrapped_app
    raise exc
  File "/home/ubuntu/careerportal/mss-career-portal/app/linuxvenv/lib/python3.12/site-packages/starlette/_exception_handler.py", line 42, in wrapped_app
    await app(scope, receive, sender)
  File "/home/ubuntu/careerportal/mss-career-portal/app/linuxvenv/lib/python3.12/site-packages/fastapi/middleware/asyncexitstack.py", line 18, in __call__
    await self.app(scope, receive, send)
  File "/home/ubuntu/careerportal/mss-career-portal/app/linuxvenv/lib/python3.12/site-packages/starlette/routing.py", line 660, in __call__
    await self.middleware_stack(scope, receive, send)
  File "/home/ubuntu/careerportal/mss-career-portal/app/linuxvenv/lib/python3.12/site-packages/fastapi/routing.py", line 2531, in app
    await route.handle(scope, receive, send)
  File "/home/ubuntu/careerportal/mss-career-portal/app/linuxvenv/lib/python3.12/site-packages/fastapi/routing.py", line 1700, in handle
    await self.original_router.handle(scope, receive, send)
  File "/home/ubuntu/careerportal/mss-career-portal/app/linuxvenv/lib/python3.12/site-packages/fastapi/routing.py", line 2586, in handle
    await included_router._handle_selected(scope, receive, send)
  File "/home/ubuntu/careerportal/mss-career-portal/app/linuxvenv/lib/python3.12/site-packages/fastapi/routing.py", line 1720, in _handle_selected
    await original_route.handle(scope, receive, send)
  File "/home/ubuntu/careerportal/mss-career-portal/app/linuxvenv/lib/python3.12/site-packages/fastapi/routing.py", line 1239, in handle
    await app(scope, receive, send)
  File "/home/ubuntu/careerportal/mss-career-portal/app/linuxvenv/lib/python3.12/site-packages/fastapi/routing.py", line 150, in app
    await wrap_app_handling_exceptions(app, request)(scope, receive, send)
  File "/home/ubuntu/careerportal/mss-career-portal/app/linuxvenv/lib/python3.12/site-packages/starlette/_exception_handler.py", line 53, in wrapped_app
    raise exc
  File "/home/ubuntu/careerportal/mss-career-portal/app/linuxvenv/lib/python3.12/site-packages/starlette/_exception_handler.py", line 42, in wrapped_app
    await app(scope, receive, sender)
  File "/home/ubuntu/careerportal/mss-career-portal/app/linuxvenv/lib/python3.12/site-packages/fastapi/routing.py", line 136, in app
    response = await f(request)
               ^^^^^^^^^^^^^^^^
  File "/home/ubuntu/careerportal/mss-career-portal/app/linuxvenv/lib/python3.12/site-packages/fastapi/routing.py", line 690, in app
    raw_response = await run_endpoint_function(
                   ^^^^^^^^^^^^^^^^^^^^^^^^^^^^
  File "/home/ubuntu/careerportal/mss-career-portal/app/linuxvenv/lib/python3.12/site-packages/fastapi/routing.py", line 346, in run_endpoint_function
    return await run_in_threadpool(dependant.call, **values)
           ^^^^^^^^^^^^^^^^^^^^^^^^^^^^^^^^^^^^^^^^^^^^^^^^^
  File "/home/ubuntu/careerportal/mss-career-portal/app/linuxvenv/lib/python3.12/site-packages/starlette/concurrency.py", line 34, in run_in_threadpool
    return await anyio.to_thread.run_sync(func)
           ^^^^^^^^^^^^^^^^^^^^^^^^^^^^^^^^^^^^
  File "/home/ubuntu/careerportal/mss-career-portal/app/linuxvenv/lib/python3.12/site-packages/anyio/to_thread.py", line 63, in run_sync
    return await get_async_backend().run_sync_in_worker_thread(
           ^^^^^^^^^^^^^^^^^^^^^^^^^^^^^^^^^^^^^^^^^^^^^^^^^^^^
  File "/home/ubuntu/careerportal/mss-career-portal/app/linuxvenv/lib/python3.12/site-packages/anyio/_backends/_asyncio.py", line 2596, in run_sync_in_worker_thread
    return await future
           ^^^^^^^^^^^^
  File "/home/ubuntu/careerportal/mss-career-portal/app/linuxvenv/lib/python3.12/site-packages/anyio/_backends/_asyncio.py", line 1029, in run
    result = context.run(func, *args)
             ^^^^^^^^^^^^^^^^^^^^^^^^
  File "/home/ubuntu/careerportal/mss-career-portal/app/routes/auth_route.py", line 261, in update_candidate_profile
    return update_candidate_profile_db(db, user_id=candidate_id, data=form_data.model_dump(exclude_unset=True))
           ^^^^^^^^^^^^^^^^^^^^^^^^^^^^^^^^^^^^^^^^^^^^^^^^^^^^^^^^^^^^^^^^^^^^^^^^^^^^^^^^^^^^^^^^^^^^^^^^^^^^
  File "/home/ubuntu/careerportal/mss-career-portal/app/crud/auth_crud.py", line 524, in update_candidate_profile_db
    db.commit()
  File "/home/ubuntu/careerportal/mss-career-portal/app/linuxvenv/lib/python3.12/site-packages/sqlalchemy/orm/session.py", line 2035, in commit
    trans.commit(_to_root=True)
  File "<string>", line 2, in commit
  File "/home/ubuntu/careerportal/mss-career-portal/app/linuxvenv/lib/python3.12/site-packages/sqlalchemy/orm/state_changes.py", line 137, in _go
    ret_value = fn(self, *arg, **kw)
                ^^^^^^^^^^^^^^^^^^^^
  File "/home/ubuntu/careerportal/mss-career-portal/app/linuxvenv/lib/python3.12/site-packages/sqlalchemy/orm/session.py", line 1316, in commit
    self._prepare_impl()
  File "<string>", line 2, in _prepare_impl
  File "/home/ubuntu/careerportal/mss-career-portal/app/linuxvenv/lib/python3.12/site-packages/sqlalchemy/orm/state_changes.py", line 137, in _go
    ret_value = fn(self, *arg, **kw)
                ^^^^^^^^^^^^^^^^^^^^
  File "/home/ubuntu/careerportal/mss-career-portal/app/linuxvenv/lib/python3.12/site-packages/sqlalchemy/orm/session.py", line 1290, in _prepare_impl
    self.session.flush()
  File "/home/ubuntu/careerportal/mss-career-portal/app/linuxvenv/lib/python3.12/site-packages/sqlalchemy/orm/session.py", line 4353, in flush
    self._flush(objects)
  File "/home/ubuntu/careerportal/mss-career-portal/app/linuxvenv/lib/python3.12/site-packages/sqlalchemy/orm/session.py", line 4488, in _flush
    with util.safe_reraise():
  File "/home/ubuntu/careerportal/mss-career-portal/app/linuxvenv/lib/python3.12/site-packages/sqlalchemy/util/langhelpers.py", line 122, in __exit__
    raise exc_value.with_traceback(exc_tb)
  File "/home/ubuntu/careerportal/mss-career-portal/app/linuxvenv/lib/python3.12/site-packages/sqlalchemy/orm/session.py", line 4449, in _flush
    flush_context.execute()
  File "/home/ubuntu/careerportal/mss-career-portal/app/linuxvenv/lib/python3.12/site-packages/sqlalchemy/orm/unitofwork.py", line 465, in execute
    rec.execute(self)
  File "/home/ubuntu/careerportal/mss-career-portal/app/linuxvenv/lib/python3.12/site-packages/sqlalchemy/orm/unitofwork.py", line 641, in execute
    util.preloaded.orm_persistence.save_obj(
  File "/home/ubuntu/careerportal/mss-career-portal/app/linuxvenv/lib/python3.12/site-packages/sqlalchemy/orm/persistence.py", line 86, in save_obj
    _emit_update_statements(
  File "/home/ubuntu/careerportal/mss-career-portal/app/linuxvenv/lib/python3.12/site-packages/sqlalchemy/orm/persistence.py", line 913, in _emit_update_statements
    c = connection.execute(
        ^^^^^^^^^^^^^^^^^^^
  File "/home/ubuntu/careerportal/mss-career-portal/app/linuxvenv/lib/python3.12/site-packages/sqlalchemy/engine/base.py", line 1421, in execute
    return meth(
           ^^^^^
  File "/home/ubuntu/careerportal/mss-career-portal/app/linuxvenv/lib/python3.12/site-packages/sqlalchemy/sql/elements.py", line 526, in _execute_on_connection
    return connection._execute_clauseelement(
           ^^^^^^^^^^^^^^^^^^^^^^^^^^^^^^^^^^
  File "/home/ubuntu/careerportal/mss-career-portal/app/linuxvenv/lib/python3.12/site-packages/sqlalchemy/engine/base.py", line 1643, in _execute_clauseelement
    ret = self._execute_context(
          ^^^^^^^^^^^^^^^^^^^^^^
  File "/home/ubuntu/careerportal/mss-career-portal/app/linuxvenv/lib/python3.12/site-packages/sqlalchemy/engine/base.py", line 1848, in _execute_context
    return self._exec_single_context(
           ^^^^^^^^^^^^^^^^^^^^^^^^^^
  File "/home/ubuntu/careerportal/mss-career-portal/app/linuxvenv/lib/python3.12/site-packages/sqlalchemy/engine/base.py", line 1988, in _exec_single_context
    self._handle_dbapi_exception(
  File "/home/ubuntu/careerportal/mss-career-portal/app/linuxvenv/lib/python3.12/site-packages/sqlalchemy/engine/base.py", line 2365, in _handle_dbapi_exception
    raise sqlalchemy_exception.with_traceback(exc_info[2]) from e
  File "/home/ubuntu/careerportal/mss-career-portal/app/linuxvenv/lib/python3.12/site-packages/sqlalchemy/engine/base.py", line 1969, in _exec_single_context
    self.dialect.do_execute(
  File "/home/ubuntu/careerportal/mss-career-portal/app/linuxvenv/lib/python3.12/site-packages/sqlalchemy/engine/default.py", line 952, in do_execute
    cursor.execute(statement, parameters)
  File "/home/ubuntu/careerportal/mss-career-portal/app/linuxvenv/lib/python3.12/site-packages/pymysql/cursors.py", line 159, in execute
    result = self._query(query)
             ^^^^^^^^^^^^^^^^^^
  File "/home/ubuntu/careerportal/mss-career-portal/app/linuxvenv/lib/python3.12/site-packages/pymysql/cursors.py", line 330, in _query
    conn.query(q)
  File "/home/ubuntu/careerportal/mss-career-portal/app/linuxvenv/lib/python3.12/site-packages/pymysql/connections.py", line 582, in query
    self._affected_rows = self._read_query_result(unbuffered=unbuffered)
                          ^^^^^^^^^^^^^^^^^^^^^^^^^^^^^^^^^^^^^^^^^^^^^^
  File "/home/ubuntu/careerportal/mss-career-portal/app/linuxvenv/lib/python3.12/site-packages/pymysql/connections.py", line 847, in _read_query_result
    result.read()
  File "/home/ubuntu/careerportal/mss-career-portal/app/linuxvenv/lib/python3.12/site-packages/pymysql/connections.py", line 1245, in read
    first_packet = self.connection._read_packet()
                   ^^^^^^^^^^^^^^^^^^^^^^^^^^^^^^
  File "/home/ubuntu/careerportal/mss-career-portal/app/linuxvenv/lib/python3.12/site-packages/pymysql/connections.py", line 803, in _read_packet
    packet.raise_for_error()
  File "/home/ubuntu/careerportal/mss-career-portal/app/linuxvenv/lib/python3.12/site-packages/pymysql/protocol.py", line 219, in raise_for_error
    err.raise_mysql_exception(self._data)
  File "/home/ubuntu/careerportal/mss-career-portal/app/linuxvenv/lib/python3.12/site-packages/pymysql/err.py", line 154, in raise_mysql_exception
    raise errorclass(errno, errval, sqlstate=sqlstate)
sqlalchemy.exc.DataError: (pymysql.err.DataError) (1265, "Data truncated for column 'marital_status' at row 1")
[SQL: UPDATE candidate_metadata SET marital_status=%(marital_status)s, updated_at=CURRENT_TIMESTAMP WHERE candidate_metadata.id = %(candidate_metadata_id)s]
[parameters: {'marital_status': '', 'candidate_metadata_id': 5}]
(Background on this error at: https://sqlalche.me/e/20/9h9h)
[2026-06-30 06:54:52] INFO in auth_crud: Successful login for hr_head email: hrhead.themadrassevasadan.org from IP: 172.69.122.149
[2026-06-30 06:55:46] INFO in auth_crud: Admin ID 3 logged out from IP: 172.69.122.149
[2026-06-30 06:55:55] INFO in auth_crud: Successful login for candidate email: dhana@gmail.com from IP: 172.69.122.149
[2026-06-30 06:56:25] INFO in job_apply_crud: Job application created: applicant_id=20, mss_app_no=MSS-APP-20, job_id=34, user_id=12
[2026-06-30 06:56:40] INFO in auth_crud: Successful login for hr_head email: hrhead.themadrassevasadan.org from IP: 172.69.122.148
[2026-06-30 06:57:27] INFO in auth_crud: Admin ID 3 logged out from IP: 172.69.122.148
[2026-06-30 06:57:39] INFO in auth_crud: Successful Google login for email: s.dhanabalan02@gmail.com from IP: 172.69.122.148
[2026-06-30 06:57:59] INFO in job_apply_crud: Job application created: applicant_id=21, mss_app_no=MSS-APP-21, job_id=34, user_id=13
[2026-06-30 06:58:08] INFO in auth_crud: Successful login for hr_head email: hrhead.themadrassevasadan.org from IP: 172.69.122.149
[2026-06-30 06:58:34] ERROR in main: Unhandled error on GET /jobs/applicants/21: time data 'Unknown' does not match format '%Y-%m-%d'
Traceback (most recent call last):
  File "/home/ubuntu/careerportal/mss-career-portal/app/main.py", line 38, in dispatch
    return await call_next(request)
           ^^^^^^^^^^^^^^^^^^^^^^^^
  File "/home/ubuntu/careerportal/mss-career-portal/app/linuxvenv/lib/python3.12/site-packages/starlette/middleware/base.py", line 168, in call_next
    raise app_exc from app_exc.__cause__ or app_exc.__context__
  File "/home/ubuntu/careerportal/mss-career-portal/app/linuxvenv/lib/python3.12/site-packages/starlette/middleware/base.py", line 144, in coro
    await self.app(scope, receive_or_disconnect, send_no_error)
  File "/home/ubuntu/careerportal/mss-career-portal/app/linuxvenv/lib/python3.12/site-packages/starlette/middleware/exceptions.py", line 63, in __call__
    await wrap_app_handling_exceptions(self.app, conn)(scope, receive, send)
  File "/home/ubuntu/careerportal/mss-career-portal/app/linuxvenv/lib/python3.12/site-packages/starlette/_exception_handler.py", line 53, in wrapped_app
    raise exc
  File "/home/ubuntu/careerportal/mss-career-portal/app/linuxvenv/lib/python3.12/site-packages/starlette/_exception_handler.py", line 42, in wrapped_app
    await app(scope, receive, sender)
  File "/home/ubuntu/careerportal/mss-career-portal/app/linuxvenv/lib/python3.12/site-packages/fastapi/middleware/asyncexitstack.py", line 18, in __call__
    await self.app(scope, receive, send)
  File "/home/ubuntu/careerportal/mss-career-portal/app/linuxvenv/lib/python3.12/site-packages/starlette/routing.py", line 660, in __call__
    await self.middleware_stack(scope, receive, send)
  File "/home/ubuntu/careerportal/mss-career-portal/app/linuxvenv/lib/python3.12/site-packages/fastapi/routing.py", line 2531, in app
    await route.handle(scope, receive, send)
  File "/home/ubuntu/careerportal/mss-career-portal/app/linuxvenv/lib/python3.12/site-packages/fastapi/routing.py", line 1700, in handle
    await self.original_router.handle(scope, receive, send)
  File "/home/ubuntu/careerportal/mss-career-portal/app/linuxvenv/lib/python3.12/site-packages/fastapi/routing.py", line 2586, in handle
    await included_router._handle_selected(scope, receive, send)
  File "/home/ubuntu/careerportal/mss-career-portal/app/linuxvenv/lib/python3.12/site-packages/fastapi/routing.py", line 1720, in _handle_selected
    await original_route.handle(scope, receive, send)
  File "/home/ubuntu/careerportal/mss-career-portal/app/linuxvenv/lib/python3.12/site-packages/fastapi/routing.py", line 1239, in handle
    await app(scope, receive, send)
  File "/home/ubuntu/careerportal/mss-career-portal/app/linuxvenv/lib/python3.12/site-packages/fastapi/routing.py", line 150, in app
    await wrap_app_handling_exceptions(app, request)(scope, receive, send)
  File "/home/ubuntu/careerportal/mss-career-portal/app/linuxvenv/lib/python3.12/site-packages/starlette/_exception_handler.py", line 53, in wrapped_app
    raise exc
  File "/home/ubuntu/careerportal/mss-career-portal/app/linuxvenv/lib/python3.12/site-packages/starlette/_exception_handler.py", line 42, in wrapped_app
    await app(scope, receive, sender)
  File "/home/ubuntu/careerportal/mss-career-portal/app/linuxvenv/lib/python3.12/site-packages/fastapi/routing.py", line 136, in app
    response = await f(request)
               ^^^^^^^^^^^^^^^^
  File "/home/ubuntu/careerportal/mss-career-portal/app/linuxvenv/lib/python3.12/site-packages/fastapi/routing.py", line 690, in app
    raw_response = await run_endpoint_function(
                   ^^^^^^^^^^^^^^^^^^^^^^^^^^^^
  File "/home/ubuntu/careerportal/mss-career-portal/app/linuxvenv/lib/python3.12/site-packages/fastapi/routing.py", line 346, in run_endpoint_function
    return await run_in_threadpool(dependant.call, **values)
           ^^^^^^^^^^^^^^^^^^^^^^^^^^^^^^^^^^^^^^^^^^^^^^^^^
  File "/home/ubuntu/careerportal/mss-career-portal/app/linuxvenv/lib/python3.12/site-packages/starlette/concurrency.py", line 34, in run_in_threadpool
    return await anyio.to_thread.run_sync(func)
           ^^^^^^^^^^^^^^^^^^^^^^^^^^^^^^^^^^^^
  File "/home/ubuntu/careerportal/mss-career-portal/app/linuxvenv/lib/python3.12/site-packages/anyio/to_thread.py", line 63, in run_sync
    return await get_async_backend().run_sync_in_worker_thread(
           ^^^^^^^^^^^^^^^^^^^^^^^^^^^^^^^^^^^^^^^^^^^^^^^^^^^^
  File "/home/ubuntu/careerportal/mss-career-portal/app/linuxvenv/lib/python3.12/site-packages/anyio/_backends/_asyncio.py", line 2596, in run_sync_in_worker_thread
    return await future
           ^^^^^^^^^^^^
  File "/home/ubuntu/careerportal/mss-career-portal/app/linuxvenv/lib/python3.12/site-packages/anyio/_backends/_asyncio.py", line 1029, in run
    result = context.run(func, *args)
             ^^^^^^^^^^^^^^^^^^^^^^^^
  File "/home/ubuntu/careerportal/mss-career-portal/app/routes/jobs_route.py", line 507, in get_applicant_detail_route
    start_dt = datetime.strptime(start_dt.split()[0], "%Y-%m-%d").date()
               ^^^^^^^^^^^^^^^^^^^^^^^^^^^^^^^^^^^^^^^^^^^^^^^^^^
  File "/usr/lib/python3.12/_strptime.py", line 554, in _strptime_datetime
    tt, fraction, gmtoff_fraction = _strptime(data_string, format)
                                    ^^^^^^^^^^^^^^^^^^^^^^^^^^^^^^
  File "/usr/lib/python3.12/_strptime.py", line 333, in _strptime
    raise ValueError("time data %r does not match format %r" %
ValueError: time data 'Unknown' does not match format '%Y-%m-%d'
[2026-06-30 06:58:56] ERROR in main: Unhandled error on GET /jobs/applicants/21: time data 'Unknown' does not match format '%Y-%m-%d'
Traceback (most recent call last):
  File "/home/ubuntu/careerportal/mss-career-portal/app/main.py", line 38, in dispatch
    return await call_next(request)
           ^^^^^^^^^^^^^^^^^^^^^^^^
  File "/home/ubuntu/careerportal/mss-career-portal/app/linuxvenv/lib/python3.12/site-packages/starlette/middleware/base.py", line 168, in call_next
    raise app_exc from app_exc.__cause__ or app_exc.__context__
  File "/home/ubuntu/careerportal/mss-career-portal/app/linuxvenv/lib/python3.12/site-packages/starlette/middleware/base.py", line 144, in coro
    await self.app(scope, receive_or_disconnect, send_no_error)
  File "/home/ubuntu/careerportal/mss-career-portal/app/linuxvenv/lib/python3.12/site-packages/starlette/middleware/exceptions.py", line 63, in __call__
    await wrap_app_handling_exceptions(self.app, conn)(scope, receive, send)
  File "/home/ubuntu/careerportal/mss-career-portal/app/linuxvenv/lib/python3.12/site-packages/starlette/_exception_handler.py", line 53, in wrapped_app
    raise exc
  File "/home/ubuntu/careerportal/mss-career-portal/app/linuxvenv/lib/python3.12/site-packages/starlette/_exception_handler.py", line 42, in wrapped_app
    await app(scope, receive, sender)
  File "/home/ubuntu/careerportal/mss-career-portal/app/linuxvenv/lib/python3.12/site-packages/fastapi/middleware/asyncexitstack.py", line 18, in __call__
    await self.app(scope, receive, send)
  File "/home/ubuntu/careerportal/mss-career-portal/app/linuxvenv/lib/python3.12/site-packages/starlette/routing.py", line 660, in __call__
    await self.middleware_stack(scope, receive, send)
  File "/home/ubuntu/careerportal/mss-career-portal/app/linuxvenv/lib/python3.12/site-packages/fastapi/routing.py", line 2531, in app
    await route.handle(scope, receive, send)
  File "/home/ubuntu/careerportal/mss-career-portal/app/linuxvenv/lib/python3.12/site-packages/fastapi/routing.py", line 1700, in handle
    await self.original_router.handle(scope, receive, send)
  File "/home/ubuntu/careerportal/mss-career-portal/app/linuxvenv/lib/python3.12/site-packages/fastapi/routing.py", line 2586, in handle
    await included_router._handle_selected(scope, receive, send)
  File "/home/ubuntu/careerportal/mss-career-portal/app/linuxvenv/lib/python3.12/site-packages/fastapi/routing.py", line 1720, in _handle_selected
    await original_route.handle(scope, receive, send)
  File "/home/ubuntu/careerportal/mss-career-portal/app/linuxvenv/lib/python3.12/site-packages/fastapi/routing.py", line 1239, in handle
    await app(scope, receive, send)
  File "/home/ubuntu/careerportal/mss-career-portal/app/linuxvenv/lib/python3.12/site-packages/fastapi/routing.py", line 150, in app
    await wrap_app_handling_exceptions(app, request)(scope, receive, send)
  File "/home/ubuntu/careerportal/mss-career-portal/app/linuxvenv/lib/python3.12/site-packages/starlette/_exception_handler.py", line 53, in wrapped_app
    raise exc
  File "/home/ubuntu/careerportal/mss-career-portal/app/linuxvenv/lib/python3.12/site-packages/starlette/_exception_handler.py", line 42, in wrapped_app
    await app(scope, receive, sender)
  File "/home/ubuntu/careerportal/mss-career-portal/app/linuxvenv/lib/python3.12/site-packages/fastapi/routing.py", line 136, in app
    response = await f(request)
               ^^^^^^^^^^^^^^^^
  File "/home/ubuntu/careerportal/mss-career-portal/app/linuxvenv/lib/python3.12/site-packages/fastapi/routing.py", line 690, in app
    raw_response = await run_endpoint_function(
                   ^^^^^^^^^^^^^^^^^^^^^^^^^^^^
  File "/home/ubuntu/careerportal/mss-career-portal/app/linuxvenv/lib/python3.12/site-packages/fastapi/routing.py", line 346, in run_endpoint_function
    return await run_in_threadpool(dependant.call, **values)
           ^^^^^^^^^^^^^^^^^^^^^^^^^^^^^^^^^^^^^^^^^^^^^^^^^
  File "/home/ubuntu/careerportal/mss-career-portal/app/linuxvenv/lib/python3.12/site-packages/starlette/concurrency.py", line 34, in run_in_threadpool
    return await anyio.to_thread.run_sync(func)
           ^^^^^^^^^^^^^^^^^^^^^^^^^^^^^^^^^^^^
  File "/home/ubuntu/careerportal/mss-career-portal/app/linuxvenv/lib/python3.12/site-packages/anyio/to_thread.py", line 63, in run_sync
    return await get_async_backend().run_sync_in_worker_thread(
           ^^^^^^^^^^^^^^^^^^^^^^^^^^^^^^^^^^^^^^^^^^^^^^^^^^^^
  File "/home/ubuntu/careerportal/mss-career-portal/app/linuxvenv/lib/python3.12/site-packages/anyio/_backends/_asyncio.py", line 2596, in run_sync_in_worker_thread
    return await future
           ^^^^^^^^^^^^
  File "/home/ubuntu/careerportal/mss-career-portal/app/linuxvenv/lib/python3.12/site-packages/anyio/_backends/_asyncio.py", line 1029, in run
    result = context.run(func, *args)
             ^^^^^^^^^^^^^^^^^^^^^^^^
  File "/home/ubuntu/careerportal/mss-career-portal/app/routes/jobs_route.py", line 507, in get_applicant_detail_route
    start_dt = datetime.strptime(start_dt.split()[0], "%Y-%m-%d").date()
               ^^^^^^^^^^^^^^^^^^^^^^^^^^^^^^^^^^^^^^^^^^^^^^^^^^
  File "/usr/lib/python3.12/_strptime.py", line 554, in _strptime_datetime
    tt, fraction, gmtoff_fraction = _strptime(data_string, format)
                                    ^^^^^^^^^^^^^^^^^^^^^^^^^^^^^^
  File "/usr/lib/python3.12/_strptime.py", line 333, in _strptime
    raise ValueError("time data %r does not match format %r" %
ValueError: time data 'Unknown' does not match format '%Y-%m-%d'
[2026-06-30 06:59:16] ERROR in main: Unhandled error on GET /jobs/applicants/21: time data 'Unknown' does not match format '%Y-%m-%d'
Traceback (most recent call last):
  File "/home/ubuntu/careerportal/mss-career-portal/app/main.py", line 38, in dispatch
    return await call_next(request)
           ^^^^^^^^^^^^^^^^^^^^^^^^
  File "/home/ubuntu/careerportal/mss-career-portal/app/linuxvenv/lib/python3.12/site-packages/starlette/middleware/base.py", line 168, in call_next
    raise app_exc from app_exc.__cause__ or app_exc.__context__
  File "/home/ubuntu/careerportal/mss-career-portal/app/linuxvenv/lib/python3.12/site-packages/starlette/middleware/base.py", line 144, in coro
    await self.app(scope, receive_or_disconnect, send_no_error)
  File "/home/ubuntu/careerportal/mss-career-portal/app/linuxvenv/lib/python3.12/site-packages/starlette/middleware/exceptions.py", line 63, in __call__
    await wrap_app_handling_exceptions(self.app, conn)(scope, receive, send)
  File "/home/ubuntu/careerportal/mss-career-portal/app/linuxvenv/lib/python3.12/site-packages/starlette/_exception_handler.py", line 53, in wrapped_app
    raise exc
  File "/home/ubuntu/careerportal/mss-career-portal/app/linuxvenv/lib/python3.12/site-packages/starlette/_exception_handler.py", line 42, in wrapped_app
    await app(scope, receive, sender)
  File "/home/ubuntu/careerportal/mss-career-portal/app/linuxvenv/lib/python3.12/site-packages/fastapi/middleware/asyncexitstack.py", line 18, in __call__
    await self.app(scope, receive, send)
  File "/home/ubuntu/careerportal/mss-career-portal/app/linuxvenv/lib/python3.12/site-packages/starlette/routing.py", line 660, in __call__
    await self.middleware_stack(scope, receive, send)
  File "/home/ubuntu/careerportal/mss-career-portal/app/linuxvenv/lib/python3.12/site-packages/fastapi/routing.py", line 2531, in app
    await route.handle(scope, receive, send)
  File "/home/ubuntu/careerportal/mss-career-portal/app/linuxvenv/lib/python3.12/site-packages/fastapi/routing.py", line 1700, in handle
    await self.original_router.handle(scope, receive, send)
  File "/home/ubuntu/careerportal/mss-career-portal/app/linuxvenv/lib/python3.12/site-packages/fastapi/routing.py", line 2586, in handle
    await included_router._handle_selected(scope, receive, send)
  File "/home/ubuntu/careerportal/mss-career-portal/app/linuxvenv/lib/python3.12/site-packages/fastapi/routing.py", line 1720, in _handle_selected
    await original_route.handle(scope, receive, send)
  File "/home/ubuntu/careerportal/mss-career-portal/app/linuxvenv/lib/python3.12/site-packages/fastapi/routing.py", line 1239, in handle
    await app(scope, receive, send)
  File "/home/ubuntu/careerportal/mss-career-portal/app/linuxvenv/lib/python3.12/site-packages/fastapi/routing.py", line 150, in app
    await wrap_app_handling_exceptions(app, request)(scope, receive, send)
  File "/home/ubuntu/careerportal/mss-career-portal/app/linuxvenv/lib/python3.12/site-packages/starlette/_exception_handler.py", line 53, in wrapped_app
    raise exc
  File "/home/ubuntu/careerportal/mss-career-portal/app/linuxvenv/lib/python3.12/site-packages/starlette/_exception_handler.py", line 42, in wrapped_app
    await app(scope, receive, sender)
  File "/home/ubuntu/careerportal/mss-career-portal/app/linuxvenv/lib/python3.12/site-packages/fastapi/routing.py", line 136, in app
    response = await f(request)
               ^^^^^^^^^^^^^^^^
  File "/home/ubuntu/careerportal/mss-career-portal/app/linuxvenv/lib/python3.12/site-packages/fastapi/routing.py", line 690, in app
    raw_response = await run_endpoint_function(
                   ^^^^^^^^^^^^^^^^^^^^^^^^^^^^
  File "/home/ubuntu/careerportal/mss-career-portal/app/linuxvenv/lib/python3.12/site-packages/fastapi/routing.py", line 346, in run_endpoint_function
    return await run_in_threadpool(dependant.call, **values)
           ^^^^^^^^^^^^^^^^^^^^^^^^^^^^^^^^^^^^^^^^^^^^^^^^^
  File "/home/ubuntu/careerportal/mss-career-portal/app/linuxvenv/lib/python3.12/site-packages/starlette/concurrency.py", line 34, in run_in_threadpool
    return await anyio.to_thread.run_sync(func)
           ^^^^^^^^^^^^^^^^^^^^^^^^^^^^^^^^^^^^
  File "/home/ubuntu/careerportal/mss-career-portal/app/linuxvenv/lib/python3.12/site-packages/anyio/to_thread.py", line 63, in run_sync
    return await get_async_backend().run_sync_in_worker_thread(
           ^^^^^^^^^^^^^^^^^^^^^^^^^^^^^^^^^^^^^^^^^^^^^^^^^^^^
  File "/home/ubuntu/careerportal/mss-career-portal/app/linuxvenv/lib/python3.12/site-packages/anyio/_backends/_asyncio.py", line 2596, in run_sync_in_worker_thread
    return await future
           ^^^^^^^^^^^^
  File "/home/ubuntu/careerportal/mss-career-portal/app/linuxvenv/lib/python3.12/site-packages/anyio/_backends/_asyncio.py", line 1029, in run
    result = context.run(func, *args)
             ^^^^^^^^^^^^^^^^^^^^^^^^
  File "/home/ubuntu/careerportal/mss-career-portal/app/routes/jobs_route.py", line 507, in get_applicant_detail_route
    start_dt = datetime.strptime(start_dt.split()[0], "%Y-%m-%d").date()
               ^^^^^^^^^^^^^^^^^^^^^^^^^^^^^^^^^^^^^^^^^^^^^^^^^^
  File "/usr/lib/python3.12/_strptime.py", line 554, in _strptime_datetime
    tt, fraction, gmtoff_fraction = _strptime(data_string, format)
                                    ^^^^^^^^^^^^^^^^^^^^^^^^^^^^^^
  File "/usr/lib/python3.12/_strptime.py", line 333, in _strptime
    raise ValueError("time data %r does not match format %r" %
ValueError: time data 'Unknown' does not match format '%Y-%m-%d'
[2026-06-30 07:01:26] INFO in job_interview_crud: Interview rescheduled: id=15 to 2026-07-08 11:00:00
[2026-06-30 07:05:14] INFO in config: Constructing the database URL from environment variables.
[2026-06-30 07:05:14] INFO in database: Database engine created successfully.
[2026-06-30 07:05:14] INFO in main: FastAPI application has started successfully.
[2026-06-30 07:06:29] INFO in job_interview_crud: Interview scheduled: id=16 for applicant=21
[2026-06-30 07:07:05] ERROR in main: Unhandled error on GET /jobs/applicants/21: time data 'Unknown' does not match format '%Y-%m-%d'
Traceback (most recent call last):
  File "/home/ubuntu/careerportal/mss-career-portal/app/main.py", line 38, in dispatch
    return await call_next(request)
           ^^^^^^^^^^^^^^^^^^^^^^^^
  File "/home/ubuntu/careerportal/mss-career-portal/app/linuxvenv/lib/python3.12/site-packages/starlette/middleware/base.py", line 168, in call_next
    raise app_exc from app_exc.__cause__ or app_exc.__context__
  File "/home/ubuntu/careerportal/mss-career-portal/app/linuxvenv/lib/python3.12/site-packages/starlette/middleware/base.py", line 144, in coro
    await self.app(scope, receive_or_disconnect, send_no_error)
  File "/home/ubuntu/careerportal/mss-career-portal/app/linuxvenv/lib/python3.12/site-packages/starlette/middleware/exceptions.py", line 63, in __call__
    await wrap_app_handling_exceptions(self.app, conn)(scope, receive, send)
  File "/home/ubuntu/careerportal/mss-career-portal/app/linuxvenv/lib/python3.12/site-packages/starlette/_exception_handler.py", line 53, in wrapped_app
    raise exc
  File "/home/ubuntu/careerportal/mss-career-portal/app/linuxvenv/lib/python3.12/site-packages/starlette/_exception_handler.py", line 42, in wrapped_app
    await app(scope, receive, sender)
  File "/home/ubuntu/careerportal/mss-career-portal/app/linuxvenv/lib/python3.12/site-packages/fastapi/middleware/asyncexitstack.py", line 18, in __call__
    await self.app(scope, receive, send)
  File "/home/ubuntu/careerportal/mss-career-portal/app/linuxvenv/lib/python3.12/site-packages/starlette/routing.py", line 660, in __call__
    await self.middleware_stack(scope, receive, send)
  File "/home/ubuntu/careerportal/mss-career-portal/app/linuxvenv/lib/python3.12/site-packages/fastapi/routing.py", line 2531, in app
    await route.handle(scope, receive, send)
  File "/home/ubuntu/careerportal/mss-career-portal/app/linuxvenv/lib/python3.12/site-packages/fastapi/routing.py", line 1700, in handle
    await self.original_router.handle(scope, receive, send)
  File "/home/ubuntu/careerportal/mss-career-portal/app/linuxvenv/lib/python3.12/site-packages/fastapi/routing.py", line 2586, in handle
    await included_router._handle_selected(scope, receive, send)
  File "/home/ubuntu/careerportal/mss-career-portal/app/linuxvenv/lib/python3.12/site-packages/fastapi/routing.py", line 1720, in _handle_selected
    await original_route.handle(scope, receive, send)
  File "/home/ubuntu/careerportal/mss-career-portal/app/linuxvenv/lib/python3.12/site-packages/fastapi/routing.py", line 1239, in handle
    await app(scope, receive, send)
  File "/home/ubuntu/careerportal/mss-career-portal/app/linuxvenv/lib/python3.12/site-packages/fastapi/routing.py", line 150, in app
    await wrap_app_handling_exceptions(app, request)(scope, receive, send)
  File "/home/ubuntu/careerportal/mss-career-portal/app/linuxvenv/lib/python3.12/site-packages/starlette/_exception_handler.py", line 53, in wrapped_app
    raise exc
  File "/home/ubuntu/careerportal/mss-career-portal/app/linuxvenv/lib/python3.12/site-packages/starlette/_exception_handler.py", line 42, in wrapped_app
    await app(scope, receive, sender)
  File "/home/ubuntu/careerportal/mss-career-portal/app/linuxvenv/lib/python3.12/site-packages/fastapi/routing.py", line 136, in app
    response = await f(request)
               ^^^^^^^^^^^^^^^^
  File "/home/ubuntu/careerportal/mss-career-portal/app/linuxvenv/lib/python3.12/site-packages/fastapi/routing.py", line 690, in app
    raw_response = await run_endpoint_function(
                   ^^^^^^^^^^^^^^^^^^^^^^^^^^^^
  File "/home/ubuntu/careerportal/mss-career-portal/app/linuxvenv/lib/python3.12/site-packages/fastapi/routing.py", line 346, in run_endpoint_function
    return await run_in_threadpool(dependant.call, **values)
           ^^^^^^^^^^^^^^^^^^^^^^^^^^^^^^^^^^^^^^^^^^^^^^^^^
  File "/home/ubuntu/careerportal/mss-career-portal/app/linuxvenv/lib/python3.12/site-packages/starlette/concurrency.py", line 34, in run_in_threadpool
    return await anyio.to_thread.run_sync(func)
           ^^^^^^^^^^^^^^^^^^^^^^^^^^^^^^^^^^^^
  File "/home/ubuntu/careerportal/mss-career-portal/app/linuxvenv/lib/python3.12/site-packages/anyio/to_thread.py", line 63, in run_sync
    return await get_async_backend().run_sync_in_worker_thread(
           ^^^^^^^^^^^^^^^^^^^^^^^^^^^^^^^^^^^^^^^^^^^^^^^^^^^^
  File "/home/ubuntu/careerportal/mss-career-portal/app/linuxvenv/lib/python3.12/site-packages/anyio/_backends/_asyncio.py", line 2596, in run_sync_in_worker_thread
    return await future
           ^^^^^^^^^^^^
  File "/home/ubuntu/careerportal/mss-career-portal/app/linuxvenv/lib/python3.12/site-packages/anyio/_backends/_asyncio.py", line 1029, in run
    result = context.run(func, *args)
             ^^^^^^^^^^^^^^^^^^^^^^^^
  File "/home/ubuntu/careerportal/mss-career-portal/app/routes/jobs_route.py", line 507, in get_applicant_detail_route
    start_dt = datetime.strptime(start_dt.split()[0], "%Y-%m-%d").date()
               ^^^^^^^^^^^^^^^^^^^^^^^^^^^^^^^^^^^^^^^^^^^^^^^^^^
  File "/usr/lib/python3.12/_strptime.py", line 554, in _strptime_datetime
    tt, fraction, gmtoff_fraction = _strptime(data_string, format)
                                    ^^^^^^^^^^^^^^^^^^^^^^^^^^^^^^
  File "/usr/lib/python3.12/_strptime.py", line 333, in _strptime
    raise ValueError("time data %r does not match format %r" %
ValueError: time data 'Unknown' does not match format '%Y-%m-%d'
[2026-06-30 07:10:39] INFO in job_interview_crud: Interview remarks created: job_interview_id=15
[2026-06-30 07:12:24] INFO in auth_crud: Successful login for hr_head email: hrhead.themadrassevasadan.org from IP: 172.69.123.162
[2026-06-30 07:13:02] ERROR in main: Unhandled error on GET /jobs/applicants/21: time data 'Unknown' does not match format '%Y-%m-%d'
Traceback (most recent call last):
  File "/home/ubuntu/careerportal/mss-career-portal/app/main.py", line 38, in dispatch
    return await call_next(request)
           ^^^^^^^^^^^^^^^^^^^^^^^^
  File "/home/ubuntu/careerportal/mss-career-portal/app/linuxvenv/lib/python3.12/site-packages/starlette/middleware/base.py", line 168, in call_next
    raise app_exc from app_exc.__cause__ or app_exc.__context__
  File "/home/ubuntu/careerportal/mss-career-portal/app/linuxvenv/lib/python3.12/site-packages/starlette/middleware/base.py", line 144, in coro
    await self.app(scope, receive_or_disconnect, send_no_error)
  File "/home/ubuntu/careerportal/mss-career-portal/app/linuxvenv/lib/python3.12/site-packages/starlette/middleware/exceptions.py", line 63, in __call__
    await wrap_app_handling_exceptions(self.app, conn)(scope, receive, send)
  File "/home/ubuntu/careerportal/mss-career-portal/app/linuxvenv/lib/python3.12/site-packages/starlette/_exception_handler.py", line 53, in wrapped_app
    raise exc
  File "/home/ubuntu/careerportal/mss-career-portal/app/linuxvenv/lib/python3.12/site-packages/starlette/_exception_handler.py", line 42, in wrapped_app
    await app(scope, receive, sender)
  File "/home/ubuntu/careerportal/mss-career-portal/app/linuxvenv/lib/python3.12/site-packages/fastapi/middleware/asyncexitstack.py", line 18, in __call__
    await self.app(scope, receive, send)
  File "/home/ubuntu/careerportal/mss-career-portal/app/linuxvenv/lib/python3.12/site-packages/starlette/routing.py", line 660, in __call__
    await self.middleware_stack(scope, receive, send)
  File "/home/ubuntu/careerportal/mss-career-portal/app/linuxvenv/lib/python3.12/site-packages/fastapi/routing.py", line 2531, in app
    await route.handle(scope, receive, send)
  File "/home/ubuntu/careerportal/mss-career-portal/app/linuxvenv/lib/python3.12/site-packages/fastapi/routing.py", line 1700, in handle
    await self.original_router.handle(scope, receive, send)
  File "/home/ubuntu/careerportal/mss-career-portal/app/linuxvenv/lib/python3.12/site-packages/fastapi/routing.py", line 2586, in handle
    await included_router._handle_selected(scope, receive, send)
  File "/home/ubuntu/careerportal/mss-career-portal/app/linuxvenv/lib/python3.12/site-packages/fastapi/routing.py", line 1720, in _handle_selected
    await original_route.handle(scope, receive, send)
  File "/home/ubuntu/careerportal/mss-career-portal/app/linuxvenv/lib/python3.12/site-packages/fastapi/routing.py", line 1239, in handle
    await app(scope, receive, send)
  File "/home/ubuntu/careerportal/mss-career-portal/app/linuxvenv/lib/python3.12/site-packages/fastapi/routing.py", line 150, in app
    await wrap_app_handling_exceptions(app, request)(scope, receive, send)
  File "/home/ubuntu/careerportal/mss-career-portal/app/linuxvenv/lib/python3.12/site-packages/starlette/_exception_handler.py", line 53, in wrapped_app
    raise exc
  File "/home/ubuntu/careerportal/mss-career-portal/app/linuxvenv/lib/python3.12/site-packages/starlette/_exception_handler.py", line 42, in wrapped_app
    await app(scope, receive, sender)
  File "/home/ubuntu/careerportal/mss-career-portal/app/linuxvenv/lib/python3.12/site-packages/fastapi/routing.py", line 136, in app
    response = await f(request)
               ^^^^^^^^^^^^^^^^
  File "/home/ubuntu/careerportal/mss-career-portal/app/linuxvenv/lib/python3.12/site-packages/fastapi/routing.py", line 690, in app
    raw_response = await run_endpoint_function(
                   ^^^^^^^^^^^^^^^^^^^^^^^^^^^^
  File "/home/ubuntu/careerportal/mss-career-portal/app/linuxvenv/lib/python3.12/site-packages/fastapi/routing.py", line 346, in run_endpoint_function
    return await run_in_threadpool(dependant.call, **values)
           ^^^^^^^^^^^^^^^^^^^^^^^^^^^^^^^^^^^^^^^^^^^^^^^^^
  File "/home/ubuntu/careerportal/mss-career-portal/app/linuxvenv/lib/python3.12/site-packages/starlette/concurrency.py", line 34, in run_in_threadpool
    return await anyio.to_thread.run_sync(func)
           ^^^^^^^^^^^^^^^^^^^^^^^^^^^^^^^^^^^^
  File "/home/ubuntu/careerportal/mss-career-portal/app/linuxvenv/lib/python3.12/site-packages/anyio/to_thread.py", line 63, in run_sync
    return await get_async_backend().run_sync_in_worker_thread(
           ^^^^^^^^^^^^^^^^^^^^^^^^^^^^^^^^^^^^^^^^^^^^^^^^^^^^
  File "/home/ubuntu/careerportal/mss-career-portal/app/linuxvenv/lib/python3.12/site-packages/anyio/_backends/_asyncio.py", line 2596, in run_sync_in_worker_thread
    return await future
           ^^^^^^^^^^^^
  File "/home/ubuntu/careerportal/mss-career-portal/app/linuxvenv/lib/python3.12/site-packages/anyio/_backends/_asyncio.py", line 1029, in run
    result = context.run(func, *args)
             ^^^^^^^^^^^^^^^^^^^^^^^^
  File "/home/ubuntu/careerportal/mss-career-portal/app/routes/jobs_route.py", line 507, in get_applicant_detail_route
    start_dt = datetime.strptime(start_dt.split()[0], "%Y-%m-%d").date()
               ^^^^^^^^^^^^^^^^^^^^^^^^^^^^^^^^^^^^^^^^^^^^^^^^^^
  File "/usr/lib/python3.12/_strptime.py", line 554, in _strptime_datetime
    tt, fraction, gmtoff_fraction = _strptime(data_string, format)
                                    ^^^^^^^^^^^^^^^^^^^^^^^^^^^^^^
  File "/usr/lib/python3.12/_strptime.py", line 333, in _strptime
    raise ValueError("time data %r does not match format %r" %
ValueError: time data 'Unknown' does not match format '%Y-%m-%d'
[2026-06-30 07:13:06] ERROR in main: Unhandled error on GET /jobs/applicants/21: time data 'Unknown' does not match format '%Y-%m-%d'
Traceback (most recent call last):
  File "/home/ubuntu/careerportal/mss-career-portal/app/main.py", line 38, in dispatch
    return await call_next(request)
           ^^^^^^^^^^^^^^^^^^^^^^^^
  File "/home/ubuntu/careerportal/mss-career-portal/app/linuxvenv/lib/python3.12/site-packages/starlette/middleware/base.py", line 168, in call_next
    raise app_exc from app_exc.__cause__ or app_exc.__context__
  File "/home/ubuntu/careerportal/mss-career-portal/app/linuxvenv/lib/python3.12/site-packages/starlette/middleware/base.py", line 144, in coro
    await self.app(scope, receive_or_disconnect, send_no_error)
  File "/home/ubuntu/careerportal/mss-career-portal/app/linuxvenv/lib/python3.12/site-packages/starlette/middleware/exceptions.py", line 63, in __call__
    await wrap_app_handling_exceptions(self.app, conn)(scope, receive, send)
  File "/home/ubuntu/careerportal/mss-career-portal/app/linuxvenv/lib/python3.12/site-packages/starlette/_exception_handler.py", line 53, in wrapped_app
    raise exc
  File "/home/ubuntu/careerportal/mss-career-portal/app/linuxvenv/lib/python3.12/site-packages/starlette/_exception_handler.py", line 42, in wrapped_app
    await app(scope, receive, sender)
  File "/home/ubuntu/careerportal/mss-career-portal/app/linuxvenv/lib/python3.12/site-packages/fastapi/middleware/asyncexitstack.py", line 18, in __call__
    await self.app(scope, receive, send)
  File "/home/ubuntu/careerportal/mss-career-portal/app/linuxvenv/lib/python3.12/site-packages/starlette/routing.py", line 660, in __call__
    await self.middleware_stack(scope, receive, send)
  File "/home/ubuntu/careerportal/mss-career-portal/app/linuxvenv/lib/python3.12/site-packages/fastapi/routing.py", line 2531, in app
    await route.handle(scope, receive, send)
  File "/home/ubuntu/careerportal/mss-career-portal/app/linuxvenv/lib/python3.12/site-packages/fastapi/routing.py", line 1700, in handle
    await self.original_router.handle(scope, receive, send)
  File "/home/ubuntu/careerportal/mss-career-portal/app/linuxvenv/lib/python3.12/site-packages/fastapi/routing.py", line 2586, in handle
    await included_router._handle_selected(scope, receive, send)
  File "/home/ubuntu/careerportal/mss-career-portal/app/linuxvenv/lib/python3.12/site-packages/fastapi/routing.py", line 1720, in _handle_selected
    await original_route.handle(scope, receive, send)
  File "/home/ubuntu/careerportal/mss-career-portal/app/linuxvenv/lib/python3.12/site-packages/fastapi/routing.py", line 1239, in handle
    await app(scope, receive, send)
  File "/home/ubuntu/careerportal/mss-career-portal/app/linuxvenv/lib/python3.12/site-packages/fastapi/routing.py", line 150, in app
    await wrap_app_handling_exceptions(app, request)(scope, receive, send)
  File "/home/ubuntu/careerportal/mss-career-portal/app/linuxvenv/lib/python3.12/site-packages/starlette/_exception_handler.py", line 53, in wrapped_app
    raise exc
  File "/home/ubuntu/careerportal/mss-career-portal/app/linuxvenv/lib/python3.12/site-packages/starlette/_exception_handler.py", line 42, in wrapped_app
    await app(scope, receive, sender)
  File "/home/ubuntu/careerportal/mss-career-portal/app/linuxvenv/lib/python3.12/site-packages/fastapi/routing.py", line 136, in app
    response = await f(request)
               ^^^^^^^^^^^^^^^^
  File "/home/ubuntu/careerportal/mss-career-portal/app/linuxvenv/lib/python3.12/site-packages/fastapi/routing.py", line 690, in app
    raw_response = await run_endpoint_function(
                   ^^^^^^^^^^^^^^^^^^^^^^^^^^^^
  File "/home/ubuntu/careerportal/mss-career-portal/app/linuxvenv/lib/python3.12/site-packages/fastapi/routing.py", line 346, in run_endpoint_function
    return await run_in_threadpool(dependant.call, **values)
           ^^^^^^^^^^^^^^^^^^^^^^^^^^^^^^^^^^^^^^^^^^^^^^^^^
  File "/home/ubuntu/careerportal/mss-career-portal/app/linuxvenv/lib/python3.12/site-packages/starlette/concurrency.py", line 34, in run_in_threadpool
    return await anyio.to_thread.run_sync(func)
           ^^^^^^^^^^^^^^^^^^^^^^^^^^^^^^^^^^^^
  File "/home/ubuntu/careerportal/mss-career-portal/app/linuxvenv/lib/python3.12/site-packages/anyio/to_thread.py", line 63, in run_sync
    return await get_async_backend().run_sync_in_worker_thread(
           ^^^^^^^^^^^^^^^^^^^^^^^^^^^^^^^^^^^^^^^^^^^^^^^^^^^^
  File "/home/ubuntu/careerportal/mss-career-portal/app/linuxvenv/lib/python3.12/site-packages/anyio/_backends/_asyncio.py", line 2596, in run_sync_in_worker_thread
    return await future
           ^^^^^^^^^^^^
  File "/home/ubuntu/careerportal/mss-career-portal/app/linuxvenv/lib/python3.12/site-packages/anyio/_backends/_asyncio.py", line 1029, in run
    result = context.run(func, *args)
             ^^^^^^^^^^^^^^^^^^^^^^^^
  File "/home/ubuntu/careerportal/mss-career-portal/app/routes/jobs_route.py", line 507, in get_applicant_detail_route
    start_dt = datetime.strptime(start_dt.split()[0], "%Y-%m-%d").date()
               ^^^^^^^^^^^^^^^^^^^^^^^^^^^^^^^^^^^^^^^^^^^^^^^^^^
  File "/usr/lib/python3.12/_strptime.py", line 554, in _strptime_datetime
    tt, fraction, gmtoff_fraction = _strptime(data_string, format)
                                    ^^^^^^^^^^^^^^^^^^^^^^^^^^^^^^
  File "/usr/lib/python3.12/_strptime.py", line 333, in _strptime
    raise ValueError("time data %r does not match format %r" %
ValueError: time data 'Unknown' does not match format '%Y-%m-%d'
[2026-06-30 07:14:57] INFO in job_interview_crud: Interview scheduled: id=17 for applicant=18
[2026-06-30 07:15:51] ERROR in main: Unhandled error on GET /jobs/applicants/21: time data 'Unknown' does not match format '%Y-%m-%d'
Traceback (most recent call last):
  File "/home/ubuntu/careerportal/mss-career-portal/app/main.py", line 38, in dispatch
    return await call_next(request)
           ^^^^^^^^^^^^^^^^^^^^^^^^
  File "/home/ubuntu/careerportal/mss-career-portal/app/linuxvenv/lib/python3.12/site-packages/starlette/middleware/base.py", line 168, in call_next
    raise app_exc from app_exc.__cause__ or app_exc.__context__
  File "/home/ubuntu/careerportal/mss-career-portal/app/linuxvenv/lib/python3.12/site-packages/starlette/middleware/base.py", line 144, in coro
    await self.app(scope, receive_or_disconnect, send_no_error)
  File "/home/ubuntu/careerportal/mss-career-portal/app/linuxvenv/lib/python3.12/site-packages/starlette/middleware/exceptions.py", line 63, in __call__
    await wrap_app_handling_exceptions(self.app, conn)(scope, receive, send)
  File "/home/ubuntu/careerportal/mss-career-portal/app/linuxvenv/lib/python3.12/site-packages/starlette/_exception_handler.py", line 53, in wrapped_app
    raise exc
  File "/home/ubuntu/careerportal/mss-career-portal/app/linuxvenv/lib/python3.12/site-packages/starlette/_exception_handler.py", line 42, in wrapped_app
    await app(scope, receive, sender)
  File "/home/ubuntu/careerportal/mss-career-portal/app/linuxvenv/lib/python3.12/site-packages/fastapi/middleware/asyncexitstack.py", line 18, in __call__
    await self.app(scope, receive, send)
  File "/home/ubuntu/careerportal/mss-career-portal/app/linuxvenv/lib/python3.12/site-packages/starlette/routing.py", line 660, in __call__
    await self.middleware_stack(scope, receive, send)
  File "/home/ubuntu/careerportal/mss-career-portal/app/linuxvenv/lib/python3.12/site-packages/fastapi/routing.py", line 2531, in app
    await route.handle(scope, receive, send)
  File "/home/ubuntu/careerportal/mss-career-portal/app/linuxvenv/lib/python3.12/site-packages/fastapi/routing.py", line 1700, in handle
    await self.original_router.handle(scope, receive, send)
  File "/home/ubuntu/careerportal/mss-career-portal/app/linuxvenv/lib/python3.12/site-packages/fastapi/routing.py", line 2586, in handle
    await included_router._handle_selected(scope, receive, send)
  File "/home/ubuntu/careerportal/mss-career-portal/app/linuxvenv/lib/python3.12/site-packages/fastapi/routing.py", line 1720, in _handle_selected
    await original_route.handle(scope, receive, send)
  File "/home/ubuntu/careerportal/mss-career-portal/app/linuxvenv/lib/python3.12/site-packages/fastapi/routing.py", line 1239, in handle
    await app(scope, receive, send)
  File "/home/ubuntu/careerportal/mss-career-portal/app/linuxvenv/lib/python3.12/site-packages/fastapi/routing.py", line 150, in app
    await wrap_app_handling_exceptions(app, request)(scope, receive, send)
  File "/home/ubuntu/careerportal/mss-career-portal/app/linuxvenv/lib/python3.12/site-packages/starlette/_exception_handler.py", line 53, in wrapped_app
    raise exc
  File "/home/ubuntu/careerportal/mss-career-portal/app/linuxvenv/lib/python3.12/site-packages/starlette/_exception_handler.py", line 42, in wrapped_app
    await app(scope, receive, sender)
  File "/home/ubuntu/careerportal/mss-career-portal/app/linuxvenv/lib/python3.12/site-packages/fastapi/routing.py", line 136, in app
    response = await f(request)
               ^^^^^^^^^^^^^^^^
  File "/home/ubuntu/careerportal/mss-career-portal/app/linuxvenv/lib/python3.12/site-packages/fastapi/routing.py", line 690, in app
    raw_response = await run_endpoint_function(
                   ^^^^^^^^^^^^^^^^^^^^^^^^^^^^
  File "/home/ubuntu/careerportal/mss-career-portal/app/linuxvenv/lib/python3.12/site-packages/fastapi/routing.py", line 346, in run_endpoint_function
    return await run_in_threadpool(dependant.call, **values)
           ^^^^^^^^^^^^^^^^^^^^^^^^^^^^^^^^^^^^^^^^^^^^^^^^^
  File "/home/ubuntu/careerportal/mss-career-portal/app/linuxvenv/lib/python3.12/site-packages/starlette/concurrency.py", line 34, in run_in_threadpool
    return await anyio.to_thread.run_sync(func)
           ^^^^^^^^^^^^^^^^^^^^^^^^^^^^^^^^^^^^
  File "/home/ubuntu/careerportal/mss-career-portal/app/linuxvenv/lib/python3.12/site-packages/anyio/to_thread.py", line 63, in run_sync
    return await get_async_backend().run_sync_in_worker_thread(
           ^^^^^^^^^^^^^^^^^^^^^^^^^^^^^^^^^^^^^^^^^^^^^^^^^^^^
  File "/home/ubuntu/careerportal/mss-career-portal/app/linuxvenv/lib/python3.12/site-packages/anyio/_backends/_asyncio.py", line 2596, in run_sync_in_worker_thread
    return await future
           ^^^^^^^^^^^^
  File "/home/ubuntu/careerportal/mss-career-portal/app/linuxvenv/lib/python3.12/site-packages/anyio/_backends/_asyncio.py", line 1029, in run
    result = context.run(func, *args)
             ^^^^^^^^^^^^^^^^^^^^^^^^
  File "/home/ubuntu/careerportal/mss-career-portal/app/routes/jobs_route.py", line 507, in get_applicant_detail_route
    start_dt = datetime.strptime(start_dt.split()[0], "%Y-%m-%d").date()
               ^^^^^^^^^^^^^^^^^^^^^^^^^^^^^^^^^^^^^^^^^^^^^^^^^^
  File "/usr/lib/python3.12/_strptime.py", line 554, in _strptime_datetime
    tt, fraction, gmtoff_fraction = _strptime(data_string, format)
                                    ^^^^^^^^^^^^^^^^^^^^^^^^^^^^^^
  File "/usr/lib/python3.12/_strptime.py", line 333, in _strptime
    raise ValueError("time data %r does not match format %r" %
ValueError: time data 'Unknown' does not match format '%Y-%m-%d'
[2026-06-30 07:16:19] INFO in job_interview_crud: Interview rescheduled: id=17 to 2026-07-24 14:00:00
[2026-06-30 07:16:46] INFO in config: Constructing the database URL from environment variables.
[2026-06-30 07:16:46] INFO in database: Database engine created successfully.
[2026-06-30 07:16:47] INFO in main: FastAPI application has started successfully.
[2026-06-30 07:16:49] INFO in job_interview_crud: Interview remarks created: job_interview_id=16
[2026-06-30 07:18:07] INFO in auth_crud: Admin ID 3 logged out from IP: 172.69.123.163
[2026-06-30 07:18:19] INFO in auth_crud: Successful Google login for email: s.dhanabalan02@gmail.com from IP: 172.69.123.163
[2026-06-30 07:18:56] INFO in auth_crud: Successful login for hr_head email: hrhead.themadrassevasadan.org from IP: 172.69.123.163
[2026-06-30 07:20:31] INFO in auth_crud: Admin ID 3 logged out from IP: 172.69.123.163
[2026-06-30 07:20:38] INFO in auth_crud: Successful login for school_admin email: admin@ladyandal.org from IP: 172.69.123.163
[2026-06-30 07:28:58] INFO in auth_crud: Admin ID 4 logged out from IP: 172.69.123.162
[2026-06-30 07:29:15] INFO in auth_crud: Successful Google login for email: s.dhanabalan02@gmail.com from IP: 172.69.123.162
[2026-06-30 07:30:28] INFO in auth_crud: Successful login for school_admin email: admin@ladyandal.org from IP: 172.69.123.162
[2026-06-30 07:31:37] INFO in auth_crud: Successful login for school_admin email: admin@ladyandal.org from IP: 172.69.122.149
[2026-06-30 07:32:18] INFO in auth_crud: Admin ID 4 logged out from IP: 172.69.123.162
[2026-06-30 07:34:10] INFO in auth_crud: Successful login for school_admin email: admin@ladyandal.org from IP: 162.158.54.163
[2026-06-30 07:36:18] INFO in config: Constructing the database URL from environment variables.
[2026-06-30 07:36:18] INFO in database: Database engine created successfully.
[2026-06-30 07:36:19] INFO in main: FastAPI application has started successfully.
[2026-06-30 07:36:35] INFO in auth_crud: Admin ID 4 logged out from IP: 162.158.54.163
[2026-06-30 08:47:19] INFO in auth_crud: Successful Google login for email: s.dhanabalan02@gmail.com from IP: 162.158.54.163
[2026-06-30 08:47:27] ERROR in main: Unhandled error on PUT /auth/candidate/profile: (pymysql.err.DataError) (1265, "Data truncated for column 'marital_status' at row 1")
[SQL: UPDATE candidate_metadata SET marital_status=%(marital_status)s, updated_at=CURRENT_TIMESTAMP WHERE candidate_metadata.id = %(candidate_metadata_id)s]
[parameters: {'marital_status': '', 'candidate_metadata_id': 5}]
(Background on this error at: https://sqlalche.me/e/20/9h9h)
Traceback (most recent call last):
  File "/home/ubuntu/careerportal/mss-career-portal/app/linuxvenv/lib/python3.12/site-packages/sqlalchemy/engine/base.py", line 1969, in _exec_single_context
    self.dialect.do_execute(
  File "/home/ubuntu/careerportal/mss-career-portal/app/linuxvenv/lib/python3.12/site-packages/sqlalchemy/engine/default.py", line 952, in do_execute
    cursor.execute(statement, parameters)
  File "/home/ubuntu/careerportal/mss-career-portal/app/linuxvenv/lib/python3.12/site-packages/pymysql/cursors.py", line 159, in execute
    result = self._query(query)
             ^^^^^^^^^^^^^^^^^^
  File "/home/ubuntu/careerportal/mss-career-portal/app/linuxvenv/lib/python3.12/site-packages/pymysql/cursors.py", line 330, in _query
    conn.query(q)
  File "/home/ubuntu/careerportal/mss-career-portal/app/linuxvenv/lib/python3.12/site-packages/pymysql/connections.py", line 582, in query
    self._affected_rows = self._read_query_result(unbuffered=unbuffered)
                          ^^^^^^^^^^^^^^^^^^^^^^^^^^^^^^^^^^^^^^^^^^^^^^
  File "/home/ubuntu/careerportal/mss-career-portal/app/linuxvenv/lib/python3.12/site-packages/pymysql/connections.py", line 847, in _read_query_result
    result.read()
  File "/home/ubuntu/careerportal/mss-career-portal/app/linuxvenv/lib/python3.12/site-packages/pymysql/connections.py", line 1245, in read
    first_packet = self.connection._read_packet()
                   ^^^^^^^^^^^^^^^^^^^^^^^^^^^^^^
  File "/home/ubuntu/careerportal/mss-career-portal/app/linuxvenv/lib/python3.12/site-packages/pymysql/connections.py", line 803, in _read_packet
    packet.raise_for_error()
  File "/home/ubuntu/careerportal/mss-career-portal/app/linuxvenv/lib/python3.12/site-packages/pymysql/protocol.py", line 219, in raise_for_error
    err.raise_mysql_exception(self._data)
  File "/home/ubuntu/careerportal/mss-career-portal/app/linuxvenv/lib/python3.12/site-packages/pymysql/err.py", line 154, in raise_mysql_exception
    raise errorclass(errno, errval, sqlstate=sqlstate)
pymysql.err.DataError: (1265, "Data truncated for column 'marital_status' at row 1")

The above exception was the direct cause of the following exception:

Traceback (most recent call last):
  File "/home/ubuntu/careerportal/mss-career-portal/app/main.py", line 38, in dispatch
    return await call_next(request)
           ^^^^^^^^^^^^^^^^^^^^^^^^
  File "/home/ubuntu/careerportal/mss-career-portal/app/linuxvenv/lib/python3.12/site-packages/starlette/middleware/base.py", line 168, in call_next
    raise app_exc from app_exc.__cause__ or app_exc.__context__
  File "/home/ubuntu/careerportal/mss-career-portal/app/linuxvenv/lib/python3.12/site-packages/starlette/middleware/base.py", line 144, in coro
    await self.app(scope, receive_or_disconnect, send_no_error)
  File "/home/ubuntu/careerportal/mss-career-portal/app/linuxvenv/lib/python3.12/site-packages/starlette/middleware/exceptions.py", line 63, in __call__
    await wrap_app_handling_exceptions(self.app, conn)(scope, receive, send)
  File "/home/ubuntu/careerportal/mss-career-portal/app/linuxvenv/lib/python3.12/site-packages/starlette/_exception_handler.py", line 53, in wrapped_app
    raise exc
  File "/home/ubuntu/careerportal/mss-career-portal/app/linuxvenv/lib/python3.12/site-packages/starlette/_exception_handler.py", line 42, in wrapped_app
    await app(scope, receive, sender)
  File "/home/ubuntu/careerportal/mss-career-portal/app/linuxvenv/lib/python3.12/site-packages/fastapi/middleware/asyncexitstack.py", line 18, in __call__
    await self.app(scope, receive, send)
  File "/home/ubuntu/careerportal/mss-career-portal/app/linuxvenv/lib/python3.12/site-packages/starlette/routing.py", line 660, in __call__
    await self.middleware_stack(scope, receive, send)
  File "/home/ubuntu/careerportal/mss-career-portal/app/linuxvenv/lib/python3.12/site-packages/fastapi/routing.py", line 2531, in app
    await route.handle(scope, receive, send)
  File "/home/ubuntu/careerportal/mss-career-portal/app/linuxvenv/lib/python3.12/site-packages/fastapi/routing.py", line 1700, in handle
    await self.original_router.handle(scope, receive, send)
  File "/home/ubuntu/careerportal/mss-career-portal/app/linuxvenv/lib/python3.12/site-packages/fastapi/routing.py", line 2586, in handle
    await included_router._handle_selected(scope, receive, send)
  File "/home/ubuntu/careerportal/mss-career-portal/app/linuxvenv/lib/python3.12/site-packages/fastapi/routing.py", line 1720, in _handle_selected
    await original_route.handle(scope, receive, send)
  File "/home/ubuntu/careerportal/mss-career-portal/app/linuxvenv/lib/python3.12/site-packages/fastapi/routing.py", line 1239, in handle
    await app(scope, receive, send)
  File "/home/ubuntu/careerportal/mss-career-portal/app/linuxvenv/lib/python3.12/site-packages/fastapi/routing.py", line 150, in app
    await wrap_app_handling_exceptions(app, request)(scope, receive, send)
  File "/home/ubuntu/careerportal/mss-career-portal/app/linuxvenv/lib/python3.12/site-packages/starlette/_exception_handler.py", line 53, in wrapped_app
    raise exc
  File "/home/ubuntu/careerportal/mss-career-portal/app/linuxvenv/lib/python3.12/site-packages/starlette/_exception_handler.py", line 42, in wrapped_app
    await app(scope, receive, sender)
  File "/home/ubuntu/careerportal/mss-career-portal/app/linuxvenv/lib/python3.12/site-packages/fastapi/routing.py", line 136, in app
    response = await f(request)
               ^^^^^^^^^^^^^^^^
  File "/home/ubuntu/careerportal/mss-career-portal/app/linuxvenv/lib/python3.12/site-packages/fastapi/routing.py", line 690, in app
    raw_response = await run_endpoint_function(
                   ^^^^^^^^^^^^^^^^^^^^^^^^^^^^
  File "/home/ubuntu/careerportal/mss-career-portal/app/linuxvenv/lib/python3.12/site-packages/fastapi/routing.py", line 346, in run_endpoint_function
    return await run_in_threadpool(dependant.call, **values)
           ^^^^^^^^^^^^^^^^^^^^^^^^^^^^^^^^^^^^^^^^^^^^^^^^^
  File "/home/ubuntu/careerportal/mss-career-portal/app/linuxvenv/lib/python3.12/site-packages/starlette/concurrency.py", line 34, in run_in_threadpool
    return await anyio.to_thread.run_sync(func)
           ^^^^^^^^^^^^^^^^^^^^^^^^^^^^^^^^^^^^
  File "/home/ubuntu/careerportal/mss-career-portal/app/linuxvenv/lib/python3.12/site-packages/anyio/to_thread.py", line 63, in run_sync
    return await get_async_backend().run_sync_in_worker_thread(
           ^^^^^^^^^^^^^^^^^^^^^^^^^^^^^^^^^^^^^^^^^^^^^^^^^^^^
  File "/home/ubuntu/careerportal/mss-career-portal/app/linuxvenv/lib/python3.12/site-packages/anyio/_backends/_asyncio.py", line 2596, in run_sync_in_worker_thread
    return await future
           ^^^^^^^^^^^^
  File "/home/ubuntu/careerportal/mss-career-portal/app/linuxvenv/lib/python3.12/site-packages/anyio/_backends/_asyncio.py", line 1029, in run
    result = context.run(func, *args)
             ^^^^^^^^^^^^^^^^^^^^^^^^
  File "/home/ubuntu/careerportal/mss-career-portal/app/routes/auth_route.py", line 261, in update_candidate_profile
    return update_candidate_profile_db(db, user_id=candidate_id, data=form_data.model_dump(exclude_unset=True))
           ^^^^^^^^^^^^^^^^^^^^^^^^^^^^^^^^^^^^^^^^^^^^^^^^^^^^^^^^^^^^^^^^^^^^^^^^^^^^^^^^^^^^^^^^^^^^^^^^^^^^
  File "/home/ubuntu/careerportal/mss-career-portal/app/crud/auth_crud.py", line 524, in update_candidate_profile_db
    db.commit()
  File "/home/ubuntu/careerportal/mss-career-portal/app/linuxvenv/lib/python3.12/site-packages/sqlalchemy/orm/session.py", line 2035, in commit
    trans.commit(_to_root=True)
  File "<string>", line 2, in commit
  File "/home/ubuntu/careerportal/mss-career-portal/app/linuxvenv/lib/python3.12/site-packages/sqlalchemy/orm/state_changes.py", line 137, in _go
    ret_value = fn(self, *arg, **kw)
                ^^^^^^^^^^^^^^^^^^^^
  File "/home/ubuntu/careerportal/mss-career-portal/app/linuxvenv/lib/python3.12/site-packages/sqlalchemy/orm/session.py", line 1316, in commit
    self._prepare_impl()
  File "<string>", line 2, in _prepare_impl
  File "/home/ubuntu/careerportal/mss-career-portal/app/linuxvenv/lib/python3.12/site-packages/sqlalchemy/orm/state_changes.py", line 137, in _go
    ret_value = fn(self, *arg, **kw)
                ^^^^^^^^^^^^^^^^^^^^
  File "/home/ubuntu/careerportal/mss-career-portal/app/linuxvenv/lib/python3.12/site-packages/sqlalchemy/orm/session.py", line 1290, in _prepare_impl
    self.session.flush()
  File "/home/ubuntu/careerportal/mss-career-portal/app/linuxvenv/lib/python3.12/site-packages/sqlalchemy/orm/session.py", line 4353, in flush
    self._flush(objects)
  File "/home/ubuntu/careerportal/mss-career-portal/app/linuxvenv/lib/python3.12/site-packages/sqlalchemy/orm/session.py", line 4488, in _flush
    with util.safe_reraise():
  File "/home/ubuntu/careerportal/mss-career-portal/app/linuxvenv/lib/python3.12/site-packages/sqlalchemy/util/langhelpers.py", line 122, in __exit__
    raise exc_value.with_traceback(exc_tb)
  File "/home/ubuntu/careerportal/mss-career-portal/app/linuxvenv/lib/python3.12/site-packages/sqlalchemy/orm/session.py", line 4449, in _flush
    flush_context.execute()
  File "/home/ubuntu/careerportal/mss-career-portal/app/linuxvenv/lib/python3.12/site-packages/sqlalchemy/orm/unitofwork.py", line 465, in execute
    rec.execute(self)
  File "/home/ubuntu/careerportal/mss-career-portal/app/linuxvenv/lib/python3.12/site-packages/sqlalchemy/orm/unitofwork.py", line 641, in execute
    util.preloaded.orm_persistence.save_obj(
  File "/home/ubuntu/careerportal/mss-career-portal/app/linuxvenv/lib/python3.12/site-packages/sqlalchemy/orm/persistence.py", line 86, in save_obj
    _emit_update_statements(
  File "/home/ubuntu/careerportal/mss-career-portal/app/linuxvenv/lib/python3.12/site-packages/sqlalchemy/orm/persistence.py", line 913, in _emit_update_statements
    c = connection.execute(
        ^^^^^^^^^^^^^^^^^^^
  File "/home/ubuntu/careerportal/mss-career-portal/app/linuxvenv/lib/python3.12/site-packages/sqlalchemy/engine/base.py", line 1421, in execute
    return meth(
           ^^^^^
  File "/home/ubuntu/careerportal/mss-career-portal/app/linuxvenv/lib/python3.12/site-packages/sqlalchemy/sql/elements.py", line 526, in _execute_on_connection
    return connection._execute_clauseelement(
           ^^^^^^^^^^^^^^^^^^^^^^^^^^^^^^^^^^
  File "/home/ubuntu/careerportal/mss-career-portal/app/linuxvenv/lib/python3.12/site-packages/sqlalchemy/engine/base.py", line 1643, in _execute_clauseelement
    ret = self._execute_context(
          ^^^^^^^^^^^^^^^^^^^^^^
  File "/home/ubuntu/careerportal/mss-career-portal/app/linuxvenv/lib/python3.12/site-packages/sqlalchemy/engine/base.py", line 1848, in _execute_context
    return self._exec_single_context(
           ^^^^^^^^^^^^^^^^^^^^^^^^^^
  File "/home/ubuntu/careerportal/mss-career-portal/app/linuxvenv/lib/python3.12/site-packages/sqlalchemy/engine/base.py", line 1988, in _exec_single_context
    self._handle_dbapi_exception(
  File "/home/ubuntu/careerportal/mss-career-portal/app/linuxvenv/lib/python3.12/site-packages/sqlalchemy/engine/base.py", line 2365, in _handle_dbapi_exception
    raise sqlalchemy_exception.with_traceback(exc_info[2]) from e
  File "/home/ubuntu/careerportal/mss-career-portal/app/linuxvenv/lib/python3.12/site-packages/sqlalchemy/engine/base.py", line 1969, in _exec_single_context
    self.dialect.do_execute(
  File "/home/ubuntu/careerportal/mss-career-portal/app/linuxvenv/lib/python3.12/site-packages/sqlalchemy/engine/default.py", line 952, in do_execute
    cursor.execute(statement, parameters)
  File "/home/ubuntu/careerportal/mss-career-portal/app/linuxvenv/lib/python3.12/site-packages/pymysql/cursors.py", line 159, in execute
    result = self._query(query)
             ^^^^^^^^^^^^^^^^^^
  File "/home/ubuntu/careerportal/mss-career-portal/app/linuxvenv/lib/python3.12/site-packages/pymysql/cursors.py", line 330, in _query
    conn.query(q)
  File "/home/ubuntu/careerportal/mss-career-portal/app/linuxvenv/lib/python3.12/site-packages/pymysql/connections.py", line 582, in query
    self._affected_rows = self._read_query_result(unbuffered=unbuffered)
                          ^^^^^^^^^^^^^^^^^^^^^^^^^^^^^^^^^^^^^^^^^^^^^^
  File "/home/ubuntu/careerportal/mss-career-portal/app/linuxvenv/lib/python3.12/site-packages/pymysql/connections.py", line 847, in _read_query_result
    result.read()
  File "/home/ubuntu/careerportal/mss-career-portal/app/linuxvenv/lib/python3.12/site-packages/pymysql/connections.py", line 1245, in read
    first_packet = self.connection._read_packet()
                   ^^^^^^^^^^^^^^^^^^^^^^^^^^^^^^
  File "/home/ubuntu/careerportal/mss-career-portal/app/linuxvenv/lib/python3.12/site-packages/pymysql/connections.py", line 803, in _read_packet
    packet.raise_for_error()
  File "/home/ubuntu/careerportal/mss-career-portal/app/linuxvenv/lib/python3.12/site-packages/pymysql/protocol.py", line 219, in raise_for_error
    err.raise_mysql_exception(self._data)
  File "/home/ubuntu/careerportal/mss-career-portal/app/linuxvenv/lib/python3.12/site-packages/pymysql/err.py", line 154, in raise_mysql_exception
    raise errorclass(errno, errval, sqlstate=sqlstate)
sqlalchemy.exc.DataError: (pymysql.err.DataError) (1265, "Data truncated for column 'marital_status' at row 1")
[SQL: UPDATE candidate_metadata SET marital_status=%(marital_status)s, updated_at=CURRENT_TIMESTAMP WHERE candidate_metadata.id = %(candidate_metadata_id)s]
[parameters: {'marital_status': '', 'candidate_metadata_id': 5}]
(Background on this error at: https://sqlalche.me/e/20/9h9h)
[2026-06-30 08:47:29] ERROR in main: Unhandled error on PUT /auth/candidate/profile: (pymysql.err.DataError) (1265, "Data truncated for column 'marital_status' at row 1")
[SQL: UPDATE candidate_metadata SET marital_status=%(marital_status)s, updated_at=CURRENT_TIMESTAMP WHERE candidate_metadata.id = %(candidate_metadata_id)s]
[parameters: {'marital_status': '', 'candidate_metadata_id': 5}]
(Background on this error at: https://sqlalche.me/e/20/9h9h)
Traceback (most recent call last):
  File "/home/ubuntu/careerportal/mss-career-portal/app/linuxvenv/lib/python3.12/site-packages/sqlalchemy/engine/base.py", line 1969, in _exec_single_context
    self.dialect.do_execute(
  File "/home/ubuntu/careerportal/mss-career-portal/app/linuxvenv/lib/python3.12/site-packages/sqlalchemy/engine/default.py", line 952, in do_execute
    cursor.execute(statement, parameters)
  File "/home/ubuntu/careerportal/mss-career-portal/app/linuxvenv/lib/python3.12/site-packages/pymysql/cursors.py", line 159, in execute
    result = self._query(query)
             ^^^^^^^^^^^^^^^^^^
  File "/home/ubuntu/careerportal/mss-career-portal/app/linuxvenv/lib/python3.12/site-packages/pymysql/cursors.py", line 330, in _query
    conn.query(q)
  File "/home/ubuntu/careerportal/mss-career-portal/app/linuxvenv/lib/python3.12/site-packages/pymysql/connections.py", line 582, in query
    self._affected_rows = self._read_query_result(unbuffered=unbuffered)
                          ^^^^^^^^^^^^^^^^^^^^^^^^^^^^^^^^^^^^^^^^^^^^^^
  File "/home/ubuntu/careerportal/mss-career-portal/app/linuxvenv/lib/python3.12/site-packages/pymysql/connections.py", line 847, in _read_query_result
    result.read()
  File "/home/ubuntu/careerportal/mss-career-portal/app/linuxvenv/lib/python3.12/site-packages/pymysql/connections.py", line 1245, in read
    first_packet = self.connection._read_packet()
                   ^^^^^^^^^^^^^^^^^^^^^^^^^^^^^^
  File "/home/ubuntu/careerportal/mss-career-portal/app/linuxvenv/lib/python3.12/site-packages/pymysql/connections.py", line 803, in _read_packet
    packet.raise_for_error()
  File "/home/ubuntu/careerportal/mss-career-portal/app/linuxvenv/lib/python3.12/site-packages/pymysql/protocol.py", line 219, in raise_for_error
    err.raise_mysql_exception(self._data)
  File "/home/ubuntu/careerportal/mss-career-portal/app/linuxvenv/lib/python3.12/site-packages/pymysql/err.py", line 154, in raise_mysql_exception
    raise errorclass(errno, errval, sqlstate=sqlstate)
pymysql.err.DataError: (1265, "Data truncated for column 'marital_status' at row 1")

The above exception was the direct cause of the following exception:

Traceback (most recent call last):
  File "/home/ubuntu/careerportal/mss-career-portal/app/main.py", line 38, in dispatch
    return await call_next(request)
           ^^^^^^^^^^^^^^^^^^^^^^^^
  File "/home/ubuntu/careerportal/mss-career-portal/app/linuxvenv/lib/python3.12/site-packages/starlette/middleware/base.py", line 168, in call_next
    raise app_exc from app_exc.__cause__ or app_exc.__context__
  File "/home/ubuntu/careerportal/mss-career-portal/app/linuxvenv/lib/python3.12/site-packages/starlette/middleware/base.py", line 144, in coro
    await self.app(scope, receive_or_disconnect, send_no_error)
  File "/home/ubuntu/careerportal/mss-career-portal/app/linuxvenv/lib/python3.12/site-packages/starlette/middleware/exceptions.py", line 63, in __call__
    await wrap_app_handling_exceptions(self.app, conn)(scope, receive, send)
  File "/home/ubuntu/careerportal/mss-career-portal/app/linuxvenv/lib/python3.12/site-packages/starlette/_exception_handler.py", line 53, in wrapped_app
    raise exc
  File "/home/ubuntu/careerportal/mss-career-portal/app/linuxvenv/lib/python3.12/site-packages/starlette/_exception_handler.py", line 42, in wrapped_app
    await app(scope, receive, sender)
  File "/home/ubuntu/careerportal/mss-career-portal/app/linuxvenv/lib/python3.12/site-packages/fastapi/middleware/asyncexitstack.py", line 18, in __call__
    await self.app(scope, receive, send)
  File "/home/ubuntu/careerportal/mss-career-portal/app/linuxvenv/lib/python3.12/site-packages/starlette/routing.py", line 660, in __call__
    await self.middleware_stack(scope, receive, send)
  File "/home/ubuntu/careerportal/mss-career-portal/app/linuxvenv/lib/python3.12/site-packages/fastapi/routing.py", line 2531, in app
    await route.handle(scope, receive, send)
  File "/home/ubuntu/careerportal/mss-career-portal/app/linuxvenv/lib/python3.12/site-packages/fastapi/routing.py", line 1700, in handle
    await self.original_router.handle(scope, receive, send)
  File "/home/ubuntu/careerportal/mss-career-portal/app/linuxvenv/lib/python3.12/site-packages/fastapi/routing.py", line 2586, in handle
    await included_router._handle_selected(scope, receive, send)
  File "/home/ubuntu/careerportal/mss-career-portal/app/linuxvenv/lib/python3.12/site-packages/fastapi/routing.py", line 1720, in _handle_selected
    await original_route.handle(scope, receive, send)
  File "/home/ubuntu/careerportal/mss-career-portal/app/linuxvenv/lib/python3.12/site-packages/fastapi/routing.py", line 1239, in handle
    await app(scope, receive, send)
  File "/home/ubuntu/careerportal/mss-career-portal/app/linuxvenv/lib/python3.12/site-packages/fastapi/routing.py", line 150, in app
    await wrap_app_handling_exceptions(app, request)(scope, receive, send)
  File "/home/ubuntu/careerportal/mss-career-portal/app/linuxvenv/lib/python3.12/site-packages/starlette/_exception_handler.py", line 53, in wrapped_app
    raise exc
  File "/home/ubuntu/careerportal/mss-career-portal/app/linuxvenv/lib/python3.12/site-packages/starlette/_exception_handler.py", line 42, in wrapped_app
    await app(scope, receive, sender)
  File "/home/ubuntu/careerportal/mss-career-portal/app/linuxvenv/lib/python3.12/site-packages/fastapi/routing.py", line 136, in app
    response = await f(request)
               ^^^^^^^^^^^^^^^^
  File "/home/ubuntu/careerportal/mss-career-portal/app/linuxvenv/lib/python3.12/site-packages/fastapi/routing.py", line 690, in app
    raw_response = await run_endpoint_function(
                   ^^^^^^^^^^^^^^^^^^^^^^^^^^^^
  File "/home/ubuntu/careerportal/mss-career-portal/app/linuxvenv/lib/python3.12/site-packages/fastapi/routing.py", line 346, in run_endpoint_function
    return await run_in_threadpool(dependant.call, **values)
           ^^^^^^^^^^^^^^^^^^^^^^^^^^^^^^^^^^^^^^^^^^^^^^^^^
  File "/home/ubuntu/careerportal/mss-career-portal/app/linuxvenv/lib/python3.12/site-packages/starlette/concurrency.py", line 34, in run_in_threadpool
    return await anyio.to_thread.run_sync(func)
           ^^^^^^^^^^^^^^^^^^^^^^^^^^^^^^^^^^^^
  File "/home/ubuntu/careerportal/mss-career-portal/app/linuxvenv/lib/python3.12/site-packages/anyio/to_thread.py", line 63, in run_sync
    return await get_async_backend().run_sync_in_worker_thread(
           ^^^^^^^^^^^^^^^^^^^^^^^^^^^^^^^^^^^^^^^^^^^^^^^^^^^^
  File "/home/ubuntu/careerportal/mss-career-portal/app/linuxvenv/lib/python3.12/site-packages/anyio/_backends/_asyncio.py", line 2596, in run_sync_in_worker_thread
    return await future
           ^^^^^^^^^^^^
  File "/home/ubuntu/careerportal/mss-career-portal/app/linuxvenv/lib/python3.12/site-packages/anyio/_backends/_asyncio.py", line 1029, in run
    result = context.run(func, *args)
             ^^^^^^^^^^^^^^^^^^^^^^^^
  File "/home/ubuntu/careerportal/mss-career-portal/app/routes/auth_route.py", line 261, in update_candidate_profile
    return update_candidate_profile_db(db, user_id=candidate_id, data=form_data.model_dump(exclude_unset=True))
           ^^^^^^^^^^^^^^^^^^^^^^^^^^^^^^^^^^^^^^^^^^^^^^^^^^^^^^^^^^^^^^^^^^^^^^^^^^^^^^^^^^^^^^^^^^^^^^^^^^^^
  File "/home/ubuntu/careerportal/mss-career-portal/app/crud/auth_crud.py", line 524, in update_candidate_profile_db
    db.commit()
  File "/home/ubuntu/careerportal/mss-career-portal/app/linuxvenv/lib/python3.12/site-packages/sqlalchemy/orm/session.py", line 2035, in commit
    trans.commit(_to_root=True)
  File "<string>", line 2, in commit
  File "/home/ubuntu/careerportal/mss-career-portal/app/linuxvenv/lib/python3.12/site-packages/sqlalchemy/orm/state_changes.py", line 137, in _go
    ret_value = fn(self, *arg, **kw)
                ^^^^^^^^^^^^^^^^^^^^
  File "/home/ubuntu/careerportal/mss-career-portal/app/linuxvenv/lib/python3.12/site-packages/sqlalchemy/orm/session.py", line 1316, in commit
    self._prepare_impl()
  File "<string>", line 2, in _prepare_impl
  File "/home/ubuntu/careerportal/mss-career-portal/app/linuxvenv/lib/python3.12/site-packages/sqlalchemy/orm/state_changes.py", line 137, in _go
    ret_value = fn(self, *arg, **kw)
                ^^^^^^^^^^^^^^^^^^^^
  File "/home/ubuntu/careerportal/mss-career-portal/app/linuxvenv/lib/python3.12/site-packages/sqlalchemy/orm/session.py", line 1290, in _prepare_impl
    self.session.flush()
  File "/home/ubuntu/careerportal/mss-career-portal/app/linuxvenv/lib/python3.12/site-packages/sqlalchemy/orm/session.py", line 4353, in flush
    self._flush(objects)
  File "/home/ubuntu/careerportal/mss-career-portal/app/linuxvenv/lib/python3.12/site-packages/sqlalchemy/orm/session.py", line 4488, in _flush
    with util.safe_reraise():
  File "/home/ubuntu/careerportal/mss-career-portal/app/linuxvenv/lib/python3.12/site-packages/sqlalchemy/util/langhelpers.py", line 122, in __exit__
    raise exc_value.with_traceback(exc_tb)
  File "/home/ubuntu/careerportal/mss-career-portal/app/linuxvenv/lib/python3.12/site-packages/sqlalchemy/orm/session.py", line 4449, in _flush
    flush_context.execute()
  File "/home/ubuntu/careerportal/mss-career-portal/app/linuxvenv/lib/python3.12/site-packages/sqlalchemy/orm/unitofwork.py", line 465, in execute
    rec.execute(self)
  File "/home/ubuntu/careerportal/mss-career-portal/app/linuxvenv/lib/python3.12/site-packages/sqlalchemy/orm/unitofwork.py", line 641, in execute
    util.preloaded.orm_persistence.save_obj(
  File "/home/ubuntu/careerportal/mss-career-portal/app/linuxvenv/lib/python3.12/site-packages/sqlalchemy/orm/persistence.py", line 86, in save_obj
    _emit_update_statements(
  File "/home/ubuntu/careerportal/mss-career-portal/app/linuxvenv/lib/python3.12/site-packages/sqlalchemy/orm/persistence.py", line 913, in _emit_update_statements
    c = connection.execute(
        ^^^^^^^^^^^^^^^^^^^
  File "/home/ubuntu/careerportal/mss-career-portal/app/linuxvenv/lib/python3.12/site-packages/sqlalchemy/engine/base.py", line 1421, in execute
    return meth(
           ^^^^^
  File "/home/ubuntu/careerportal/mss-career-portal/app/linuxvenv/lib/python3.12/site-packages/sqlalchemy/sql/elements.py", line 526, in _execute_on_connection
    return connection._execute_clauseelement(
           ^^^^^^^^^^^^^^^^^^^^^^^^^^^^^^^^^^
  File "/home/ubuntu/careerportal/mss-career-portal/app/linuxvenv/lib/python3.12/site-packages/sqlalchemy/engine/base.py", line 1643, in _execute_clauseelement
    ret = self._execute_context(
          ^^^^^^^^^^^^^^^^^^^^^^
  File "/home/ubuntu/careerportal/mss-career-portal/app/linuxvenv/lib/python3.12/site-packages/sqlalchemy/engine/base.py", line 1848, in _execute_context
    return self._exec_single_context(
           ^^^^^^^^^^^^^^^^^^^^^^^^^^
  File "/home/ubuntu/careerportal/mss-career-portal/app/linuxvenv/lib/python3.12/site-packages/sqlalchemy/engine/base.py", line 1988, in _exec_single_context
    self._handle_dbapi_exception(
  File "/home/ubuntu/careerportal/mss-career-portal/app/linuxvenv/lib/python3.12/site-packages/sqlalchemy/engine/base.py", line 2365, in _handle_dbapi_exception
    raise sqlalchemy_exception.with_traceback(exc_info[2]) from e
  File "/home/ubuntu/careerportal/mss-career-portal/app/linuxvenv/lib/python3.12/site-packages/sqlalchemy/engine/base.py", line 1969, in _exec_single_context
    self.dialect.do_execute(
  File "/home/ubuntu/careerportal/mss-career-portal/app/linuxvenv/lib/python3.12/site-packages/sqlalchemy/engine/default.py", line 952, in do_execute
    cursor.execute(statement, parameters)
  File "/home/ubuntu/careerportal/mss-career-portal/app/linuxvenv/lib/python3.12/site-packages/pymysql/cursors.py", line 159, in execute
    result = self._query(query)
             ^^^^^^^^^^^^^^^^^^
  File "/home/ubuntu/careerportal/mss-career-portal/app/linuxvenv/lib/python3.12/site-packages/pymysql/cursors.py", line 330, in _query
    conn.query(q)
  File "/home/ubuntu/careerportal/mss-career-portal/app/linuxvenv/lib/python3.12/site-packages/pymysql/connections.py", line 582, in query
    self._affected_rows = self._read_query_result(unbuffered=unbuffered)
                          ^^^^^^^^^^^^^^^^^^^^^^^^^^^^^^^^^^^^^^^^^^^^^^
  File "/home/ubuntu/careerportal/mss-career-portal/app/linuxvenv/lib/python3.12/site-packages/pymysql/connections.py", line 847, in _read_query_result
    result.read()
  File "/home/ubuntu/careerportal/mss-career-portal/app/linuxvenv/lib/python3.12/site-packages/pymysql/connections.py", line 1245, in read
    first_packet = self.connection._read_packet()
                   ^^^^^^^^^^^^^^^^^^^^^^^^^^^^^^
  File "/home/ubuntu/careerportal/mss-career-portal/app/linuxvenv/lib/python3.12/site-packages/pymysql/connections.py", line 803, in _read_packet
    packet.raise_for_error()
  File "/home/ubuntu/careerportal/mss-career-portal/app/linuxvenv/lib/python3.12/site-packages/pymysql/protocol.py", line 219, in raise_for_error
    err.raise_mysql_exception(self._data)
  File "/home/ubuntu/careerportal/mss-career-portal/app/linuxvenv/lib/python3.12/site-packages/pymysql/err.py", line 154, in raise_mysql_exception
    raise errorclass(errno, errval, sqlstate=sqlstate)
sqlalchemy.exc.DataError: (pymysql.err.DataError) (1265, "Data truncated for column 'marital_status' at row 1")
[SQL: UPDATE candidate_metadata SET marital_status=%(marital_status)s, updated_at=CURRENT_TIMESTAMP WHERE candidate_metadata.id = %(candidate_metadata_id)s]
[parameters: {'marital_status': '', 'candidate_metadata_id': 5}]
(Background on this error at: https://sqlalche.me/e/20/9h9h)
[2026-06-30 08:47:33] ERROR in main: Unhandled error on PUT /auth/candidate/profile: (pymysql.err.DataError) (1265, "Data truncated for column 'marital_status' at row 1")
[SQL: UPDATE candidate_metadata SET marital_status=%(marital_status)s, updated_at=CURRENT_TIMESTAMP WHERE candidate_metadata.id = %(candidate_metadata_id)s]
[parameters: {'marital_status': '', 'candidate_metadata_id': 5}]
(Background on this error at: https://sqlalche.me/e/20/9h9h)
Traceback (most recent call last):
  File "/home/ubuntu/careerportal/mss-career-portal/app/linuxvenv/lib/python3.12/site-packages/sqlalchemy/engine/base.py", line 1969, in _exec_single_context
    self.dialect.do_execute(
  File "/home/ubuntu/careerportal/mss-career-portal/app/linuxvenv/lib/python3.12/site-packages/sqlalchemy/engine/default.py", line 952, in do_execute
    cursor.execute(statement, parameters)
  File "/home/ubuntu/careerportal/mss-career-portal/app/linuxvenv/lib/python3.12/site-packages/pymysql/cursors.py", line 159, in execute
    result = self._query(query)
             ^^^^^^^^^^^^^^^^^^
  File "/home/ubuntu/careerportal/mss-career-portal/app/linuxvenv/lib/python3.12/site-packages/pymysql/cursors.py", line 330, in _query
    conn.query(q)
  File "/home/ubuntu/careerportal/mss-career-portal/app/linuxvenv/lib/python3.12/site-packages/pymysql/connections.py", line 582, in query
    self._affected_rows = self._read_query_result(unbuffered=unbuffered)
                          ^^^^^^^^^^^^^^^^^^^^^^^^^^^^^^^^^^^^^^^^^^^^^^
  File "/home/ubuntu/careerportal/mss-career-portal/app/linuxvenv/lib/python3.12/site-packages/pymysql/connections.py", line 847, in _read_query_result
    result.read()
  File "/home/ubuntu/careerportal/mss-career-portal/app/linuxvenv/lib/python3.12/site-packages/pymysql/connections.py", line 1245, in read
    first_packet = self.connection._read_packet()
                   ^^^^^^^^^^^^^^^^^^^^^^^^^^^^^^
  File "/home/ubuntu/careerportal/mss-career-portal/app/linuxvenv/lib/python3.12/site-packages/pymysql/connections.py", line 803, in _read_packet
    packet.raise_for_error()
  File "/home/ubuntu/careerportal/mss-career-portal/app/linuxvenv/lib/python3.12/site-packages/pymysql/protocol.py", line 219, in raise_for_error
    err.raise_mysql_exception(self._data)
  File "/home/ubuntu/careerportal/mss-career-portal/app/linuxvenv/lib/python3.12/site-packages/pymysql/err.py", line 154, in raise_mysql_exception
    raise errorclass(errno, errval, sqlstate=sqlstate)
pymysql.err.DataError: (1265, "Data truncated for column 'marital_status' at row 1")

The above exception was the direct cause of the following exception:

Traceback (most recent call last):
  File "/home/ubuntu/careerportal/mss-career-portal/app/main.py", line 38, in dispatch
    return await call_next(request)
           ^^^^^^^^^^^^^^^^^^^^^^^^
  File "/home/ubuntu/careerportal/mss-career-portal/app/linuxvenv/lib/python3.12/site-packages/starlette/middleware/base.py", line 168, in call_next
    raise app_exc from app_exc.__cause__ or app_exc.__context__
  File "/home/ubuntu/careerportal/mss-career-portal/app/linuxvenv/lib/python3.12/site-packages/starlette/middleware/base.py", line 144, in coro
    await self.app(scope, receive_or_disconnect, send_no_error)
  File "/home/ubuntu/careerportal/mss-career-portal/app/linuxvenv/lib/python3.12/site-packages/starlette/middleware/exceptions.py", line 63, in __call__
    await wrap_app_handling_exceptions(self.app, conn)(scope, receive, send)
  File "/home/ubuntu/careerportal/mss-career-portal/app/linuxvenv/lib/python3.12/site-packages/starlette/_exception_handler.py", line 53, in wrapped_app
    raise exc
  File "/home/ubuntu/careerportal/mss-career-portal/app/linuxvenv/lib/python3.12/site-packages/starlette/_exception_handler.py", line 42, in wrapped_app
    await app(scope, receive, sender)
  File "/home/ubuntu/careerportal/mss-career-portal/app/linuxvenv/lib/python3.12/site-packages/fastapi/middleware/asyncexitstack.py", line 18, in __call__
    await self.app(scope, receive, send)
  File "/home/ubuntu/careerportal/mss-career-portal/app/linuxvenv/lib/python3.12/site-packages/starlette/routing.py", line 660, in __call__
    await self.middleware_stack(scope, receive, send)
  File "/home/ubuntu/careerportal/mss-career-portal/app/linuxvenv/lib/python3.12/site-packages/fastapi/routing.py", line 2531, in app
    await route.handle(scope, receive, send)
  File "/home/ubuntu/careerportal/mss-career-portal/app/linuxvenv/lib/python3.12/site-packages/fastapi/routing.py", line 1700, in handle
    await self.original_router.handle(scope, receive, send)
  File "/home/ubuntu/careerportal/mss-career-portal/app/linuxvenv/lib/python3.12/site-packages/fastapi/routing.py", line 2586, in handle
    await included_router._handle_selected(scope, receive, send)
  File "/home/ubuntu/careerportal/mss-career-portal/app/linuxvenv/lib/python3.12/site-packages/fastapi/routing.py", line 1720, in _handle_selected
    await original_route.handle(scope, receive, send)
  File "/home/ubuntu/careerportal/mss-career-portal/app/linuxvenv/lib/python3.12/site-packages/fastapi/routing.py", line 1239, in handle
    await app(scope, receive, send)
  File "/home/ubuntu/careerportal/mss-career-portal/app/linuxvenv/lib/python3.12/site-packages/fastapi/routing.py", line 150, in app
    await wrap_app_handling_exceptions(app, request)(scope, receive, send)
  File "/home/ubuntu/careerportal/mss-career-portal/app/linuxvenv/lib/python3.12/site-packages/starlette/_exception_handler.py", line 53, in wrapped_app
    raise exc
  File "/home/ubuntu/careerportal/mss-career-portal/app/linuxvenv/lib/python3.12/site-packages/starlette/_exception_handler.py", line 42, in wrapped_app
    await app(scope, receive, sender)
  File "/home/ubuntu/careerportal/mss-career-portal/app/linuxvenv/lib/python3.12/site-packages/fastapi/routing.py", line 136, in app
    response = await f(request)
               ^^^^^^^^^^^^^^^^
  File "/home/ubuntu/careerportal/mss-career-portal/app/linuxvenv/lib/python3.12/site-packages/fastapi/routing.py", line 690, in app
    raw_response = await run_endpoint_function(
                   ^^^^^^^^^^^^^^^^^^^^^^^^^^^^
  File "/home/ubuntu/careerportal/mss-career-portal/app/linuxvenv/lib/python3.12/site-packages/fastapi/routing.py", line 346, in run_endpoint_function
    return await run_in_threadpool(dependant.call, **values)
           ^^^^^^^^^^^^^^^^^^^^^^^^^^^^^^^^^^^^^^^^^^^^^^^^^
  File "/home/ubuntu/careerportal/mss-career-portal/app/linuxvenv/lib/python3.12/site-packages/starlette/concurrency.py", line 34, in run_in_threadpool
    return await anyio.to_thread.run_sync(func)
           ^^^^^^^^^^^^^^^^^^^^^^^^^^^^^^^^^^^^
  File "/home/ubuntu/careerportal/mss-career-portal/app/linuxvenv/lib/python3.12/site-packages/anyio/to_thread.py", line 63, in run_sync
    return await get_async_backend().run_sync_in_worker_thread(
           ^^^^^^^^^^^^^^^^^^^^^^^^^^^^^^^^^^^^^^^^^^^^^^^^^^^^
  File "/home/ubuntu/careerportal/mss-career-portal/app/linuxvenv/lib/python3.12/site-packages/anyio/_backends/_asyncio.py", line 2596, in run_sync_in_worker_thread
    return await future
           ^^^^^^^^^^^^
  File "/home/ubuntu/careerportal/mss-career-portal/app/linuxvenv/lib/python3.12/site-packages/anyio/_backends/_asyncio.py", line 1029, in run
    result = context.run(func, *args)
             ^^^^^^^^^^^^^^^^^^^^^^^^
  File "/home/ubuntu/careerportal/mss-career-portal/app/routes/auth_route.py", line 261, in update_candidate_profile
    return update_candidate_profile_db(db, user_id=candidate_id, data=form_data.model_dump(exclude_unset=True))
           ^^^^^^^^^^^^^^^^^^^^^^^^^^^^^^^^^^^^^^^^^^^^^^^^^^^^^^^^^^^^^^^^^^^^^^^^^^^^^^^^^^^^^^^^^^^^^^^^^^^^
  File "/home/ubuntu/careerportal/mss-career-portal/app/crud/auth_crud.py", line 524, in update_candidate_profile_db
    db.commit()
  File "/home/ubuntu/careerportal/mss-career-portal/app/linuxvenv/lib/python3.12/site-packages/sqlalchemy/orm/session.py", line 2035, in commit
    trans.commit(_to_root=True)
  File "<string>", line 2, in commit
  File "/home/ubuntu/careerportal/mss-career-portal/app/linuxvenv/lib/python3.12/site-packages/sqlalchemy/orm/state_changes.py", line 137, in _go
    ret_value = fn(self, *arg, **kw)
                ^^^^^^^^^^^^^^^^^^^^
  File "/home/ubuntu/careerportal/mss-career-portal/app/linuxvenv/lib/python3.12/site-packages/sqlalchemy/orm/session.py", line 1316, in commit
    self._prepare_impl()
  File "<string>", line 2, in _prepare_impl
  File "/home/ubuntu/careerportal/mss-career-portal/app/linuxvenv/lib/python3.12/site-packages/sqlalchemy/orm/state_changes.py", line 137, in _go
    ret_value = fn(self, *arg, **kw)
                ^^^^^^^^^^^^^^^^^^^^
  File "/home/ubuntu/careerportal/mss-career-portal/app/linuxvenv/lib/python3.12/site-packages/sqlalchemy/orm/session.py", line 1290, in _prepare_impl
    self.session.flush()
  File "/home/ubuntu/careerportal/mss-career-portal/app/linuxvenv/lib/python3.12/site-packages/sqlalchemy/orm/session.py", line 4353, in flush
    self._flush(objects)
  File "/home/ubuntu/careerportal/mss-career-portal/app/linuxvenv/lib/python3.12/site-packages/sqlalchemy/orm/session.py", line 4488, in _flush
    with util.safe_reraise():
  File "/home/ubuntu/careerportal/mss-career-portal/app/linuxvenv/lib/python3.12/site-packages/sqlalchemy/util/langhelpers.py", line 122, in __exit__
    raise exc_value.with_traceback(exc_tb)
  File "/home/ubuntu/careerportal/mss-career-portal/app/linuxvenv/lib/python3.12/site-packages/sqlalchemy/orm/session.py", line 4449, in _flush
    flush_context.execute()
  File "/home/ubuntu/careerportal/mss-career-portal/app/linuxvenv/lib/python3.12/site-packages/sqlalchemy/orm/unitofwork.py", line 465, in execute
    rec.execute(self)
  File "/home/ubuntu/careerportal/mss-career-portal/app/linuxvenv/lib/python3.12/site-packages/sqlalchemy/orm/unitofwork.py", line 641, in execute
    util.preloaded.orm_persistence.save_obj(
  File "/home/ubuntu/careerportal/mss-career-portal/app/linuxvenv/lib/python3.12/site-packages/sqlalchemy/orm/persistence.py", line 86, in save_obj
    _emit_update_statements(
  File "/home/ubuntu/careerportal/mss-career-portal/app/linuxvenv/lib/python3.12/site-packages/sqlalchemy/orm/persistence.py", line 913, in _emit_update_statements
    c = connection.execute(
        ^^^^^^^^^^^^^^^^^^^
  File "/home/ubuntu/careerportal/mss-career-portal/app/linuxvenv/lib/python3.12/site-packages/sqlalchemy/engine/base.py", line 1421, in execute
    return meth(
           ^^^^^
  File "/home/ubuntu/careerportal/mss-career-portal/app/linuxvenv/lib/python3.12/site-packages/sqlalchemy/sql/elements.py", line 526, in _execute_on_connection
    return connection._execute_clauseelement(
           ^^^^^^^^^^^^^^^^^^^^^^^^^^^^^^^^^^
  File "/home/ubuntu/careerportal/mss-career-portal/app/linuxvenv/lib/python3.12/site-packages/sqlalchemy/engine/base.py", line 1643, in _execute_clauseelement
    ret = self._execute_context(
          ^^^^^^^^^^^^^^^^^^^^^^
  File "/home/ubuntu/careerportal/mss-career-portal/app/linuxvenv/lib/python3.12/site-packages/sqlalchemy/engine/base.py", line 1848, in _execute_context
    return self._exec_single_context(
           ^^^^^^^^^^^^^^^^^^^^^^^^^^
  File "/home/ubuntu/careerportal/mss-career-portal/app/linuxvenv/lib/python3.12/site-packages/sqlalchemy/engine/base.py", line 1988, in _exec_single_context
    self._handle_dbapi_exception(
  File "/home/ubuntu/careerportal/mss-career-portal/app/linuxvenv/lib/python3.12/site-packages/sqlalchemy/engine/base.py", line 2365, in _handle_dbapi_exception
    raise sqlalchemy_exception.with_traceback(exc_info[2]) from e
  File "/home/ubuntu/careerportal/mss-career-portal/app/linuxvenv/lib/python3.12/site-packages/sqlalchemy/engine/base.py", line 1969, in _exec_single_context
    self.dialect.do_execute(
  File "/home/ubuntu/careerportal/mss-career-portal/app/linuxvenv/lib/python3.12/site-packages/sqlalchemy/engine/default.py", line 952, in do_execute
    cursor.execute(statement, parameters)
  File "/home/ubuntu/careerportal/mss-career-portal/app/linuxvenv/lib/python3.12/site-packages/pymysql/cursors.py", line 159, in execute
    result = self._query(query)
             ^^^^^^^^^^^^^^^^^^
  File "/home/ubuntu/careerportal/mss-career-portal/app/linuxvenv/lib/python3.12/site-packages/pymysql/cursors.py", line 330, in _query
    conn.query(q)
  File "/home/ubuntu/careerportal/mss-career-portal/app/linuxvenv/lib/python3.12/site-packages/pymysql/connections.py", line 582, in query
    self._affected_rows = self._read_query_result(unbuffered=unbuffered)
                          ^^^^^^^^^^^^^^^^^^^^^^^^^^^^^^^^^^^^^^^^^^^^^^
  File "/home/ubuntu/careerportal/mss-career-portal/app/linuxvenv/lib/python3.12/site-packages/pymysql/connections.py", line 847, in _read_query_result
    result.read()
  File "/home/ubuntu/careerportal/mss-career-portal/app/linuxvenv/lib/python3.12/site-packages/pymysql/connections.py", line 1245, in read
    first_packet = self.connection._read_packet()
                   ^^^^^^^^^^^^^^^^^^^^^^^^^^^^^^
  File "/home/ubuntu/careerportal/mss-career-portal/app/linuxvenv/lib/python3.12/site-packages/pymysql/connections.py", line 803, in _read_packet
    packet.raise_for_error()
  File "/home/ubuntu/careerportal/mss-career-portal/app/linuxvenv/lib/python3.12/site-packages/pymysql/protocol.py", line 219, in raise_for_error
    err.raise_mysql_exception(self._data)
  File "/home/ubuntu/careerportal/mss-career-portal/app/linuxvenv/lib/python3.12/site-packages/pymysql/err.py", line 154, in raise_mysql_exception
    raise errorclass(errno, errval, sqlstate=sqlstate)
sqlalchemy.exc.DataError: (pymysql.err.DataError) (1265, "Data truncated for column 'marital_status' at row 1")
[SQL: UPDATE candidate_metadata SET marital_status=%(marital_status)s, updated_at=CURRENT_TIMESTAMP WHERE candidate_metadata.id = %(candidate_metadata_id)s]
[parameters: {'marital_status': '', 'candidate_metadata_id': 5}]
(Background on this error at: https://sqlalche.me/e/20/9h9h)
[2026-06-30 08:47:36] ERROR in main: Unhandled error on PUT /auth/candidate/profile: (pymysql.err.DataError) (1265, "Data truncated for column 'marital_status' at row 1")
[SQL: UPDATE candidate_metadata SET marital_status=%(marital_status)s, updated_at=CURRENT_TIMESTAMP WHERE candidate_metadata.id = %(candidate_metadata_id)s]
[parameters: {'marital_status': '', 'candidate_metadata_id': 5}]
(Background on this error at: https://sqlalche.me/e/20/9h9h)
Traceback (most recent call last):
  File "/home/ubuntu/careerportal/mss-career-portal/app/linuxvenv/lib/python3.12/site-packages/sqlalchemy/engine/base.py", line 1969, in _exec_single_context
    self.dialect.do_execute(
  File "/home/ubuntu/careerportal/mss-career-portal/app/linuxvenv/lib/python3.12/site-packages/sqlalchemy/engine/default.py", line 952, in do_execute
    cursor.execute(statement, parameters)
  File "/home/ubuntu/careerportal/mss-career-portal/app/linuxvenv/lib/python3.12/site-packages/pymysql/cursors.py", line 159, in execute
    result = self._query(query)
             ^^^^^^^^^^^^^^^^^^
  File "/home/ubuntu/careerportal/mss-career-portal/app/linuxvenv/lib/python3.12/site-packages/pymysql/cursors.py", line 330, in _query
    conn.query(q)
  File "/home/ubuntu/careerportal/mss-career-portal/app/linuxvenv/lib/python3.12/site-packages/pymysql/connections.py", line 582, in query
    self._affected_rows = self._read_query_result(unbuffered=unbuffered)
                          ^^^^^^^^^^^^^^^^^^^^^^^^^^^^^^^^^^^^^^^^^^^^^^
  File "/home/ubuntu/careerportal/mss-career-portal/app/linuxvenv/lib/python3.12/site-packages/pymysql/connections.py", line 847, in _read_query_result
    result.read()
  File "/home/ubuntu/careerportal/mss-career-portal/app/linuxvenv/lib/python3.12/site-packages/pymysql/connections.py", line 1245, in read
    first_packet = self.connection._read_packet()
                   ^^^^^^^^^^^^^^^^^^^^^^^^^^^^^^
  File "/home/ubuntu/careerportal/mss-career-portal/app/linuxvenv/lib/python3.12/site-packages/pymysql/connections.py", line 803, in _read_packet
    packet.raise_for_error()
  File "/home/ubuntu/careerportal/mss-career-portal/app/linuxvenv/lib/python3.12/site-packages/pymysql/protocol.py", line 219, in raise_for_error
    err.raise_mysql_exception(self._data)
  File "/home/ubuntu/careerportal/mss-career-portal/app/linuxvenv/lib/python3.12/site-packages/pymysql/err.py", line 154, in raise_mysql_exception
    raise errorclass(errno, errval, sqlstate=sqlstate)
pymysql.err.DataError: (1265, "Data truncated for column 'marital_status' at row 1")

The above exception was the direct cause of the following exception:

Traceback (most recent call last):
  File "/home/ubuntu/careerportal/mss-career-portal/app/main.py", line 38, in dispatch
    return await call_next(request)
           ^^^^^^^^^^^^^^^^^^^^^^^^
  File "/home/ubuntu/careerportal/mss-career-portal/app/linuxvenv/lib/python3.12/site-packages/starlette/middleware/base.py", line 168, in call_next
    raise app_exc from app_exc.__cause__ or app_exc.__context__
  File "/home/ubuntu/careerportal/mss-career-portal/app/linuxvenv/lib/python3.12/site-packages/starlette/middleware/base.py", line 144, in coro
    await self.app(scope, receive_or_disconnect, send_no_error)
  File "/home/ubuntu/careerportal/mss-career-portal/app/linuxvenv/lib/python3.12/site-packages/starlette/middleware/exceptions.py", line 63, in __call__
    await wrap_app_handling_exceptions(self.app, conn)(scope, receive, send)
  File "/home/ubuntu/careerportal/mss-career-portal/app/linuxvenv/lib/python3.12/site-packages/starlette/_exception_handler.py", line 53, in wrapped_app
    raise exc
  File "/home/ubuntu/careerportal/mss-career-portal/app/linuxvenv/lib/python3.12/site-packages/starlette/_exception_handler.py", line 42, in wrapped_app
    await app(scope, receive, sender)
  File "/home/ubuntu/careerportal/mss-career-portal/app/linuxvenv/lib/python3.12/site-packages/fastapi/middleware/asyncexitstack.py", line 18, in __call__
    await self.app(scope, receive, send)
  File "/home/ubuntu/careerportal/mss-career-portal/app/linuxvenv/lib/python3.12/site-packages/starlette/routing.py", line 660, in __call__
    await self.middleware_stack(scope, receive, send)
  File "/home/ubuntu/careerportal/mss-career-portal/app/linuxvenv/lib/python3.12/site-packages/fastapi/routing.py", line 2531, in app
    await route.handle(scope, receive, send)
  File "/home/ubuntu/careerportal/mss-career-portal/app/linuxvenv/lib/python3.12/site-packages/fastapi/routing.py", line 1700, in handle
    await self.original_router.handle(scope, receive, send)
  File "/home/ubuntu/careerportal/mss-career-portal/app/linuxvenv/lib/python3.12/site-packages/fastapi/routing.py", line 2586, in handle
    await included_router._handle_selected(scope, receive, send)
  File "/home/ubuntu/careerportal/mss-career-portal/app/linuxvenv/lib/python3.12/site-packages/fastapi/routing.py", line 1720, in _handle_selected
    await original_route.handle(scope, receive, send)
  File "/home/ubuntu/careerportal/mss-career-portal/app/linuxvenv/lib/python3.12/site-packages/fastapi/routing.py", line 1239, in handle
    await app(scope, receive, send)
  File "/home/ubuntu/careerportal/mss-career-portal/app/linuxvenv/lib/python3.12/site-packages/fastapi/routing.py", line 150, in app
    await wrap_app_handling_exceptions(app, request)(scope, receive, send)
  File "/home/ubuntu/careerportal/mss-career-portal/app/linuxvenv/lib/python3.12/site-packages/starlette/_exception_handler.py", line 53, in wrapped_app
    raise exc
  File "/home/ubuntu/careerportal/mss-career-portal/app/linuxvenv/lib/python3.12/site-packages/starlette/_exception_handler.py", line 42, in wrapped_app
    await app(scope, receive, sender)
  File "/home/ubuntu/careerportal/mss-career-portal/app/linuxvenv/lib/python3.12/site-packages/fastapi/routing.py", line 136, in app
    response = await f(request)
               ^^^^^^^^^^^^^^^^
  File "/home/ubuntu/careerportal/mss-career-portal/app/linuxvenv/lib/python3.12/site-packages/fastapi/routing.py", line 690, in app
    raw_response = await run_endpoint_function(
                   ^^^^^^^^^^^^^^^^^^^^^^^^^^^^
  File "/home/ubuntu/careerportal/mss-career-portal/app/linuxvenv/lib/python3.12/site-packages/fastapi/routing.py", line 346, in run_endpoint_function
    return await run_in_threadpool(dependant.call, **values)
           ^^^^^^^^^^^^^^^^^^^^^^^^^^^^^^^^^^^^^^^^^^^^^^^^^
  File "/home/ubuntu/careerportal/mss-career-portal/app/linuxvenv/lib/python3.12/site-packages/starlette/concurrency.py", line 34, in run_in_threadpool
    return await anyio.to_thread.run_sync(func)
           ^^^^^^^^^^^^^^^^^^^^^^^^^^^^^^^^^^^^
  File "/home/ubuntu/careerportal/mss-career-portal/app/linuxvenv/lib/python3.12/site-packages/anyio/to_thread.py", line 63, in run_sync
    return await get_async_backend().run_sync_in_worker_thread(
           ^^^^^^^^^^^^^^^^^^^^^^^^^^^^^^^^^^^^^^^^^^^^^^^^^^^^
  File "/home/ubuntu/careerportal/mss-career-portal/app/linuxvenv/lib/python3.12/site-packages/anyio/_backends/_asyncio.py", line 2596, in run_sync_in_worker_thread
    return await future
           ^^^^^^^^^^^^
  File "/home/ubuntu/careerportal/mss-career-portal/app/linuxvenv/lib/python3.12/site-packages/anyio/_backends/_asyncio.py", line 1029, in run
    result = context.run(func, *args)
             ^^^^^^^^^^^^^^^^^^^^^^^^
  File "/home/ubuntu/careerportal/mss-career-portal/app/routes/auth_route.py", line 261, in update_candidate_profile
    return update_candidate_profile_db(db, user_id=candidate_id, data=form_data.model_dump(exclude_unset=True))
           ^^^^^^^^^^^^^^^^^^^^^^^^^^^^^^^^^^^^^^^^^^^^^^^^^^^^^^^^^^^^^^^^^^^^^^^^^^^^^^^^^^^^^^^^^^^^^^^^^^^^
  File "/home/ubuntu/careerportal/mss-career-portal/app/crud/auth_crud.py", line 524, in update_candidate_profile_db
    db.commit()
  File "/home/ubuntu/careerportal/mss-career-portal/app/linuxvenv/lib/python3.12/site-packages/sqlalchemy/orm/session.py", line 2035, in commit
    trans.commit(_to_root=True)
  File "<string>", line 2, in commit
  File "/home/ubuntu/careerportal/mss-career-portal/app/linuxvenv/lib/python3.12/site-packages/sqlalchemy/orm/state_changes.py", line 137, in _go
    ret_value = fn(self, *arg, **kw)
                ^^^^^^^^^^^^^^^^^^^^
  File "/home/ubuntu/careerportal/mss-career-portal/app/linuxvenv/lib/python3.12/site-packages/sqlalchemy/orm/session.py", line 1316, in commit
    self._prepare_impl()
  File "<string>", line 2, in _prepare_impl
  File "/home/ubuntu/careerportal/mss-career-portal/app/linuxvenv/lib/python3.12/site-packages/sqlalchemy/orm/state_changes.py", line 137, in _go
    ret_value = fn(self, *arg, **kw)
                ^^^^^^^^^^^^^^^^^^^^
  File "/home/ubuntu/careerportal/mss-career-portal/app/linuxvenv/lib/python3.12/site-packages/sqlalchemy/orm/session.py", line 1290, in _prepare_impl
    self.session.flush()
  File "/home/ubuntu/careerportal/mss-career-portal/app/linuxvenv/lib/python3.12/site-packages/sqlalchemy/orm/session.py", line 4353, in flush
    self._flush(objects)
  File "/home/ubuntu/careerportal/mss-career-portal/app/linuxvenv/lib/python3.12/site-packages/sqlalchemy/orm/session.py", line 4488, in _flush
    with util.safe_reraise():
  File "/home/ubuntu/careerportal/mss-career-portal/app/linuxvenv/lib/python3.12/site-packages/sqlalchemy/util/langhelpers.py", line 122, in __exit__
    raise exc_value.with_traceback(exc_tb)
  File "/home/ubuntu/careerportal/mss-career-portal/app/linuxvenv/lib/python3.12/site-packages/sqlalchemy/orm/session.py", line 4449, in _flush
    flush_context.execute()
  File "/home/ubuntu/careerportal/mss-career-portal/app/linuxvenv/lib/python3.12/site-packages/sqlalchemy/orm/unitofwork.py", line 465, in execute
    rec.execute(self)
  File "/home/ubuntu/careerportal/mss-career-portal/app/linuxvenv/lib/python3.12/site-packages/sqlalchemy/orm/unitofwork.py", line 641, in execute
    util.preloaded.orm_persistence.save_obj(
  File "/home/ubuntu/careerportal/mss-career-portal/app/linuxvenv/lib/python3.12/site-packages/sqlalchemy/orm/persistence.py", line 86, in save_obj
    _emit_update_statements(
  File "/home/ubuntu/careerportal/mss-career-portal/app/linuxvenv/lib/python3.12/site-packages/sqlalchemy/orm/persistence.py", line 913, in _emit_update_statements
    c = connection.execute(
        ^^^^^^^^^^^^^^^^^^^
  File "/home/ubuntu/careerportal/mss-career-portal/app/linuxvenv/lib/python3.12/site-packages/sqlalchemy/engine/base.py", line 1421, in execute
    return meth(
           ^^^^^
  File "/home/ubuntu/careerportal/mss-career-portal/app/linuxvenv/lib/python3.12/site-packages/sqlalchemy/sql/elements.py", line 526, in _execute_on_connection
    return connection._execute_clauseelement(
           ^^^^^^^^^^^^^^^^^^^^^^^^^^^^^^^^^^
  File "/home/ubuntu/careerportal/mss-career-portal/app/linuxvenv/lib/python3.12/site-packages/sqlalchemy/engine/base.py", line 1643, in _execute_clauseelement
    ret = self._execute_context(
          ^^^^^^^^^^^^^^^^^^^^^^
  File "/home/ubuntu/careerportal/mss-career-portal/app/linuxvenv/lib/python3.12/site-packages/sqlalchemy/engine/base.py", line 1848, in _execute_context
    return self._exec_single_context(
           ^^^^^^^^^^^^^^^^^^^^^^^^^^
  File "/home/ubuntu/careerportal/mss-career-portal/app/linuxvenv/lib/python3.12/site-packages/sqlalchemy/engine/base.py", line 1988, in _exec_single_context
    self._handle_dbapi_exception(
  File "/home/ubuntu/careerportal/mss-career-portal/app/linuxvenv/lib/python3.12/site-packages/sqlalchemy/engine/base.py", line 2365, in _handle_dbapi_exception
    raise sqlalchemy_exception.with_traceback(exc_info[2]) from e
  File "/home/ubuntu/careerportal/mss-career-portal/app/linuxvenv/lib/python3.12/site-packages/sqlalchemy/engine/base.py", line 1969, in _exec_single_context
    self.dialect.do_execute(
  File "/home/ubuntu/careerportal/mss-career-portal/app/linuxvenv/lib/python3.12/site-packages/sqlalchemy/engine/default.py", line 952, in do_execute
    cursor.execute(statement, parameters)
  File "/home/ubuntu/careerportal/mss-career-portal/app/linuxvenv/lib/python3.12/site-packages/pymysql/cursors.py", line 159, in execute
    result = self._query(query)
             ^^^^^^^^^^^^^^^^^^
  File "/home/ubuntu/careerportal/mss-career-portal/app/linuxvenv/lib/python3.12/site-packages/pymysql/cursors.py", line 330, in _query
    conn.query(q)
  File "/home/ubuntu/careerportal/mss-career-portal/app/linuxvenv/lib/python3.12/site-packages/pymysql/connections.py", line 582, in query
    self._affected_rows = self._read_query_result(unbuffered=unbuffered)
                          ^^^^^^^^^^^^^^^^^^^^^^^^^^^^^^^^^^^^^^^^^^^^^^
  File "/home/ubuntu/careerportal/mss-career-portal/app/linuxvenv/lib/python3.12/site-packages/pymysql/connections.py", line 847, in _read_query_result
    result.read()
  File "/home/ubuntu/careerportal/mss-career-portal/app/linuxvenv/lib/python3.12/site-packages/pymysql/connections.py", line 1245, in read
    first_packet = self.connection._read_packet()
                   ^^^^^^^^^^^^^^^^^^^^^^^^^^^^^^
  File "/home/ubuntu/careerportal/mss-career-portal/app/linuxvenv/lib/python3.12/site-packages/pymysql/connections.py", line 803, in _read_packet
    packet.raise_for_error()
  File "/home/ubuntu/careerportal/mss-career-portal/app/linuxvenv/lib/python3.12/site-packages/pymysql/protocol.py", line 219, in raise_for_error
    err.raise_mysql_exception(self._data)
  File "/home/ubuntu/careerportal/mss-career-portal/app/linuxvenv/lib/python3.12/site-packages/pymysql/err.py", line 154, in raise_mysql_exception
    raise errorclass(errno, errval, sqlstate=sqlstate)
sqlalchemy.exc.DataError: (pymysql.err.DataError) (1265, "Data truncated for column 'marital_status' at row 1")
[SQL: UPDATE candidate_metadata SET marital_status=%(marital_status)s, updated_at=CURRENT_TIMESTAMP WHERE candidate_metadata.id = %(candidate_metadata_id)s]
[parameters: {'marital_status': '', 'candidate_metadata_id': 5}]
(Background on this error at: https://sqlalche.me/e/20/9h9h)
[2026-06-30 08:47:40] ERROR in main: Unhandled error on PUT /auth/candidate/profile: (pymysql.err.DataError) (1265, "Data truncated for column 'marital_status' at row 1")
[SQL: UPDATE candidate_metadata SET marital_status=%(marital_status)s, updated_at=CURRENT_TIMESTAMP WHERE candidate_metadata.id = %(candidate_metadata_id)s]
[parameters: {'marital_status': '', 'candidate_metadata_id': 5}]
(Background on this error at: https://sqlalche.me/e/20/9h9h)
Traceback (most recent call last):
  File "/home/ubuntu/careerportal/mss-career-portal/app/linuxvenv/lib/python3.12/site-packages/sqlalchemy/engine/base.py", line 1969, in _exec_single_context
    self.dialect.do_execute(
  File "/home/ubuntu/careerportal/mss-career-portal/app/linuxvenv/lib/python3.12/site-packages/sqlalchemy/engine/default.py", line 952, in do_execute
    cursor.execute(statement, parameters)
  File "/home/ubuntu/careerportal/mss-career-portal/app/linuxvenv/lib/python3.12/site-packages/pymysql/cursors.py", line 159, in execute
    result = self._query(query)
             ^^^^^^^^^^^^^^^^^^
  File "/home/ubuntu/careerportal/mss-career-portal/app/linuxvenv/lib/python3.12/site-packages/pymysql/cursors.py", line 330, in _query
    conn.query(q)
  File "/home/ubuntu/careerportal/mss-career-portal/app/linuxvenv/lib/python3.12/site-packages/pymysql/connections.py", line 582, in query
    self._affected_rows = self._read_query_result(unbuffered=unbuffered)
                          ^^^^^^^^^^^^^^^^^^^^^^^^^^^^^^^^^^^^^^^^^^^^^^
  File "/home/ubuntu/careerportal/mss-career-portal/app/linuxvenv/lib/python3.12/site-packages/pymysql/connections.py", line 847, in _read_query_result
    result.read()
  File "/home/ubuntu/careerportal/mss-career-portal/app/linuxvenv/lib/python3.12/site-packages/pymysql/connections.py", line 1245, in read
    first_packet = self.connection._read_packet()
                   ^^^^^^^^^^^^^^^^^^^^^^^^^^^^^^
  File "/home/ubuntu/careerportal/mss-career-portal/app/linuxvenv/lib/python3.12/site-packages/pymysql/connections.py", line 803, in _read_packet
    packet.raise_for_error()
  File "/home/ubuntu/careerportal/mss-career-portal/app/linuxvenv/lib/python3.12/site-packages/pymysql/protocol.py", line 219, in raise_for_error
    err.raise_mysql_exception(self._data)
  File "/home/ubuntu/careerportal/mss-career-portal/app/linuxvenv/lib/python3.12/site-packages/pymysql/err.py", line 154, in raise_mysql_exception
    raise errorclass(errno, errval, sqlstate=sqlstate)
pymysql.err.DataError: (1265, "Data truncated for column 'marital_status' at row 1")

The above exception was the direct cause of the following exception:

Traceback (most recent call last):
  File "/home/ubuntu/careerportal/mss-career-portal/app/main.py", line 38, in dispatch
    return await call_next(request)
           ^^^^^^^^^^^^^^^^^^^^^^^^
  File "/home/ubuntu/careerportal/mss-career-portal/app/linuxvenv/lib/python3.12/site-packages/starlette/middleware/base.py", line 168, in call_next
    raise app_exc from app_exc.__cause__ or app_exc.__context__
  File "/home/ubuntu/careerportal/mss-career-portal/app/linuxvenv/lib/python3.12/site-packages/starlette/middleware/base.py", line 144, in coro
    await self.app(scope, receive_or_disconnect, send_no_error)
  File "/home/ubuntu/careerportal/mss-career-portal/app/linuxvenv/lib/python3.12/site-packages/starlette/middleware/exceptions.py", line 63, in __call__
    await wrap_app_handling_exceptions(self.app, conn)(scope, receive, send)
  File "/home/ubuntu/careerportal/mss-career-portal/app/linuxvenv/lib/python3.12/site-packages/starlette/_exception_handler.py", line 53, in wrapped_app
    raise exc
  File "/home/ubuntu/careerportal/mss-career-portal/app/linuxvenv/lib/python3.12/site-packages/starlette/_exception_handler.py", line 42, in wrapped_app
    await app(scope, receive, sender)
  File "/home/ubuntu/careerportal/mss-career-portal/app/linuxvenv/lib/python3.12/site-packages/fastapi/middleware/asyncexitstack.py", line 18, in __call__
    await self.app(scope, receive, send)
  File "/home/ubuntu/careerportal/mss-career-portal/app/linuxvenv/lib/python3.12/site-packages/starlette/routing.py", line 660, in __call__
    await self.middleware_stack(scope, receive, send)
  File "/home/ubuntu/careerportal/mss-career-portal/app/linuxvenv/lib/python3.12/site-packages/fastapi/routing.py", line 2531, in app
    await route.handle(scope, receive, send)
  File "/home/ubuntu/careerportal/mss-career-portal/app/linuxvenv/lib/python3.12/site-packages/fastapi/routing.py", line 1700, in handle
    await self.original_router.handle(scope, receive, send)
  File "/home/ubuntu/careerportal/mss-career-portal/app/linuxvenv/lib/python3.12/site-packages/fastapi/routing.py", line 2586, in handle
    await included_router._handle_selected(scope, receive, send)
  File "/home/ubuntu/careerportal/mss-career-portal/app/linuxvenv/lib/python3.12/site-packages/fastapi/routing.py", line 1720, in _handle_selected
    await original_route.handle(scope, receive, send)
  File "/home/ubuntu/careerportal/mss-career-portal/app/linuxvenv/lib/python3.12/site-packages/fastapi/routing.py", line 1239, in handle
    await app(scope, receive, send)
  File "/home/ubuntu/careerportal/mss-career-portal/app/linuxvenv/lib/python3.12/site-packages/fastapi/routing.py", line 150, in app
    await wrap_app_handling_exceptions(app, request)(scope, receive, send)
  File "/home/ubuntu/careerportal/mss-career-portal/app/linuxvenv/lib/python3.12/site-packages/starlette/_exception_handler.py", line 53, in wrapped_app
    raise exc
  File "/home/ubuntu/careerportal/mss-career-portal/app/linuxvenv/lib/python3.12/site-packages/starlette/_exception_handler.py", line 42, in wrapped_app
    await app(scope, receive, sender)
  File "/home/ubuntu/careerportal/mss-career-portal/app/linuxvenv/lib/python3.12/site-packages/fastapi/routing.py", line 136, in app
    response = await f(request)
               ^^^^^^^^^^^^^^^^
  File "/home/ubuntu/careerportal/mss-career-portal/app/linuxvenv/lib/python3.12/site-packages/fastapi/routing.py", line 690, in app
    raw_response = await run_endpoint_function(
                   ^^^^^^^^^^^^^^^^^^^^^^^^^^^^
  File "/home/ubuntu/careerportal/mss-career-portal/app/linuxvenv/lib/python3.12/site-packages/fastapi/routing.py", line 346, in run_endpoint_function
    return await run_in_threadpool(dependant.call, **values)
           ^^^^^^^^^^^^^^^^^^^^^^^^^^^^^^^^^^^^^^^^^^^^^^^^^
  File "/home/ubuntu/careerportal/mss-career-portal/app/linuxvenv/lib/python3.12/site-packages/starlette/concurrency.py", line 34, in run_in_threadpool
    return await anyio.to_thread.run_sync(func)
           ^^^^^^^^^^^^^^^^^^^^^^^^^^^^^^^^^^^^
  File "/home/ubuntu/careerportal/mss-career-portal/app/linuxvenv/lib/python3.12/site-packages/anyio/to_thread.py", line 63, in run_sync
    return await get_async_backend().run_sync_in_worker_thread(
           ^^^^^^^^^^^^^^^^^^^^^^^^^^^^^^^^^^^^^^^^^^^^^^^^^^^^
  File "/home/ubuntu/careerportal/mss-career-portal/app/linuxvenv/lib/python3.12/site-packages/anyio/_backends/_asyncio.py", line 2596, in run_sync_in_worker_thread
    return await future
           ^^^^^^^^^^^^
  File "/home/ubuntu/careerportal/mss-career-portal/app/linuxvenv/lib/python3.12/site-packages/anyio/_backends/_asyncio.py", line 1029, in run
    result = context.run(func, *args)
             ^^^^^^^^^^^^^^^^^^^^^^^^
  File "/home/ubuntu/careerportal/mss-career-portal/app/routes/auth_route.py", line 261, in update_candidate_profile
    return update_candidate_profile_db(db, user_id=candidate_id, data=form_data.model_dump(exclude_unset=True))
           ^^^^^^^^^^^^^^^^^^^^^^^^^^^^^^^^^^^^^^^^^^^^^^^^^^^^^^^^^^^^^^^^^^^^^^^^^^^^^^^^^^^^^^^^^^^^^^^^^^^^
  File "/home/ubuntu/careerportal/mss-career-portal/app/crud/auth_crud.py", line 524, in update_candidate_profile_db
    db.commit()
  File "/home/ubuntu/careerportal/mss-career-portal/app/linuxvenv/lib/python3.12/site-packages/sqlalchemy/orm/session.py", line 2035, in commit
    trans.commit(_to_root=True)
  File "<string>", line 2, in commit
  File "/home/ubuntu/careerportal/mss-career-portal/app/linuxvenv/lib/python3.12/site-packages/sqlalchemy/orm/state_changes.py", line 137, in _go
    ret_value = fn(self, *arg, **kw)
                ^^^^^^^^^^^^^^^^^^^^
  File "/home/ubuntu/careerportal/mss-career-portal/app/linuxvenv/lib/python3.12/site-packages/sqlalchemy/orm/session.py", line 1316, in commit
    self._prepare_impl()
  File "<string>", line 2, in _prepare_impl
  File "/home/ubuntu/careerportal/mss-career-portal/app/linuxvenv/lib/python3.12/site-packages/sqlalchemy/orm/state_changes.py", line 137, in _go
    ret_value = fn(self, *arg, **kw)
                ^^^^^^^^^^^^^^^^^^^^
  File "/home/ubuntu/careerportal/mss-career-portal/app/linuxvenv/lib/python3.12/site-packages/sqlalchemy/orm/session.py", line 1290, in _prepare_impl
    self.session.flush()
  File "/home/ubuntu/careerportal/mss-career-portal/app/linuxvenv/lib/python3.12/site-packages/sqlalchemy/orm/session.py", line 4353, in flush
    self._flush(objects)
  File "/home/ubuntu/careerportal/mss-career-portal/app/linuxvenv/lib/python3.12/site-packages/sqlalchemy/orm/session.py", line 4488, in _flush
    with util.safe_reraise():
  File "/home/ubuntu/careerportal/mss-career-portal/app/linuxvenv/lib/python3.12/site-packages/sqlalchemy/util/langhelpers.py", line 122, in __exit__
    raise exc_value.with_traceback(exc_tb)
  File "/home/ubuntu/careerportal/mss-career-portal/app/linuxvenv/lib/python3.12/site-packages/sqlalchemy/orm/session.py", line 4449, in _flush
    flush_context.execute()
  File "/home/ubuntu/careerportal/mss-career-portal/app/linuxvenv/lib/python3.12/site-packages/sqlalchemy/orm/unitofwork.py", line 465, in execute
    rec.execute(self)
  File "/home/ubuntu/careerportal/mss-career-portal/app/linuxvenv/lib/python3.12/site-packages/sqlalchemy/orm/unitofwork.py", line 641, in execute
    util.preloaded.orm_persistence.save_obj(
  File "/home/ubuntu/careerportal/mss-career-portal/app/linuxvenv/lib/python3.12/site-packages/sqlalchemy/orm/persistence.py", line 86, in save_obj
    _emit_update_statements(
  File "/home/ubuntu/careerportal/mss-career-portal/app/linuxvenv/lib/python3.12/site-packages/sqlalchemy/orm/persistence.py", line 913, in _emit_update_statements
    c = connection.execute(
        ^^^^^^^^^^^^^^^^^^^
  File "/home/ubuntu/careerportal/mss-career-portal/app/linuxvenv/lib/python3.12/site-packages/sqlalchemy/engine/base.py", line 1421, in execute
    return meth(
           ^^^^^
  File "/home/ubuntu/careerportal/mss-career-portal/app/linuxvenv/lib/python3.12/site-packages/sqlalchemy/sql/elements.py", line 526, in _execute_on_connection
    return connection._execute_clauseelement(
           ^^^^^^^^^^^^^^^^^^^^^^^^^^^^^^^^^^
  File "/home/ubuntu/careerportal/mss-career-portal/app/linuxvenv/lib/python3.12/site-packages/sqlalchemy/engine/base.py", line 1643, in _execute_clauseelement
    ret = self._execute_context(
          ^^^^^^^^^^^^^^^^^^^^^^
  File "/home/ubuntu/careerportal/mss-career-portal/app/linuxvenv/lib/python3.12/site-packages/sqlalchemy/engine/base.py", line 1848, in _execute_context
    return self._exec_single_context(
           ^^^^^^^^^^^^^^^^^^^^^^^^^^
  File "/home/ubuntu/careerportal/mss-career-portal/app/linuxvenv/lib/python3.12/site-packages/sqlalchemy/engine/base.py", line 1988, in _exec_single_context
    self._handle_dbapi_exception(
  File "/home/ubuntu/careerportal/mss-career-portal/app/linuxvenv/lib/python3.12/site-packages/sqlalchemy/engine/base.py", line 2365, in _handle_dbapi_exception
    raise sqlalchemy_exception.with_traceback(exc_info[2]) from e
  File "/home/ubuntu/careerportal/mss-career-portal/app/linuxvenv/lib/python3.12/site-packages/sqlalchemy/engine/base.py", line 1969, in _exec_single_context
    self.dialect.do_execute(
  File "/home/ubuntu/careerportal/mss-career-portal/app/linuxvenv/lib/python3.12/site-packages/sqlalchemy/engine/default.py", line 952, in do_execute
    cursor.execute(statement, parameters)
  File "/home/ubuntu/careerportal/mss-career-portal/app/linuxvenv/lib/python3.12/site-packages/pymysql/cursors.py", line 159, in execute
    result = self._query(query)
             ^^^^^^^^^^^^^^^^^^
  File "/home/ubuntu/careerportal/mss-career-portal/app/linuxvenv/lib/python3.12/site-packages/pymysql/cursors.py", line 330, in _query
    conn.query(q)
  File "/home/ubuntu/careerportal/mss-career-portal/app/linuxvenv/lib/python3.12/site-packages/pymysql/connections.py", line 582, in query
    self._affected_rows = self._read_query_result(unbuffered=unbuffered)
                          ^^^^^^^^^^^^^^^^^^^^^^^^^^^^^^^^^^^^^^^^^^^^^^
  File "/home/ubuntu/careerportal/mss-career-portal/app/linuxvenv/lib/python3.12/site-packages/pymysql/connections.py", line 847, in _read_query_result
    result.read()
  File "/home/ubuntu/careerportal/mss-career-portal/app/linuxvenv/lib/python3.12/site-packages/pymysql/connections.py", line 1245, in read
    first_packet = self.connection._read_packet()
                   ^^^^^^^^^^^^^^^^^^^^^^^^^^^^^^
  File "/home/ubuntu/careerportal/mss-career-portal/app/linuxvenv/lib/python3.12/site-packages/pymysql/connections.py", line 803, in _read_packet
    packet.raise_for_error()
  File "/home/ubuntu/careerportal/mss-career-portal/app/linuxvenv/lib/python3.12/site-packages/pymysql/protocol.py", line 219, in raise_for_error
    err.raise_mysql_exception(self._data)
  File "/home/ubuntu/careerportal/mss-career-portal/app/linuxvenv/lib/python3.12/site-packages/pymysql/err.py", line 154, in raise_mysql_exception
    raise errorclass(errno, errval, sqlstate=sqlstate)
sqlalchemy.exc.DataError: (pymysql.err.DataError) (1265, "Data truncated for column 'marital_status' at row 1")
[SQL: UPDATE candidate_metadata SET marital_status=%(marital_status)s, updated_at=CURRENT_TIMESTAMP WHERE candidate_metadata.id = %(candidate_metadata_id)s]
[parameters: {'marital_status': '', 'candidate_metadata_id': 5}]
(Background on this error at: https://sqlalche.me/e/20/9h9h)
[2026-06-30 08:47:41] ERROR in main: Unhandled error on PUT /auth/candidate/profile: (pymysql.err.DataError) (1265, "Data truncated for column 'marital_status' at row 1")
[SQL: UPDATE candidate_metadata SET marital_status=%(marital_status)s, updated_at=CURRENT_TIMESTAMP WHERE candidate_metadata.id = %(candidate_metadata_id)s]
[parameters: {'marital_status': '', 'candidate_metadata_id': 5}]
(Background on this error at: https://sqlalche.me/e/20/9h9h)
Traceback (most recent call last):
  File "/home/ubuntu/careerportal/mss-career-portal/app/linuxvenv/lib/python3.12/site-packages/sqlalchemy/engine/base.py", line 1969, in _exec_single_context
    self.dialect.do_execute(
  File "/home/ubuntu/careerportal/mss-career-portal/app/linuxvenv/lib/python3.12/site-packages/sqlalchemy/engine/default.py", line 952, in do_execute
    cursor.execute(statement, parameters)
  File "/home/ubuntu/careerportal/mss-career-portal/app/linuxvenv/lib/python3.12/site-packages/pymysql/cursors.py", line 159, in execute
    result = self._query(query)
             ^^^^^^^^^^^^^^^^^^
  File "/home/ubuntu/careerportal/mss-career-portal/app/linuxvenv/lib/python3.12/site-packages/pymysql/cursors.py", line 330, in _query
    conn.query(q)
  File "/home/ubuntu/careerportal/mss-career-portal/app/linuxvenv/lib/python3.12/site-packages/pymysql/connections.py", line 582, in query
    self._affected_rows = self._read_query_result(unbuffered=unbuffered)
                          ^^^^^^^^^^^^^^^^^^^^^^^^^^^^^^^^^^^^^^^^^^^^^^
  File "/home/ubuntu/careerportal/mss-career-portal/app/linuxvenv/lib/python3.12/site-packages/pymysql/connections.py", line 847, in _read_query_result
    result.read()
  File "/home/ubuntu/careerportal/mss-career-portal/app/linuxvenv/lib/python3.12/site-packages/pymysql/connections.py", line 1245, in read
    first_packet = self.connection._read_packet()
                   ^^^^^^^^^^^^^^^^^^^^^^^^^^^^^^
  File "/home/ubuntu/careerportal/mss-career-portal/app/linuxvenv/lib/python3.12/site-packages/pymysql/connections.py", line 803, in _read_packet
    packet.raise_for_error()
  File "/home/ubuntu/careerportal/mss-career-portal/app/linuxvenv/lib/python3.12/site-packages/pymysql/protocol.py", line 219, in raise_for_error
    err.raise_mysql_exception(self._data)
  File "/home/ubuntu/careerportal/mss-career-portal/app/linuxvenv/lib/python3.12/site-packages/pymysql/err.py", line 154, in raise_mysql_exception
    raise errorclass(errno, errval, sqlstate=sqlstate)
pymysql.err.DataError: (1265, "Data truncated for column 'marital_status' at row 1")

The above exception was the direct cause of the following exception:

Traceback (most recent call last):
  File "/home/ubuntu/careerportal/mss-career-portal/app/main.py", line 38, in dispatch
    return await call_next(request)
           ^^^^^^^^^^^^^^^^^^^^^^^^
  File "/home/ubuntu/careerportal/mss-career-portal/app/linuxvenv/lib/python3.12/site-packages/starlette/middleware/base.py", line 168, in call_next
    raise app_exc from app_exc.__cause__ or app_exc.__context__
  File "/home/ubuntu/careerportal/mss-career-portal/app/linuxvenv/lib/python3.12/site-packages/starlette/middleware/base.py", line 144, in coro
    await self.app(scope, receive_or_disconnect, send_no_error)
  File "/home/ubuntu/careerportal/mss-career-portal/app/linuxvenv/lib/python3.12/site-packages/starlette/middleware/exceptions.py", line 63, in __call__
    await wrap_app_handling_exceptions(self.app, conn)(scope, receive, send)
  File "/home/ubuntu/careerportal/mss-career-portal/app/linuxvenv/lib/python3.12/site-packages/starlette/_exception_handler.py", line 53, in wrapped_app
    raise exc
  File "/home/ubuntu/careerportal/mss-career-portal/app/linuxvenv/lib/python3.12/site-packages/starlette/_exception_handler.py", line 42, in wrapped_app
    await app(scope, receive, sender)
  File "/home/ubuntu/careerportal/mss-career-portal/app/linuxvenv/lib/python3.12/site-packages/fastapi/middleware/asyncexitstack.py", line 18, in __call__
    await self.app(scope, receive, send)
  File "/home/ubuntu/careerportal/mss-career-portal/app/linuxvenv/lib/python3.12/site-packages/starlette/routing.py", line 660, in __call__
    await self.middleware_stack(scope, receive, send)
  File "/home/ubuntu/careerportal/mss-career-portal/app/linuxvenv/lib/python3.12/site-packages/fastapi/routing.py", line 2531, in app
    await route.handle(scope, receive, send)
  File "/home/ubuntu/careerportal/mss-career-portal/app/linuxvenv/lib/python3.12/site-packages/fastapi/routing.py", line 1700, in handle
    await self.original_router.handle(scope, receive, send)
  File "/home/ubuntu/careerportal/mss-career-portal/app/linuxvenv/lib/python3.12/site-packages/fastapi/routing.py", line 2586, in handle
    await included_router._handle_selected(scope, receive, send)
  File "/home/ubuntu/careerportal/mss-career-portal/app/linuxvenv/lib/python3.12/site-packages/fastapi/routing.py", line 1720, in _handle_selected
    await original_route.handle(scope, receive, send)
  File "/home/ubuntu/careerportal/mss-career-portal/app/linuxvenv/lib/python3.12/site-packages/fastapi/routing.py", line 1239, in handle
    await app(scope, receive, send)
  File "/home/ubuntu/careerportal/mss-career-portal/app/linuxvenv/lib/python3.12/site-packages/fastapi/routing.py", line 150, in app
    await wrap_app_handling_exceptions(app, request)(scope, receive, send)
  File "/home/ubuntu/careerportal/mss-career-portal/app/linuxvenv/lib/python3.12/site-packages/starlette/_exception_handler.py", line 53, in wrapped_app
    raise exc
  File "/home/ubuntu/careerportal/mss-career-portal/app/linuxvenv/lib/python3.12/site-packages/starlette/_exception_handler.py", line 42, in wrapped_app
    await app(scope, receive, sender)
  File "/home/ubuntu/careerportal/mss-career-portal/app/linuxvenv/lib/python3.12/site-packages/fastapi/routing.py", line 136, in app
    response = await f(request)
               ^^^^^^^^^^^^^^^^
  File "/home/ubuntu/careerportal/mss-career-portal/app/linuxvenv/lib/python3.12/site-packages/fastapi/routing.py", line 690, in app
    raw_response = await run_endpoint_function(
                   ^^^^^^^^^^^^^^^^^^^^^^^^^^^^
  File "/home/ubuntu/careerportal/mss-career-portal/app/linuxvenv/lib/python3.12/site-packages/fastapi/routing.py", line 346, in run_endpoint_function
    return await run_in_threadpool(dependant.call, **values)
           ^^^^^^^^^^^^^^^^^^^^^^^^^^^^^^^^^^^^^^^^^^^^^^^^^
  File "/home/ubuntu/careerportal/mss-career-portal/app/linuxvenv/lib/python3.12/site-packages/starlette/concurrency.py", line 34, in run_in_threadpool
    return await anyio.to_thread.run_sync(func)
           ^^^^^^^^^^^^^^^^^^^^^^^^^^^^^^^^^^^^
  File "/home/ubuntu/careerportal/mss-career-portal/app/linuxvenv/lib/python3.12/site-packages/anyio/to_thread.py", line 63, in run_sync
    return await get_async_backend().run_sync_in_worker_thread(
           ^^^^^^^^^^^^^^^^^^^^^^^^^^^^^^^^^^^^^^^^^^^^^^^^^^^^
  File "/home/ubuntu/careerportal/mss-career-portal/app/linuxvenv/lib/python3.12/site-packages/anyio/_backends/_asyncio.py", line 2596, in run_sync_in_worker_thread
    return await future
           ^^^^^^^^^^^^
  File "/home/ubuntu/careerportal/mss-career-portal/app/linuxvenv/lib/python3.12/site-packages/anyio/_backends/_asyncio.py", line 1029, in run
    result = context.run(func, *args)
             ^^^^^^^^^^^^^^^^^^^^^^^^
  File "/home/ubuntu/careerportal/mss-career-portal/app/routes/auth_route.py", line 261, in update_candidate_profile
    return update_candidate_profile_db(db, user_id=candidate_id, data=form_data.model_dump(exclude_unset=True))
           ^^^^^^^^^^^^^^^^^^^^^^^^^^^^^^^^^^^^^^^^^^^^^^^^^^^^^^^^^^^^^^^^^^^^^^^^^^^^^^^^^^^^^^^^^^^^^^^^^^^^
  File "/home/ubuntu/careerportal/mss-career-portal/app/crud/auth_crud.py", line 524, in update_candidate_profile_db
    db.commit()
  File "/home/ubuntu/careerportal/mss-career-portal/app/linuxvenv/lib/python3.12/site-packages/sqlalchemy/orm/session.py", line 2035, in commit
    trans.commit(_to_root=True)
  File "<string>", line 2, in commit
  File "/home/ubuntu/careerportal/mss-career-portal/app/linuxvenv/lib/python3.12/site-packages/sqlalchemy/orm/state_changes.py", line 137, in _go
    ret_value = fn(self, *arg, **kw)
                ^^^^^^^^^^^^^^^^^^^^
  File "/home/ubuntu/careerportal/mss-career-portal/app/linuxvenv/lib/python3.12/site-packages/sqlalchemy/orm/session.py", line 1316, in commit
    self._prepare_impl()
  File "<string>", line 2, in _prepare_impl
  File "/home/ubuntu/careerportal/mss-career-portal/app/linuxvenv/lib/python3.12/site-packages/sqlalchemy/orm/state_changes.py", line 137, in _go
    ret_value = fn(self, *arg, **kw)
                ^^^^^^^^^^^^^^^^^^^^
  File "/home/ubuntu/careerportal/mss-career-portal/app/linuxvenv/lib/python3.12/site-packages/sqlalchemy/orm/session.py", line 1290, in _prepare_impl
    self.session.flush()
  File "/home/ubuntu/careerportal/mss-career-portal/app/linuxvenv/lib/python3.12/site-packages/sqlalchemy/orm/session.py", line 4353, in flush
    self._flush(objects)
  File "/home/ubuntu/careerportal/mss-career-portal/app/linuxvenv/lib/python3.12/site-packages/sqlalchemy/orm/session.py", line 4488, in _flush
    with util.safe_reraise():
  File "/home/ubuntu/careerportal/mss-career-portal/app/linuxvenv/lib/python3.12/site-packages/sqlalchemy/util/langhelpers.py", line 122, in __exit__
    raise exc_value.with_traceback(exc_tb)
  File "/home/ubuntu/careerportal/mss-career-portal/app/linuxvenv/lib/python3.12/site-packages/sqlalchemy/orm/session.py", line 4449, in _flush
    flush_context.execute()
  File "/home/ubuntu/careerportal/mss-career-portal/app/linuxvenv/lib/python3.12/site-packages/sqlalchemy/orm/unitofwork.py", line 465, in execute
    rec.execute(self)
  File "/home/ubuntu/careerportal/mss-career-portal/app/linuxvenv/lib/python3.12/site-packages/sqlalchemy/orm/unitofwork.py", line 641, in execute
    util.preloaded.orm_persistence.save_obj(
  File "/home/ubuntu/careerportal/mss-career-portal/app/linuxvenv/lib/python3.12/site-packages/sqlalchemy/orm/persistence.py", line 86, in save_obj
    _emit_update_statements(
  File "/home/ubuntu/careerportal/mss-career-portal/app/linuxvenv/lib/python3.12/site-packages/sqlalchemy/orm/persistence.py", line 913, in _emit_update_statements
    c = connection.execute(
        ^^^^^^^^^^^^^^^^^^^
  File "/home/ubuntu/careerportal/mss-career-portal/app/linuxvenv/lib/python3.12/site-packages/sqlalchemy/engine/base.py", line 1421, in execute
    return meth(
           ^^^^^
  File "/home/ubuntu/careerportal/mss-career-portal/app/linuxvenv/lib/python3.12/site-packages/sqlalchemy/sql/elements.py", line 526, in _execute_on_connection
    return connection._execute_clauseelement(
           ^^^^^^^^^^^^^^^^^^^^^^^^^^^^^^^^^^
  File "/home/ubuntu/careerportal/mss-career-portal/app/linuxvenv/lib/python3.12/site-packages/sqlalchemy/engine/base.py", line 1643, in _execute_clauseelement
    ret = self._execute_context(
          ^^^^^^^^^^^^^^^^^^^^^^
  File "/home/ubuntu/careerportal/mss-career-portal/app/linuxvenv/lib/python3.12/site-packages/sqlalchemy/engine/base.py", line 1848, in _execute_context
    return self._exec_single_context(
           ^^^^^^^^^^^^^^^^^^^^^^^^^^
  File "/home/ubuntu/careerportal/mss-career-portal/app/linuxvenv/lib/python3.12/site-packages/sqlalchemy/engine/base.py", line 1988, in _exec_single_context
    self._handle_dbapi_exception(
  File "/home/ubuntu/careerportal/mss-career-portal/app/linuxvenv/lib/python3.12/site-packages/sqlalchemy/engine/base.py", line 2365, in _handle_dbapi_exception
    raise sqlalchemy_exception.with_traceback(exc_info[2]) from e
  File "/home/ubuntu/careerportal/mss-career-portal/app/linuxvenv/lib/python3.12/site-packages/sqlalchemy/engine/base.py", line 1969, in _exec_single_context
    self.dialect.do_execute(
  File "/home/ubuntu/careerportal/mss-career-portal/app/linuxvenv/lib/python3.12/site-packages/sqlalchemy/engine/default.py", line 952, in do_execute
    cursor.execute(statement, parameters)
  File "/home/ubuntu/careerportal/mss-career-portal/app/linuxvenv/lib/python3.12/site-packages/pymysql/cursors.py", line 159, in execute
    result = self._query(query)
             ^^^^^^^^^^^^^^^^^^
  File "/home/ubuntu/careerportal/mss-career-portal/app/linuxvenv/lib/python3.12/site-packages/pymysql/cursors.py", line 330, in _query
    conn.query(q)
  File "/home/ubuntu/careerportal/mss-career-portal/app/linuxvenv/lib/python3.12/site-packages/pymysql/connections.py", line 582, in query
    self._affected_rows = self._read_query_result(unbuffered=unbuffered)
                          ^^^^^^^^^^^^^^^^^^^^^^^^^^^^^^^^^^^^^^^^^^^^^^
  File "/home/ubuntu/careerportal/mss-career-portal/app/linuxvenv/lib/python3.12/site-packages/pymysql/connections.py", line 847, in _read_query_result
    result.read()
  File "/home/ubuntu/careerportal/mss-career-portal/app/linuxvenv/lib/python3.12/site-packages/pymysql/connections.py", line 1245, in read
    first_packet = self.connection._read_packet()
                   ^^^^^^^^^^^^^^^^^^^^^^^^^^^^^^
  File "/home/ubuntu/careerportal/mss-career-portal/app/linuxvenv/lib/python3.12/site-packages/pymysql/connections.py", line 803, in _read_packet
    packet.raise_for_error()
  File "/home/ubuntu/careerportal/mss-career-portal/app/linuxvenv/lib/python3.12/site-packages/pymysql/protocol.py", line 219, in raise_for_error
    err.raise_mysql_exception(self._data)
  File "/home/ubuntu/careerportal/mss-career-portal/app/linuxvenv/lib/python3.12/site-packages/pymysql/err.py", line 154, in raise_mysql_exception
    raise errorclass(errno, errval, sqlstate=sqlstate)
sqlalchemy.exc.DataError: (pymysql.err.DataError) (1265, "Data truncated for column 'marital_status' at row 1")
[SQL: UPDATE candidate_metadata SET marital_status=%(marital_status)s, updated_at=CURRENT_TIMESTAMP WHERE candidate_metadata.id = %(candidate_metadata_id)s]
[parameters: {'marital_status': '', 'candidate_metadata_id': 5}]
(Background on this error at: https://sqlalche.me/e/20/9h9h)
[2026-06-30 08:47:41] ERROR in main: Unhandled error on PUT /auth/candidate/profile: (pymysql.err.DataError) (1265, "Data truncated for column 'marital_status' at row 1")
[SQL: UPDATE candidate_metadata SET marital_status=%(marital_status)s, updated_at=CURRENT_TIMESTAMP WHERE candidate_metadata.id = %(candidate_metadata_id)s]
[parameters: {'marital_status': '', 'candidate_metadata_id': 5}]
(Background on this error at: https://sqlalche.me/e/20/9h9h)
Traceback (most recent call last):
  File "/home/ubuntu/careerportal/mss-career-portal/app/linuxvenv/lib/python3.12/site-packages/sqlalchemy/engine/base.py", line 1969, in _exec_single_context
    self.dialect.do_execute(
  File "/home/ubuntu/careerportal/mss-career-portal/app/linuxvenv/lib/python3.12/site-packages/sqlalchemy/engine/default.py", line 952, in do_execute
    cursor.execute(statement, parameters)
  File "/home/ubuntu/careerportal/mss-career-portal/app/linuxvenv/lib/python3.12/site-packages/pymysql/cursors.py", line 159, in execute
    result = self._query(query)
             ^^^^^^^^^^^^^^^^^^
  File "/home/ubuntu/careerportal/mss-career-portal/app/linuxvenv/lib/python3.12/site-packages/pymysql/cursors.py", line 330, in _query
    conn.query(q)
  File "/home/ubuntu/careerportal/mss-career-portal/app/linuxvenv/lib/python3.12/site-packages/pymysql/connections.py", line 582, in query
    self._affected_rows = self._read_query_result(unbuffered=unbuffered)
                          ^^^^^^^^^^^^^^^^^^^^^^^^^^^^^^^^^^^^^^^^^^^^^^
  File "/home/ubuntu/careerportal/mss-career-portal/app/linuxvenv/lib/python3.12/site-packages/pymysql/connections.py", line 847, in _read_query_result
    result.read()
  File "/home/ubuntu/careerportal/mss-career-portal/app/linuxvenv/lib/python3.12/site-packages/pymysql/connections.py", line 1245, in read
    first_packet = self.connection._read_packet()
                   ^^^^^^^^^^^^^^^^^^^^^^^^^^^^^^
  File "/home/ubuntu/careerportal/mss-career-portal/app/linuxvenv/lib/python3.12/site-packages/pymysql/connections.py", line 803, in _read_packet
    packet.raise_for_error()
  File "/home/ubuntu/careerportal/mss-career-portal/app/linuxvenv/lib/python3.12/site-packages/pymysql/protocol.py", line 219, in raise_for_error
    err.raise_mysql_exception(self._data)
  File "/home/ubuntu/careerportal/mss-career-portal/app/linuxvenv/lib/python3.12/site-packages/pymysql/err.py", line 154, in raise_mysql_exception
    raise errorclass(errno, errval, sqlstate=sqlstate)
pymysql.err.DataError: (1265, "Data truncated for column 'marital_status' at row 1")

The above exception was the direct cause of the following exception:

Traceback (most recent call last):
  File "/home/ubuntu/careerportal/mss-career-portal/app/main.py", line 38, in dispatch
    return await call_next(request)
           ^^^^^^^^^^^^^^^^^^^^^^^^
  File "/home/ubuntu/careerportal/mss-career-portal/app/linuxvenv/lib/python3.12/site-packages/starlette/middleware/base.py", line 168, in call_next
    raise app_exc from app_exc.__cause__ or app_exc.__context__
  File "/home/ubuntu/careerportal/mss-career-portal/app/linuxvenv/lib/python3.12/site-packages/starlette/middleware/base.py", line 144, in coro
    await self.app(scope, receive_or_disconnect, send_no_error)
  File "/home/ubuntu/careerportal/mss-career-portal/app/linuxvenv/lib/python3.12/site-packages/starlette/middleware/exceptions.py", line 63, in __call__
    await wrap_app_handling_exceptions(self.app, conn)(scope, receive, send)
  File "/home/ubuntu/careerportal/mss-career-portal/app/linuxvenv/lib/python3.12/site-packages/starlette/_exception_handler.py", line 53, in wrapped_app
    raise exc
  File "/home/ubuntu/careerportal/mss-career-portal/app/linuxvenv/lib/python3.12/site-packages/starlette/_exception_handler.py", line 42, in wrapped_app
    await app(scope, receive, sender)
  File "/home/ubuntu/careerportal/mss-career-portal/app/linuxvenv/lib/python3.12/site-packages/fastapi/middleware/asyncexitstack.py", line 18, in __call__
    await self.app(scope, receive, send)
  File "/home/ubuntu/careerportal/mss-career-portal/app/linuxvenv/lib/python3.12/site-packages/starlette/routing.py", line 660, in __call__
    await self.middleware_stack(scope, receive, send)
  File "/home/ubuntu/careerportal/mss-career-portal/app/linuxvenv/lib/python3.12/site-packages/fastapi/routing.py", line 2531, in app
    await route.handle(scope, receive, send)
  File "/home/ubuntu/careerportal/mss-career-portal/app/linuxvenv/lib/python3.12/site-packages/fastapi/routing.py", line 1700, in handle
    await self.original_router.handle(scope, receive, send)
  File "/home/ubuntu/careerportal/mss-career-portal/app/linuxvenv/lib/python3.12/site-packages/fastapi/routing.py", line 2586, in handle
    await included_router._handle_selected(scope, receive, send)
  File "/home/ubuntu/careerportal/mss-career-portal/app/linuxvenv/lib/python3.12/site-packages/fastapi/routing.py", line 1720, in _handle_selected
    await original_route.handle(scope, receive, send)
  File "/home/ubuntu/careerportal/mss-career-portal/app/linuxvenv/lib/python3.12/site-packages/fastapi/routing.py", line 1239, in handle
    await app(scope, receive, send)
  File "/home/ubuntu/careerportal/mss-career-portal/app/linuxvenv/lib/python3.12/site-packages/fastapi/routing.py", line 150, in app
    await wrap_app_handling_exceptions(app, request)(scope, receive, send)
  File "/home/ubuntu/careerportal/mss-career-portal/app/linuxvenv/lib/python3.12/site-packages/starlette/_exception_handler.py", line 53, in wrapped_app
    raise exc
  File "/home/ubuntu/careerportal/mss-career-portal/app/linuxvenv/lib/python3.12/site-packages/starlette/_exception_handler.py", line 42, in wrapped_app
    await app(scope, receive, sender)
  File "/home/ubuntu/careerportal/mss-career-portal/app/linuxvenv/lib/python3.12/site-packages/fastapi/routing.py", line 136, in app
    response = await f(request)
               ^^^^^^^^^^^^^^^^
  File "/home/ubuntu/careerportal/mss-career-portal/app/linuxvenv/lib/python3.12/site-packages/fastapi/routing.py", line 690, in app
    raw_response = await run_endpoint_function(
                   ^^^^^^^^^^^^^^^^^^^^^^^^^^^^
  File "/home/ubuntu/careerportal/mss-career-portal/app/linuxvenv/lib/python3.12/site-packages/fastapi/routing.py", line 346, in run_endpoint_function
    return await run_in_threadpool(dependant.call, **values)
           ^^^^^^^^^^^^^^^^^^^^^^^^^^^^^^^^^^^^^^^^^^^^^^^^^
  File "/home/ubuntu/careerportal/mss-career-portal/app/linuxvenv/lib/python3.12/site-packages/starlette/concurrency.py", line 34, in run_in_threadpool
    return await anyio.to_thread.run_sync(func)
           ^^^^^^^^^^^^^^^^^^^^^^^^^^^^^^^^^^^^
  File "/home/ubuntu/careerportal/mss-career-portal/app/linuxvenv/lib/python3.12/site-packages/anyio/to_thread.py", line 63, in run_sync
    return await get_async_backend().run_sync_in_worker_thread(
           ^^^^^^^^^^^^^^^^^^^^^^^^^^^^^^^^^^^^^^^^^^^^^^^^^^^^
  File "/home/ubuntu/careerportal/mss-career-portal/app/linuxvenv/lib/python3.12/site-packages/anyio/_backends/_asyncio.py", line 2596, in run_sync_in_worker_thread
    return await future
           ^^^^^^^^^^^^
  File "/home/ubuntu/careerportal/mss-career-portal/app/linuxvenv/lib/python3.12/site-packages/anyio/_backends/_asyncio.py", line 1029, in run
    result = context.run(func, *args)
             ^^^^^^^^^^^^^^^^^^^^^^^^
  File "/home/ubuntu/careerportal/mss-career-portal/app/routes/auth_route.py", line 261, in update_candidate_profile
    return update_candidate_profile_db(db, user_id=candidate_id, data=form_data.model_dump(exclude_unset=True))
           ^^^^^^^^^^^^^^^^^^^^^^^^^^^^^^^^^^^^^^^^^^^^^^^^^^^^^^^^^^^^^^^^^^^^^^^^^^^^^^^^^^^^^^^^^^^^^^^^^^^^
  File "/home/ubuntu/careerportal/mss-career-portal/app/crud/auth_crud.py", line 524, in update_candidate_profile_db
    db.commit()
  File "/home/ubuntu/careerportal/mss-career-portal/app/linuxvenv/lib/python3.12/site-packages/sqlalchemy/orm/session.py", line 2035, in commit
    trans.commit(_to_root=True)
  File "<string>", line 2, in commit
  File "/home/ubuntu/careerportal/mss-career-portal/app/linuxvenv/lib/python3.12/site-packages/sqlalchemy/orm/state_changes.py", line 137, in _go
    ret_value = fn(self, *arg, **kw)
                ^^^^^^^^^^^^^^^^^^^^
  File "/home/ubuntu/careerportal/mss-career-portal/app/linuxvenv/lib/python3.12/site-packages/sqlalchemy/orm/session.py", line 1316, in commit
    self._prepare_impl()
  File "<string>", line 2, in _prepare_impl
  File "/home/ubuntu/careerportal/mss-career-portal/app/linuxvenv/lib/python3.12/site-packages/sqlalchemy/orm/state_changes.py", line 137, in _go
    ret_value = fn(self, *arg, **kw)
                ^^^^^^^^^^^^^^^^^^^^
  File "/home/ubuntu/careerportal/mss-career-portal/app/linuxvenv/lib/python3.12/site-packages/sqlalchemy/orm/session.py", line 1290, in _prepare_impl
    self.session.flush()
  File "/home/ubuntu/careerportal/mss-career-portal/app/linuxvenv/lib/python3.12/site-packages/sqlalchemy/orm/session.py", line 4353, in flush
    self._flush(objects)
  File "/home/ubuntu/careerportal/mss-career-portal/app/linuxvenv/lib/python3.12/site-packages/sqlalchemy/orm/session.py", line 4488, in _flush
    with util.safe_reraise():
  File "/home/ubuntu/careerportal/mss-career-portal/app/linuxvenv/lib/python3.12/site-packages/sqlalchemy/util/langhelpers.py", line 122, in __exit__
    raise exc_value.with_traceback(exc_tb)
  File "/home/ubuntu/careerportal/mss-career-portal/app/linuxvenv/lib/python3.12/site-packages/sqlalchemy/orm/session.py", line 4449, in _flush
    flush_context.execute()
  File "/home/ubuntu/careerportal/mss-career-portal/app/linuxvenv/lib/python3.12/site-packages/sqlalchemy/orm/unitofwork.py", line 465, in execute
    rec.execute(self)
  File "/home/ubuntu/careerportal/mss-career-portal/app/linuxvenv/lib/python3.12/site-packages/sqlalchemy/orm/unitofwork.py", line 641, in execute
    util.preloaded.orm_persistence.save_obj(
  File "/home/ubuntu/careerportal/mss-career-portal/app/linuxvenv/lib/python3.12/site-packages/sqlalchemy/orm/persistence.py", line 86, in save_obj
    _emit_update_statements(
  File "/home/ubuntu/careerportal/mss-career-portal/app/linuxvenv/lib/python3.12/site-packages/sqlalchemy/orm/persistence.py", line 913, in _emit_update_statements
    c = connection.execute(
        ^^^^^^^^^^^^^^^^^^^
  File "/home/ubuntu/careerportal/mss-career-portal/app/linuxvenv/lib/python3.12/site-packages/sqlalchemy/engine/base.py", line 1421, in execute
    return meth(
           ^^^^^
  File "/home/ubuntu/careerportal/mss-career-portal/app/linuxvenv/lib/python3.12/site-packages/sqlalchemy/sql/elements.py", line 526, in _execute_on_connection
    return connection._execute_clauseelement(
           ^^^^^^^^^^^^^^^^^^^^^^^^^^^^^^^^^^
  File "/home/ubuntu/careerportal/mss-career-portal/app/linuxvenv/lib/python3.12/site-packages/sqlalchemy/engine/base.py", line 1643, in _execute_clauseelement
    ret = self._execute_context(
          ^^^^^^^^^^^^^^^^^^^^^^
  File "/home/ubuntu/careerportal/mss-career-portal/app/linuxvenv/lib/python3.12/site-packages/sqlalchemy/engine/base.py", line 1848, in _execute_context
    return self._exec_single_context(
           ^^^^^^^^^^^^^^^^^^^^^^^^^^
  File "/home/ubuntu/careerportal/mss-career-portal/app/linuxvenv/lib/python3.12/site-packages/sqlalchemy/engine/base.py", line 1988, in _exec_single_context
    self._handle_dbapi_exception(
  File "/home/ubuntu/careerportal/mss-career-portal/app/linuxvenv/lib/python3.12/site-packages/sqlalchemy/engine/base.py", line 2365, in _handle_dbapi_exception
    raise sqlalchemy_exception.with_traceback(exc_info[2]) from e
  File "/home/ubuntu/careerportal/mss-career-portal/app/linuxvenv/lib/python3.12/site-packages/sqlalchemy/engine/base.py", line 1969, in _exec_single_context
    self.dialect.do_execute(
  File "/home/ubuntu/careerportal/mss-career-portal/app/linuxvenv/lib/python3.12/site-packages/sqlalchemy/engine/default.py", line 952, in do_execute
    cursor.execute(statement, parameters)
  File "/home/ubuntu/careerportal/mss-career-portal/app/linuxvenv/lib/python3.12/site-packages/pymysql/cursors.py", line 159, in execute
    result = self._query(query)
             ^^^^^^^^^^^^^^^^^^
  File "/home/ubuntu/careerportal/mss-career-portal/app/linuxvenv/lib/python3.12/site-packages/pymysql/cursors.py", line 330, in _query
    conn.query(q)
  File "/home/ubuntu/careerportal/mss-career-portal/app/linuxvenv/lib/python3.12/site-packages/pymysql/connections.py", line 582, in query
    self._affected_rows = self._read_query_result(unbuffered=unbuffered)
                          ^^^^^^^^^^^^^^^^^^^^^^^^^^^^^^^^^^^^^^^^^^^^^^
  File "/home/ubuntu/careerportal/mss-career-portal/app/linuxvenv/lib/python3.12/site-packages/pymysql/connections.py", line 847, in _read_query_result
    result.read()
  File "/home/ubuntu/careerportal/mss-career-portal/app/linuxvenv/lib/python3.12/site-packages/pymysql/connections.py", line 1245, in read
    first_packet = self.connection._read_packet()
                   ^^^^^^^^^^^^^^^^^^^^^^^^^^^^^^
  File "/home/ubuntu/careerportal/mss-career-portal/app/linuxvenv/lib/python3.12/site-packages/pymysql/connections.py", line 803, in _read_packet
    packet.raise_for_error()
  File "/home/ubuntu/careerportal/mss-career-portal/app/linuxvenv/lib/python3.12/site-packages/pymysql/protocol.py", line 219, in raise_for_error
    err.raise_mysql_exception(self._data)
  File "/home/ubuntu/careerportal/mss-career-portal/app/linuxvenv/lib/python3.12/site-packages/pymysql/err.py", line 154, in raise_mysql_exception
    raise errorclass(errno, errval, sqlstate=sqlstate)
sqlalchemy.exc.DataError: (pymysql.err.DataError) (1265, "Data truncated for column 'marital_status' at row 1")
[SQL: UPDATE candidate_metadata SET marital_status=%(marital_status)s, updated_at=CURRENT_TIMESTAMP WHERE candidate_metadata.id = %(candidate_metadata_id)s]
[parameters: {'marital_status': '', 'candidate_metadata_id': 5}]
(Background on this error at: https://sqlalche.me/e/20/9h9h)
[2026-06-30 08:47:41] ERROR in main: Unhandled error on PUT /auth/candidate/profile: (pymysql.err.DataError) (1265, "Data truncated for column 'marital_status' at row 1")
[SQL: UPDATE candidate_metadata SET marital_status=%(marital_status)s, updated_at=CURRENT_TIMESTAMP WHERE candidate_metadata.id = %(candidate_metadata_id)s]
[parameters: {'marital_status': '', 'candidate_metadata_id': 5}]
(Background on this error at: https://sqlalche.me/e/20/9h9h)
Traceback (most recent call last):
  File "/home/ubuntu/careerportal/mss-career-portal/app/linuxvenv/lib/python3.12/site-packages/sqlalchemy/engine/base.py", line 1969, in _exec_single_context
    self.dialect.do_execute(
  File "/home/ubuntu/careerportal/mss-career-portal/app/linuxvenv/lib/python3.12/site-packages/sqlalchemy/engine/default.py", line 952, in do_execute
    cursor.execute(statement, parameters)
  File "/home/ubuntu/careerportal/mss-career-portal/app/linuxvenv/lib/python3.12/site-packages/pymysql/cursors.py", line 159, in execute
    result = self._query(query)
             ^^^^^^^^^^^^^^^^^^
  File "/home/ubuntu/careerportal/mss-career-portal/app/linuxvenv/lib/python3.12/site-packages/pymysql/cursors.py", line 330, in _query
    conn.query(q)
  File "/home/ubuntu/careerportal/mss-career-portal/app/linuxvenv/lib/python3.12/site-packages/pymysql/connections.py", line 582, in query
    self._affected_rows = self._read_query_result(unbuffered=unbuffered)
                          ^^^^^^^^^^^^^^^^^^^^^^^^^^^^^^^^^^^^^^^^^^^^^^
  File "/home/ubuntu/careerportal/mss-career-portal/app/linuxvenv/lib/python3.12/site-packages/pymysql/connections.py", line 847, in _read_query_result
    result.read()
  File "/home/ubuntu/careerportal/mss-career-portal/app/linuxvenv/lib/python3.12/site-packages/pymysql/connections.py", line 1245, in read
    first_packet = self.connection._read_packet()
                   ^^^^^^^^^^^^^^^^^^^^^^^^^^^^^^
  File "/home/ubuntu/careerportal/mss-career-portal/app/linuxvenv/lib/python3.12/site-packages/pymysql/connections.py", line 803, in _read_packet
    packet.raise_for_error()
  File "/home/ubuntu/careerportal/mss-career-portal/app/linuxvenv/lib/python3.12/site-packages/pymysql/protocol.py", line 219, in raise_for_error
    err.raise_mysql_exception(self._data)
  File "/home/ubuntu/careerportal/mss-career-portal/app/linuxvenv/lib/python3.12/site-packages/pymysql/err.py", line 154, in raise_mysql_exception
    raise errorclass(errno, errval, sqlstate=sqlstate)
pymysql.err.DataError: (1265, "Data truncated for column 'marital_status' at row 1")

The above exception was the direct cause of the following exception:

Traceback (most recent call last):
  File "/home/ubuntu/careerportal/mss-career-portal/app/main.py", line 38, in dispatch
    return await call_next(request)
           ^^^^^^^^^^^^^^^^^^^^^^^^
  File "/home/ubuntu/careerportal/mss-career-portal/app/linuxvenv/lib/python3.12/site-packages/starlette/middleware/base.py", line 168, in call_next
    raise app_exc from app_exc.__cause__ or app_exc.__context__
  File "/home/ubuntu/careerportal/mss-career-portal/app/linuxvenv/lib/python3.12/site-packages/starlette/middleware/base.py", line 144, in coro
    await self.app(scope, receive_or_disconnect, send_no_error)
  File "/home/ubuntu/careerportal/mss-career-portal/app/linuxvenv/lib/python3.12/site-packages/starlette/middleware/exceptions.py", line 63, in __call__
    await wrap_app_handling_exceptions(self.app, conn)(scope, receive, send)
  File "/home/ubuntu/careerportal/mss-career-portal/app/linuxvenv/lib/python3.12/site-packages/starlette/_exception_handler.py", line 53, in wrapped_app
    raise exc
  File "/home/ubuntu/careerportal/mss-career-portal/app/linuxvenv/lib/python3.12/site-packages/starlette/_exception_handler.py", line 42, in wrapped_app
    await app(scope, receive, sender)
  File "/home/ubuntu/careerportal/mss-career-portal/app/linuxvenv/lib/python3.12/site-packages/fastapi/middleware/asyncexitstack.py", line 18, in __call__
    await self.app(scope, receive, send)
  File "/home/ubuntu/careerportal/mss-career-portal/app/linuxvenv/lib/python3.12/site-packages/starlette/routing.py", line 660, in __call__
    await self.middleware_stack(scope, receive, send)
  File "/home/ubuntu/careerportal/mss-career-portal/app/linuxvenv/lib/python3.12/site-packages/fastapi/routing.py", line 2531, in app
    await route.handle(scope, receive, send)
  File "/home/ubuntu/careerportal/mss-career-portal/app/linuxvenv/lib/python3.12/site-packages/fastapi/routing.py", line 1700, in handle
    await self.original_router.handle(scope, receive, send)
  File "/home/ubuntu/careerportal/mss-career-portal/app/linuxvenv/lib/python3.12/site-packages/fastapi/routing.py", line 2586, in handle
    await included_router._handle_selected(scope, receive, send)
  File "/home/ubuntu/careerportal/mss-career-portal/app/linuxvenv/lib/python3.12/site-packages/fastapi/routing.py", line 1720, in _handle_selected
    await original_route.handle(scope, receive, send)
  File "/home/ubuntu/careerportal/mss-career-portal/app/linuxvenv/lib/python3.12/site-packages/fastapi/routing.py", line 1239, in handle
    await app(scope, receive, send)
  File "/home/ubuntu/careerportal/mss-career-portal/app/linuxvenv/lib/python3.12/site-packages/fastapi/routing.py", line 150, in app
    await wrap_app_handling_exceptions(app, request)(scope, receive, send)
  File "/home/ubuntu/careerportal/mss-career-portal/app/linuxvenv/lib/python3.12/site-packages/starlette/_exception_handler.py", line 53, in wrapped_app
    raise exc
  File "/home/ubuntu/careerportal/mss-career-portal/app/linuxvenv/lib/python3.12/site-packages/starlette/_exception_handler.py", line 42, in wrapped_app
    await app(scope, receive, sender)
  File "/home/ubuntu/careerportal/mss-career-portal/app/linuxvenv/lib/python3.12/site-packages/fastapi/routing.py", line 136, in app
    response = await f(request)
               ^^^^^^^^^^^^^^^^
  File "/home/ubuntu/careerportal/mss-career-portal/app/linuxvenv/lib/python3.12/site-packages/fastapi/routing.py", line 690, in app
    raw_response = await run_endpoint_function(
                   ^^^^^^^^^^^^^^^^^^^^^^^^^^^^
  File "/home/ubuntu/careerportal/mss-career-portal/app/linuxvenv/lib/python3.12/site-packages/fastapi/routing.py", line 346, in run_endpoint_function
    return await run_in_threadpool(dependant.call, **values)
           ^^^^^^^^^^^^^^^^^^^^^^^^^^^^^^^^^^^^^^^^^^^^^^^^^
  File "/home/ubuntu/careerportal/mss-career-portal/app/linuxvenv/lib/python3.12/site-packages/starlette/concurrency.py", line 34, in run_in_threadpool
    return await anyio.to_thread.run_sync(func)
           ^^^^^^^^^^^^^^^^^^^^^^^^^^^^^^^^^^^^
  File "/home/ubuntu/careerportal/mss-career-portal/app/linuxvenv/lib/python3.12/site-packages/anyio/to_thread.py", line 63, in run_sync
    return await get_async_backend().run_sync_in_worker_thread(
           ^^^^^^^^^^^^^^^^^^^^^^^^^^^^^^^^^^^^^^^^^^^^^^^^^^^^
  File "/home/ubuntu/careerportal/mss-career-portal/app/linuxvenv/lib/python3.12/site-packages/anyio/_backends/_asyncio.py", line 2596, in run_sync_in_worker_thread
    return await future
           ^^^^^^^^^^^^
  File "/home/ubuntu/careerportal/mss-career-portal/app/linuxvenv/lib/python3.12/site-packages/anyio/_backends/_asyncio.py", line 1029, in run
    result = context.run(func, *args)
             ^^^^^^^^^^^^^^^^^^^^^^^^
  File "/home/ubuntu/careerportal/mss-career-portal/app/routes/auth_route.py", line 261, in update_candidate_profile
    return update_candidate_profile_db(db, user_id=candidate_id, data=form_data.model_dump(exclude_unset=True))
           ^^^^^^^^^^^^^^^^^^^^^^^^^^^^^^^^^^^^^^^^^^^^^^^^^^^^^^^^^^^^^^^^^^^^^^^^^^^^^^^^^^^^^^^^^^^^^^^^^^^^
  File "/home/ubuntu/careerportal/mss-career-portal/app/crud/auth_crud.py", line 524, in update_candidate_profile_db
    db.commit()
  File "/home/ubuntu/careerportal/mss-career-portal/app/linuxvenv/lib/python3.12/site-packages/sqlalchemy/orm/session.py", line 2035, in commit
    trans.commit(_to_root=True)
  File "<string>", line 2, in commit
  File "/home/ubuntu/careerportal/mss-career-portal/app/linuxvenv/lib/python3.12/site-packages/sqlalchemy/orm/state_changes.py", line 137, in _go
    ret_value = fn(self, *arg, **kw)
                ^^^^^^^^^^^^^^^^^^^^
  File "/home/ubuntu/careerportal/mss-career-portal/app/linuxvenv/lib/python3.12/site-packages/sqlalchemy/orm/session.py", line 1316, in commit
    self._prepare_impl()
  File "<string>", line 2, in _prepare_impl
  File "/home/ubuntu/careerportal/mss-career-portal/app/linuxvenv/lib/python3.12/site-packages/sqlalchemy/orm/state_changes.py", line 137, in _go
    ret_value = fn(self, *arg, **kw)
                ^^^^^^^^^^^^^^^^^^^^
  File "/home/ubuntu/careerportal/mss-career-portal/app/linuxvenv/lib/python3.12/site-packages/sqlalchemy/orm/session.py", line 1290, in _prepare_impl
    self.session.flush()
  File "/home/ubuntu/careerportal/mss-career-portal/app/linuxvenv/lib/python3.12/site-packages/sqlalchemy/orm/session.py", line 4353, in flush
    self._flush(objects)
  File "/home/ubuntu/careerportal/mss-career-portal/app/linuxvenv/lib/python3.12/site-packages/sqlalchemy/orm/session.py", line 4488, in _flush
    with util.safe_reraise():
  File "/home/ubuntu/careerportal/mss-career-portal/app/linuxvenv/lib/python3.12/site-packages/sqlalchemy/util/langhelpers.py", line 122, in __exit__
    raise exc_value.with_traceback(exc_tb)
  File "/home/ubuntu/careerportal/mss-career-portal/app/linuxvenv/lib/python3.12/site-packages/sqlalchemy/orm/session.py", line 4449, in _flush
    flush_context.execute()
  File "/home/ubuntu/careerportal/mss-career-portal/app/linuxvenv/lib/python3.12/site-packages/sqlalchemy/orm/unitofwork.py", line 465, in execute
    rec.execute(self)
  File "/home/ubuntu/careerportal/mss-career-portal/app/linuxvenv/lib/python3.12/site-packages/sqlalchemy/orm/unitofwork.py", line 641, in execute
    util.preloaded.orm_persistence.save_obj(
  File "/home/ubuntu/careerportal/mss-career-portal/app/linuxvenv/lib/python3.12/site-packages/sqlalchemy/orm/persistence.py", line 86, in save_obj
    _emit_update_statements(
  File "/home/ubuntu/careerportal/mss-career-portal/app/linuxvenv/lib/python3.12/site-packages/sqlalchemy/orm/persistence.py", line 913, in _emit_update_statements
    c = connection.execute(
        ^^^^^^^^^^^^^^^^^^^
  File "/home/ubuntu/careerportal/mss-career-portal/app/linuxvenv/lib/python3.12/site-packages/sqlalchemy/engine/base.py", line 1421, in execute
    return meth(
           ^^^^^
  File "/home/ubuntu/careerportal/mss-career-portal/app/linuxvenv/lib/python3.12/site-packages/sqlalchemy/sql/elements.py", line 526, in _execute_on_connection
    return connection._execute_clauseelement(
           ^^^^^^^^^^^^^^^^^^^^^^^^^^^^^^^^^^
  File "/home/ubuntu/careerportal/mss-career-portal/app/linuxvenv/lib/python3.12/site-packages/sqlalchemy/engine/base.py", line 1643, in _execute_clauseelement
    ret = self._execute_context(
          ^^^^^^^^^^^^^^^^^^^^^^
  File "/home/ubuntu/careerportal/mss-career-portal/app/linuxvenv/lib/python3.12/site-packages/sqlalchemy/engine/base.py", line 1848, in _execute_context
    return self._exec_single_context(
           ^^^^^^^^^^^^^^^^^^^^^^^^^^
  File "/home/ubuntu/careerportal/mss-career-portal/app/linuxvenv/lib/python3.12/site-packages/sqlalchemy/engine/base.py", line 1988, in _exec_single_context
    self._handle_dbapi_exception(
  File "/home/ubuntu/careerportal/mss-career-portal/app/linuxvenv/lib/python3.12/site-packages/sqlalchemy/engine/base.py", line 2365, in _handle_dbapi_exception
    raise sqlalchemy_exception.with_traceback(exc_info[2]) from e
  File "/home/ubuntu/careerportal/mss-career-portal/app/linuxvenv/lib/python3.12/site-packages/sqlalchemy/engine/base.py", line 1969, in _exec_single_context
    self.dialect.do_execute(
  File "/home/ubuntu/careerportal/mss-career-portal/app/linuxvenv/lib/python3.12/site-packages/sqlalchemy/engine/default.py", line 952, in do_execute
    cursor.execute(statement, parameters)
  File "/home/ubuntu/careerportal/mss-career-portal/app/linuxvenv/lib/python3.12/site-packages/pymysql/cursors.py", line 159, in execute
    result = self._query(query)
             ^^^^^^^^^^^^^^^^^^
  File "/home/ubuntu/careerportal/mss-career-portal/app/linuxvenv/lib/python3.12/site-packages/pymysql/cursors.py", line 330, in _query
    conn.query(q)
  File "/home/ubuntu/careerportal/mss-career-portal/app/linuxvenv/lib/python3.12/site-packages/pymysql/connections.py", line 582, in query
    self._affected_rows = self._read_query_result(unbuffered=unbuffered)
                          ^^^^^^^^^^^^^^^^^^^^^^^^^^^^^^^^^^^^^^^^^^^^^^
  File "/home/ubuntu/careerportal/mss-career-portal/app/linuxvenv/lib/python3.12/site-packages/pymysql/connections.py", line 847, in _read_query_result
    result.read()
  File "/home/ubuntu/careerportal/mss-career-portal/app/linuxvenv/lib/python3.12/site-packages/pymysql/connections.py", line 1245, in read
    first_packet = self.connection._read_packet()
                   ^^^^^^^^^^^^^^^^^^^^^^^^^^^^^^
  File "/home/ubuntu/careerportal/mss-career-portal/app/linuxvenv/lib/python3.12/site-packages/pymysql/connections.py", line 803, in _read_packet
    packet.raise_for_error()
  File "/home/ubuntu/careerportal/mss-career-portal/app/linuxvenv/lib/python3.12/site-packages/pymysql/protocol.py", line 219, in raise_for_error
    err.raise_mysql_exception(self._data)
  File "/home/ubuntu/careerportal/mss-career-portal/app/linuxvenv/lib/python3.12/site-packages/pymysql/err.py", line 154, in raise_mysql_exception
    raise errorclass(errno, errval, sqlstate=sqlstate)
sqlalchemy.exc.DataError: (pymysql.err.DataError) (1265, "Data truncated for column 'marital_status' at row 1")
[SQL: UPDATE candidate_metadata SET marital_status=%(marital_status)s, updated_at=CURRENT_TIMESTAMP WHERE candidate_metadata.id = %(candidate_metadata_id)s]
[parameters: {'marital_status': '', 'candidate_metadata_id': 5}]
(Background on this error at: https://sqlalche.me/e/20/9h9h)
[2026-06-30 08:47:41] ERROR in main: Unhandled error on PUT /auth/candidate/profile: (pymysql.err.DataError) (1265, "Data truncated for column 'marital_status' at row 1")
[SQL: UPDATE candidate_metadata SET marital_status=%(marital_status)s, updated_at=CURRENT_TIMESTAMP WHERE candidate_metadata.id = %(candidate_metadata_id)s]
[parameters: {'marital_status': '', 'candidate_metadata_id': 5}]
(Background on this error at: https://sqlalche.me/e/20/9h9h)
Traceback (most recent call last):
  File "/home/ubuntu/careerportal/mss-career-portal/app/linuxvenv/lib/python3.12/site-packages/sqlalchemy/engine/base.py", line 1969, in _exec_single_context
    self.dialect.do_execute(
  File "/home/ubuntu/careerportal/mss-career-portal/app/linuxvenv/lib/python3.12/site-packages/sqlalchemy/engine/default.py", line 952, in do_execute
    cursor.execute(statement, parameters)
  File "/home/ubuntu/careerportal/mss-career-portal/app/linuxvenv/lib/python3.12/site-packages/pymysql/cursors.py", line 159, in execute
    result = self._query(query)
             ^^^^^^^^^^^^^^^^^^
  File "/home/ubuntu/careerportal/mss-career-portal/app/linuxvenv/lib/python3.12/site-packages/pymysql/cursors.py", line 330, in _query
    conn.query(q)
  File "/home/ubuntu/careerportal/mss-career-portal/app/linuxvenv/lib/python3.12/site-packages/pymysql/connections.py", line 582, in query
    self._affected_rows = self._read_query_result(unbuffered=unbuffered)
                          ^^^^^^^^^^^^^^^^^^^^^^^^^^^^^^^^^^^^^^^^^^^^^^
  File "/home/ubuntu/careerportal/mss-career-portal/app/linuxvenv/lib/python3.12/site-packages/pymysql/connections.py", line 847, in _read_query_result
    result.read()
  File "/home/ubuntu/careerportal/mss-career-portal/app/linuxvenv/lib/python3.12/site-packages/pymysql/connections.py", line 1245, in read
    first_packet = self.connection._read_packet()
                   ^^^^^^^^^^^^^^^^^^^^^^^^^^^^^^
  File "/home/ubuntu/careerportal/mss-career-portal/app/linuxvenv/lib/python3.12/site-packages/pymysql/connections.py", line 803, in _read_packet
    packet.raise_for_error()
  File "/home/ubuntu/careerportal/mss-career-portal/app/linuxvenv/lib/python3.12/site-packages/pymysql/protocol.py", line 219, in raise_for_error
    err.raise_mysql_exception(self._data)
  File "/home/ubuntu/careerportal/mss-career-portal/app/linuxvenv/lib/python3.12/site-packages/pymysql/err.py", line 154, in raise_mysql_exception
    raise errorclass(errno, errval, sqlstate=sqlstate)
pymysql.err.DataError: (1265, "Data truncated for column 'marital_status' at row 1")

The above exception was the direct cause of the following exception:

Traceback (most recent call last):
  File "/home/ubuntu/careerportal/mss-career-portal/app/main.py", line 38, in dispatch
    return await call_next(request)
           ^^^^^^^^^^^^^^^^^^^^^^^^
  File "/home/ubuntu/careerportal/mss-career-portal/app/linuxvenv/lib/python3.12/site-packages/starlette/middleware/base.py", line 168, in call_next
    raise app_exc from app_exc.__cause__ or app_exc.__context__
  File "/home/ubuntu/careerportal/mss-career-portal/app/linuxvenv/lib/python3.12/site-packages/starlette/middleware/base.py", line 144, in coro
    await self.app(scope, receive_or_disconnect, send_no_error)
  File "/home/ubuntu/careerportal/mss-career-portal/app/linuxvenv/lib/python3.12/site-packages/starlette/middleware/exceptions.py", line 63, in __call__
    await wrap_app_handling_exceptions(self.app, conn)(scope, receive, send)
  File "/home/ubuntu/careerportal/mss-career-portal/app/linuxvenv/lib/python3.12/site-packages/starlette/_exception_handler.py", line 53, in wrapped_app
    raise exc
  File "/home/ubuntu/careerportal/mss-career-portal/app/linuxvenv/lib/python3.12/site-packages/starlette/_exception_handler.py", line 42, in wrapped_app
    await app(scope, receive, sender)
  File "/home/ubuntu/careerportal/mss-career-portal/app/linuxvenv/lib/python3.12/site-packages/fastapi/middleware/asyncexitstack.py", line 18, in __call__
    await self.app(scope, receive, send)
  File "/home/ubuntu/careerportal/mss-career-portal/app/linuxvenv/lib/python3.12/site-packages/starlette/routing.py", line 660, in __call__
    await self.middleware_stack(scope, receive, send)
  File "/home/ubuntu/careerportal/mss-career-portal/app/linuxvenv/lib/python3.12/site-packages/fastapi/routing.py", line 2531, in app
    await route.handle(scope, receive, send)
  File "/home/ubuntu/careerportal/mss-career-portal/app/linuxvenv/lib/python3.12/site-packages/fastapi/routing.py", line 1700, in handle
    await self.original_router.handle(scope, receive, send)
  File "/home/ubuntu/careerportal/mss-career-portal/app/linuxvenv/lib/python3.12/site-packages/fastapi/routing.py", line 2586, in handle
    await included_router._handle_selected(scope, receive, send)
  File "/home/ubuntu/careerportal/mss-career-portal/app/linuxvenv/lib/python3.12/site-packages/fastapi/routing.py", line 1720, in _handle_selected
    await original_route.handle(scope, receive, send)
  File "/home/ubuntu/careerportal/mss-career-portal/app/linuxvenv/lib/python3.12/site-packages/fastapi/routing.py", line 1239, in handle
    await app(scope, receive, send)
  File "/home/ubuntu/careerportal/mss-career-portal/app/linuxvenv/lib/python3.12/site-packages/fastapi/routing.py", line 150, in app
    await wrap_app_handling_exceptions(app, request)(scope, receive, send)
  File "/home/ubuntu/careerportal/mss-career-portal/app/linuxvenv/lib/python3.12/site-packages/starlette/_exception_handler.py", line 53, in wrapped_app
    raise exc
  File "/home/ubuntu/careerportal/mss-career-portal/app/linuxvenv/lib/python3.12/site-packages/starlette/_exception_handler.py", line 42, in wrapped_app
    await app(scope, receive, sender)
  File "/home/ubuntu/careerportal/mss-career-portal/app/linuxvenv/lib/python3.12/site-packages/fastapi/routing.py", line 136, in app
    response = await f(request)
               ^^^^^^^^^^^^^^^^
  File "/home/ubuntu/careerportal/mss-career-portal/app/linuxvenv/lib/python3.12/site-packages/fastapi/routing.py", line 690, in app
    raw_response = await run_endpoint_function(
                   ^^^^^^^^^^^^^^^^^^^^^^^^^^^^
  File "/home/ubuntu/careerportal/mss-career-portal/app/linuxvenv/lib/python3.12/site-packages/fastapi/routing.py", line 346, in run_endpoint_function
    return await run_in_threadpool(dependant.call, **values)
           ^^^^^^^^^^^^^^^^^^^^^^^^^^^^^^^^^^^^^^^^^^^^^^^^^
  File "/home/ubuntu/careerportal/mss-career-portal/app/linuxvenv/lib/python3.12/site-packages/starlette/concurrency.py", line 34, in run_in_threadpool
    return await anyio.to_thread.run_sync(func)
           ^^^^^^^^^^^^^^^^^^^^^^^^^^^^^^^^^^^^
  File "/home/ubuntu/careerportal/mss-career-portal/app/linuxvenv/lib/python3.12/site-packages/anyio/to_thread.py", line 63, in run_sync
    return await get_async_backend().run_sync_in_worker_thread(
           ^^^^^^^^^^^^^^^^^^^^^^^^^^^^^^^^^^^^^^^^^^^^^^^^^^^^
  File "/home/ubuntu/careerportal/mss-career-portal/app/linuxvenv/lib/python3.12/site-packages/anyio/_backends/_asyncio.py", line 2596, in run_sync_in_worker_thread
    return await future
           ^^^^^^^^^^^^
  File "/home/ubuntu/careerportal/mss-career-portal/app/linuxvenv/lib/python3.12/site-packages/anyio/_backends/_asyncio.py", line 1029, in run
    result = context.run(func, *args)
             ^^^^^^^^^^^^^^^^^^^^^^^^
  File "/home/ubuntu/careerportal/mss-career-portal/app/routes/auth_route.py", line 261, in update_candidate_profile
    return update_candidate_profile_db(db, user_id=candidate_id, data=form_data.model_dump(exclude_unset=True))
           ^^^^^^^^^^^^^^^^^^^^^^^^^^^^^^^^^^^^^^^^^^^^^^^^^^^^^^^^^^^^^^^^^^^^^^^^^^^^^^^^^^^^^^^^^^^^^^^^^^^^
  File "/home/ubuntu/careerportal/mss-career-portal/app/crud/auth_crud.py", line 524, in update_candidate_profile_db
    db.commit()
  File "/home/ubuntu/careerportal/mss-career-portal/app/linuxvenv/lib/python3.12/site-packages/sqlalchemy/orm/session.py", line 2035, in commit
    trans.commit(_to_root=True)
  File "<string>", line 2, in commit
  File "/home/ubuntu/careerportal/mss-career-portal/app/linuxvenv/lib/python3.12/site-packages/sqlalchemy/orm/state_changes.py", line 137, in _go
    ret_value = fn(self, *arg, **kw)
                ^^^^^^^^^^^^^^^^^^^^
  File "/home/ubuntu/careerportal/mss-career-portal/app/linuxvenv/lib/python3.12/site-packages/sqlalchemy/orm/session.py", line 1316, in commit
    self._prepare_impl()
  File "<string>", line 2, in _prepare_impl
  File "/home/ubuntu/careerportal/mss-career-portal/app/linuxvenv/lib/python3.12/site-packages/sqlalchemy/orm/state_changes.py", line 137, in _go
    ret_value = fn(self, *arg, **kw)
                ^^^^^^^^^^^^^^^^^^^^
  File "/home/ubuntu/careerportal/mss-career-portal/app/linuxvenv/lib/python3.12/site-packages/sqlalchemy/orm/session.py", line 1290, in _prepare_impl
    self.session.flush()
  File "/home/ubuntu/careerportal/mss-career-portal/app/linuxvenv/lib/python3.12/site-packages/sqlalchemy/orm/session.py", line 4353, in flush
    self._flush(objects)
  File "/home/ubuntu/careerportal/mss-career-portal/app/linuxvenv/lib/python3.12/site-packages/sqlalchemy/orm/session.py", line 4488, in _flush
    with util.safe_reraise():
  File "/home/ubuntu/careerportal/mss-career-portal/app/linuxvenv/lib/python3.12/site-packages/sqlalchemy/util/langhelpers.py", line 122, in __exit__
    raise exc_value.with_traceback(exc_tb)
  File "/home/ubuntu/careerportal/mss-career-portal/app/linuxvenv/lib/python3.12/site-packages/sqlalchemy/orm/session.py", line 4449, in _flush
    flush_context.execute()
  File "/home/ubuntu/careerportal/mss-career-portal/app/linuxvenv/lib/python3.12/site-packages/sqlalchemy/orm/unitofwork.py", line 465, in execute
    rec.execute(self)
  File "/home/ubuntu/careerportal/mss-career-portal/app/linuxvenv/lib/python3.12/site-packages/sqlalchemy/orm/unitofwork.py", line 641, in execute
    util.preloaded.orm_persistence.save_obj(
  File "/home/ubuntu/careerportal/mss-career-portal/app/linuxvenv/lib/python3.12/site-packages/sqlalchemy/orm/persistence.py", line 86, in save_obj
    _emit_update_statements(
  File "/home/ubuntu/careerportal/mss-career-portal/app/linuxvenv/lib/python3.12/site-packages/sqlalchemy/orm/persistence.py", line 913, in _emit_update_statements
    c = connection.execute(
        ^^^^^^^^^^^^^^^^^^^
  File "/home/ubuntu/careerportal/mss-career-portal/app/linuxvenv/lib/python3.12/site-packages/sqlalchemy/engine/base.py", line 1421, in execute
    return meth(
           ^^^^^
  File "/home/ubuntu/careerportal/mss-career-portal/app/linuxvenv/lib/python3.12/site-packages/sqlalchemy/sql/elements.py", line 526, in _execute_on_connection
    return connection._execute_clauseelement(
           ^^^^^^^^^^^^^^^^^^^^^^^^^^^^^^^^^^
  File "/home/ubuntu/careerportal/mss-career-portal/app/linuxvenv/lib/python3.12/site-packages/sqlalchemy/engine/base.py", line 1643, in _execute_clauseelement
    ret = self._execute_context(
          ^^^^^^^^^^^^^^^^^^^^^^
  File "/home/ubuntu/careerportal/mss-career-portal/app/linuxvenv/lib/python3.12/site-packages/sqlalchemy/engine/base.py", line 1848, in _execute_context
    return self._exec_single_context(
           ^^^^^^^^^^^^^^^^^^^^^^^^^^
  File "/home/ubuntu/careerportal/mss-career-portal/app/linuxvenv/lib/python3.12/site-packages/sqlalchemy/engine/base.py", line 1988, in _exec_single_context
    self._handle_dbapi_exception(
  File "/home/ubuntu/careerportal/mss-career-portal/app/linuxvenv/lib/python3.12/site-packages/sqlalchemy/engine/base.py", line 2365, in _handle_dbapi_exception
    raise sqlalchemy_exception.with_traceback(exc_info[2]) from e
  File "/home/ubuntu/careerportal/mss-career-portal/app/linuxvenv/lib/python3.12/site-packages/sqlalchemy/engine/base.py", line 1969, in _exec_single_context
    self.dialect.do_execute(
  File "/home/ubuntu/careerportal/mss-career-portal/app/linuxvenv/lib/python3.12/site-packages/sqlalchemy/engine/default.py", line 952, in do_execute
    cursor.execute(statement, parameters)
  File "/home/ubuntu/careerportal/mss-career-portal/app/linuxvenv/lib/python3.12/site-packages/pymysql/cursors.py", line 159, in execute
    result = self._query(query)
             ^^^^^^^^^^^^^^^^^^
  File "/home/ubuntu/careerportal/mss-career-portal/app/linuxvenv/lib/python3.12/site-packages/pymysql/cursors.py", line 330, in _query
    conn.query(q)
  File "/home/ubuntu/careerportal/mss-career-portal/app/linuxvenv/lib/python3.12/site-packages/pymysql/connections.py", line 582, in query
    self._affected_rows = self._read_query_result(unbuffered=unbuffered)
                          ^^^^^^^^^^^^^^^^^^^^^^^^^^^^^^^^^^^^^^^^^^^^^^
  File "/home/ubuntu/careerportal/mss-career-portal/app/linuxvenv/lib/python3.12/site-packages/pymysql/connections.py", line 847, in _read_query_result
    result.read()
  File "/home/ubuntu/careerportal/mss-career-portal/app/linuxvenv/lib/python3.12/site-packages/pymysql/connections.py", line 1245, in read
    first_packet = self.connection._read_packet()
                   ^^^^^^^^^^^^^^^^^^^^^^^^^^^^^^
  File "/home/ubuntu/careerportal/mss-career-portal/app/linuxvenv/lib/python3.12/site-packages/pymysql/connections.py", line 803, in _read_packet
    packet.raise_for_error()
  File "/home/ubuntu/careerportal/mss-career-portal/app/linuxvenv/lib/python3.12/site-packages/pymysql/protocol.py", line 219, in raise_for_error
    err.raise_mysql_exception(self._data)
  File "/home/ubuntu/careerportal/mss-career-portal/app/linuxvenv/lib/python3.12/site-packages/pymysql/err.py", line 154, in raise_mysql_exception
    raise errorclass(errno, errval, sqlstate=sqlstate)
sqlalchemy.exc.DataError: (pymysql.err.DataError) (1265, "Data truncated for column 'marital_status' at row 1")
[SQL: UPDATE candidate_metadata SET marital_status=%(marital_status)s, updated_at=CURRENT_TIMESTAMP WHERE candidate_metadata.id = %(candidate_metadata_id)s]
[parameters: {'marital_status': '', 'candidate_metadata_id': 5}]
(Background on this error at: https://sqlalche.me/e/20/9h9h)
[2026-06-30 08:47:42] ERROR in main: Unhandled error on PUT /auth/candidate/profile: (pymysql.err.DataError) (1265, "Data truncated for column 'marital_status' at row 1")
[SQL: UPDATE candidate_metadata SET marital_status=%(marital_status)s, updated_at=CURRENT_TIMESTAMP WHERE candidate_metadata.id = %(candidate_metadata_id)s]
[parameters: {'marital_status': '', 'candidate_metadata_id': 5}]
(Background on this error at: https://sqlalche.me/e/20/9h9h)
Traceback (most recent call last):
  File "/home/ubuntu/careerportal/mss-career-portal/app/linuxvenv/lib/python3.12/site-packages/sqlalchemy/engine/base.py", line 1969, in _exec_single_context
    self.dialect.do_execute(
  File "/home/ubuntu/careerportal/mss-career-portal/app/linuxvenv/lib/python3.12/site-packages/sqlalchemy/engine/default.py", line 952, in do_execute
    cursor.execute(statement, parameters)
  File "/home/ubuntu/careerportal/mss-career-portal/app/linuxvenv/lib/python3.12/site-packages/pymysql/cursors.py", line 159, in execute
    result = self._query(query)
             ^^^^^^^^^^^^^^^^^^
  File "/home/ubuntu/careerportal/mss-career-portal/app/linuxvenv/lib/python3.12/site-packages/pymysql/cursors.py", line 330, in _query
    conn.query(q)
  File "/home/ubuntu/careerportal/mss-career-portal/app/linuxvenv/lib/python3.12/site-packages/pymysql/connections.py", line 582, in query
    self._affected_rows = self._read_query_result(unbuffered=unbuffered)
                          ^^^^^^^^^^^^^^^^^^^^^^^^^^^^^^^^^^^^^^^^^^^^^^
  File "/home/ubuntu/careerportal/mss-career-portal/app/linuxvenv/lib/python3.12/site-packages/pymysql/connections.py", line 847, in _read_query_result
    result.read()
  File "/home/ubuntu/careerportal/mss-career-portal/app/linuxvenv/lib/python3.12/site-packages/pymysql/connections.py", line 1245, in read
    first_packet = self.connection._read_packet()
                   ^^^^^^^^^^^^^^^^^^^^^^^^^^^^^^
  File "/home/ubuntu/careerportal/mss-career-portal/app/linuxvenv/lib/python3.12/site-packages/pymysql/connections.py", line 803, in _read_packet
    packet.raise_for_error()
  File "/home/ubuntu/careerportal/mss-career-portal/app/linuxvenv/lib/python3.12/site-packages/pymysql/protocol.py", line 219, in raise_for_error
    err.raise_mysql_exception(self._data)
  File "/home/ubuntu/careerportal/mss-career-portal/app/linuxvenv/lib/python3.12/site-packages/pymysql/err.py", line 154, in raise_mysql_exception
    raise errorclass(errno, errval, sqlstate=sqlstate)
pymysql.err.DataError: (1265, "Data truncated for column 'marital_status' at row 1")

The above exception was the direct cause of the following exception:

Traceback (most recent call last):
  File "/home/ubuntu/careerportal/mss-career-portal/app/main.py", line 38, in dispatch
    return await call_next(request)
           ^^^^^^^^^^^^^^^^^^^^^^^^
  File "/home/ubuntu/careerportal/mss-career-portal/app/linuxvenv/lib/python3.12/site-packages/starlette/middleware/base.py", line 168, in call_next
    raise app_exc from app_exc.__cause__ or app_exc.__context__
  File "/home/ubuntu/careerportal/mss-career-portal/app/linuxvenv/lib/python3.12/site-packages/starlette/middleware/base.py", line 144, in coro
    await self.app(scope, receive_or_disconnect, send_no_error)
  File "/home/ubuntu/careerportal/mss-career-portal/app/linuxvenv/lib/python3.12/site-packages/starlette/middleware/exceptions.py", line 63, in __call__
    await wrap_app_handling_exceptions(self.app, conn)(scope, receive, send)
  File "/home/ubuntu/careerportal/mss-career-portal/app/linuxvenv/lib/python3.12/site-packages/starlette/_exception_handler.py", line 53, in wrapped_app
    raise exc
  File "/home/ubuntu/careerportal/mss-career-portal/app/linuxvenv/lib/python3.12/site-packages/starlette/_exception_handler.py", line 42, in wrapped_app
    await app(scope, receive, sender)
  File "/home/ubuntu/careerportal/mss-career-portal/app/linuxvenv/lib/python3.12/site-packages/fastapi/middleware/asyncexitstack.py", line 18, in __call__
    await self.app(scope, receive, send)
  File "/home/ubuntu/careerportal/mss-career-portal/app/linuxvenv/lib/python3.12/site-packages/starlette/routing.py", line 660, in __call__
    await self.middleware_stack(scope, receive, send)
  File "/home/ubuntu/careerportal/mss-career-portal/app/linuxvenv/lib/python3.12/site-packages/fastapi/routing.py", line 2531, in app
    await route.handle(scope, receive, send)
  File "/home/ubuntu/careerportal/mss-career-portal/app/linuxvenv/lib/python3.12/site-packages/fastapi/routing.py", line 1700, in handle
    await self.original_router.handle(scope, receive, send)
  File "/home/ubuntu/careerportal/mss-career-portal/app/linuxvenv/lib/python3.12/site-packages/fastapi/routing.py", line 2586, in handle
    await included_router._handle_selected(scope, receive, send)
  File "/home/ubuntu/careerportal/mss-career-portal/app/linuxvenv/lib/python3.12/site-packages/fastapi/routing.py", line 1720, in _handle_selected
    await original_route.handle(scope, receive, send)
  File "/home/ubuntu/careerportal/mss-career-portal/app/linuxvenv/lib/python3.12/site-packages/fastapi/routing.py", line 1239, in handle
    await app(scope, receive, send)
  File "/home/ubuntu/careerportal/mss-career-portal/app/linuxvenv/lib/python3.12/site-packages/fastapi/routing.py", line 150, in app
    await wrap_app_handling_exceptions(app, request)(scope, receive, send)
  File "/home/ubuntu/careerportal/mss-career-portal/app/linuxvenv/lib/python3.12/site-packages/starlette/_exception_handler.py", line 53, in wrapped_app
    raise exc
  File "/home/ubuntu/careerportal/mss-career-portal/app/linuxvenv/lib/python3.12/site-packages/starlette/_exception_handler.py", line 42, in wrapped_app
    await app(scope, receive, sender)
  File "/home/ubuntu/careerportal/mss-career-portal/app/linuxvenv/lib/python3.12/site-packages/fastapi/routing.py", line 136, in app
    response = await f(request)
               ^^^^^^^^^^^^^^^^
  File "/home/ubuntu/careerportal/mss-career-portal/app/linuxvenv/lib/python3.12/site-packages/fastapi/routing.py", line 690, in app
    raw_response = await run_endpoint_function(
                   ^^^^^^^^^^^^^^^^^^^^^^^^^^^^
  File "/home/ubuntu/careerportal/mss-career-portal/app/linuxvenv/lib/python3.12/site-packages/fastapi/routing.py", line 346, in run_endpoint_function
    return await run_in_threadpool(dependant.call, **values)
           ^^^^^^^^^^^^^^^^^^^^^^^^^^^^^^^^^^^^^^^^^^^^^^^^^
  File "/home/ubuntu/careerportal/mss-career-portal/app/linuxvenv/lib/python3.12/site-packages/starlette/concurrency.py", line 34, in run_in_threadpool
    return await anyio.to_thread.run_sync(func)
           ^^^^^^^^^^^^^^^^^^^^^^^^^^^^^^^^^^^^
  File "/home/ubuntu/careerportal/mss-career-portal/app/linuxvenv/lib/python3.12/site-packages/anyio/to_thread.py", line 63, in run_sync
    return await get_async_backend().run_sync_in_worker_thread(
           ^^^^^^^^^^^^^^^^^^^^^^^^^^^^^^^^^^^^^^^^^^^^^^^^^^^^
  File "/home/ubuntu/careerportal/mss-career-portal/app/linuxvenv/lib/python3.12/site-packages/anyio/_backends/_asyncio.py", line 2596, in run_sync_in_worker_thread
    return await future
           ^^^^^^^^^^^^
  File "/home/ubuntu/careerportal/mss-career-portal/app/linuxvenv/lib/python3.12/site-packages/anyio/_backends/_asyncio.py", line 1029, in run
    result = context.run(func, *args)
             ^^^^^^^^^^^^^^^^^^^^^^^^
  File "/home/ubuntu/careerportal/mss-career-portal/app/routes/auth_route.py", line 261, in update_candidate_profile
    return update_candidate_profile_db(db, user_id=candidate_id, data=form_data.model_dump(exclude_unset=True))
           ^^^^^^^^^^^^^^^^^^^^^^^^^^^^^^^^^^^^^^^^^^^^^^^^^^^^^^^^^^^^^^^^^^^^^^^^^^^^^^^^^^^^^^^^^^^^^^^^^^^^
  File "/home/ubuntu/careerportal/mss-career-portal/app/crud/auth_crud.py", line 524, in update_candidate_profile_db
    db.commit()
  File "/home/ubuntu/careerportal/mss-career-portal/app/linuxvenv/lib/python3.12/site-packages/sqlalchemy/orm/session.py", line 2035, in commit
    trans.commit(_to_root=True)
  File "<string>", line 2, in commit
  File "/home/ubuntu/careerportal/mss-career-portal/app/linuxvenv/lib/python3.12/site-packages/sqlalchemy/orm/state_changes.py", line 137, in _go
    ret_value = fn(self, *arg, **kw)
                ^^^^^^^^^^^^^^^^^^^^
  File "/home/ubuntu/careerportal/mss-career-portal/app/linuxvenv/lib/python3.12/site-packages/sqlalchemy/orm/session.py", line 1316, in commit
    self._prepare_impl()
  File "<string>", line 2, in _prepare_impl
  File "/home/ubuntu/careerportal/mss-career-portal/app/linuxvenv/lib/python3.12/site-packages/sqlalchemy/orm/state_changes.py", line 137, in _go
    ret_value = fn(self, *arg, **kw)
                ^^^^^^^^^^^^^^^^^^^^
  File "/home/ubuntu/careerportal/mss-career-portal/app/linuxvenv/lib/python3.12/site-packages/sqlalchemy/orm/session.py", line 1290, in _prepare_impl
    self.session.flush()
  File "/home/ubuntu/careerportal/mss-career-portal/app/linuxvenv/lib/python3.12/site-packages/sqlalchemy/orm/session.py", line 4353, in flush
    self._flush(objects)
  File "/home/ubuntu/careerportal/mss-career-portal/app/linuxvenv/lib/python3.12/site-packages/sqlalchemy/orm/session.py", line 4488, in _flush
    with util.safe_reraise():
  File "/home/ubuntu/careerportal/mss-career-portal/app/linuxvenv/lib/python3.12/site-packages/sqlalchemy/util/langhelpers.py", line 122, in __exit__
    raise exc_value.with_traceback(exc_tb)
  File "/home/ubuntu/careerportal/mss-career-portal/app/linuxvenv/lib/python3.12/site-packages/sqlalchemy/orm/session.py", line 4449, in _flush
    flush_context.execute()
  File "/home/ubuntu/careerportal/mss-career-portal/app/linuxvenv/lib/python3.12/site-packages/sqlalchemy/orm/unitofwork.py", line 465, in execute
    rec.execute(self)
  File "/home/ubuntu/careerportal/mss-career-portal/app/linuxvenv/lib/python3.12/site-packages/sqlalchemy/orm/unitofwork.py", line 641, in execute
    util.preloaded.orm_persistence.save_obj(
  File "/home/ubuntu/careerportal/mss-career-portal/app/linuxvenv/lib/python3.12/site-packages/sqlalchemy/orm/persistence.py", line 86, in save_obj
    _emit_update_statements(
  File "/home/ubuntu/careerportal/mss-career-portal/app/linuxvenv/lib/python3.12/site-packages/sqlalchemy/orm/persistence.py", line 913, in _emit_update_statements
    c = connection.execute(
        ^^^^^^^^^^^^^^^^^^^
  File "/home/ubuntu/careerportal/mss-career-portal/app/linuxvenv/lib/python3.12/site-packages/sqlalchemy/engine/base.py", line 1421, in execute
    return meth(
           ^^^^^
  File "/home/ubuntu/careerportal/mss-career-portal/app/linuxvenv/lib/python3.12/site-packages/sqlalchemy/sql/elements.py", line 526, in _execute_on_connection
    return connection._execute_clauseelement(
           ^^^^^^^^^^^^^^^^^^^^^^^^^^^^^^^^^^
  File "/home/ubuntu/careerportal/mss-career-portal/app/linuxvenv/lib/python3.12/site-packages/sqlalchemy/engine/base.py", line 1643, in _execute_clauseelement
    ret = self._execute_context(
          ^^^^^^^^^^^^^^^^^^^^^^
  File "/home/ubuntu/careerportal/mss-career-portal/app/linuxvenv/lib/python3.12/site-packages/sqlalchemy/engine/base.py", line 1848, in _execute_context
    return self._exec_single_context(
           ^^^^^^^^^^^^^^^^^^^^^^^^^^
  File "/home/ubuntu/careerportal/mss-career-portal/app/linuxvenv/lib/python3.12/site-packages/sqlalchemy/engine/base.py", line 1988, in _exec_single_context
    self._handle_dbapi_exception(
  File "/home/ubuntu/careerportal/mss-career-portal/app/linuxvenv/lib/python3.12/site-packages/sqlalchemy/engine/base.py", line 2365, in _handle_dbapi_exception
    raise sqlalchemy_exception.with_traceback(exc_info[2]) from e
  File "/home/ubuntu/careerportal/mss-career-portal/app/linuxvenv/lib/python3.12/site-packages/sqlalchemy/engine/base.py", line 1969, in _exec_single_context
    self.dialect.do_execute(
  File "/home/ubuntu/careerportal/mss-career-portal/app/linuxvenv/lib/python3.12/site-packages/sqlalchemy/engine/default.py", line 952, in do_execute
    cursor.execute(statement, parameters)
  File "/home/ubuntu/careerportal/mss-career-portal/app/linuxvenv/lib/python3.12/site-packages/pymysql/cursors.py", line 159, in execute
    result = self._query(query)
             ^^^^^^^^^^^^^^^^^^
  File "/home/ubuntu/careerportal/mss-career-portal/app/linuxvenv/lib/python3.12/site-packages/pymysql/cursors.py", line 330, in _query
    conn.query(q)
  File "/home/ubuntu/careerportal/mss-career-portal/app/linuxvenv/lib/python3.12/site-packages/pymysql/connections.py", line 582, in query
    self._affected_rows = self._read_query_result(unbuffered=unbuffered)
                          ^^^^^^^^^^^^^^^^^^^^^^^^^^^^^^^^^^^^^^^^^^^^^^
  File "/home/ubuntu/careerportal/mss-career-portal/app/linuxvenv/lib/python3.12/site-packages/pymysql/connections.py", line 847, in _read_query_result
    result.read()
  File "/home/ubuntu/careerportal/mss-career-portal/app/linuxvenv/lib/python3.12/site-packages/pymysql/connections.py", line 1245, in read
    first_packet = self.connection._read_packet()
                   ^^^^^^^^^^^^^^^^^^^^^^^^^^^^^^
  File "/home/ubuntu/careerportal/mss-career-portal/app/linuxvenv/lib/python3.12/site-packages/pymysql/connections.py", line 803, in _read_packet
    packet.raise_for_error()
  File "/home/ubuntu/careerportal/mss-career-portal/app/linuxvenv/lib/python3.12/site-packages/pymysql/protocol.py", line 219, in raise_for_error
    err.raise_mysql_exception(self._data)
  File "/home/ubuntu/careerportal/mss-career-portal/app/linuxvenv/lib/python3.12/site-packages/pymysql/err.py", line 154, in raise_mysql_exception
    raise errorclass(errno, errval, sqlstate=sqlstate)
sqlalchemy.exc.DataError: (pymysql.err.DataError) (1265, "Data truncated for column 'marital_status' at row 1")
[SQL: UPDATE candidate_metadata SET marital_status=%(marital_status)s, updated_at=CURRENT_TIMESTAMP WHERE candidate_metadata.id = %(candidate_metadata_id)s]
[parameters: {'marital_status': '', 'candidate_metadata_id': 5}]
(Background on this error at: https://sqlalche.me/e/20/9h9h)
[2026-06-30 08:47:43] ERROR in main: Unhandled error on PUT /auth/candidate/profile: (pymysql.err.DataError) (1265, "Data truncated for column 'marital_status' at row 1")
[SQL: UPDATE candidate_metadata SET marital_status=%(marital_status)s, updated_at=CURRENT_TIMESTAMP WHERE candidate_metadata.id = %(candidate_metadata_id)s]
[parameters: {'marital_status': '', 'candidate_metadata_id': 5}]
(Background on this error at: https://sqlalche.me/e/20/9h9h)
Traceback (most recent call last):
  File "/home/ubuntu/careerportal/mss-career-portal/app/linuxvenv/lib/python3.12/site-packages/sqlalchemy/engine/base.py", line 1969, in _exec_single_context
    self.dialect.do_execute(
  File "/home/ubuntu/careerportal/mss-career-portal/app/linuxvenv/lib/python3.12/site-packages/sqlalchemy/engine/default.py", line 952, in do_execute
    cursor.execute(statement, parameters)
  File "/home/ubuntu/careerportal/mss-career-portal/app/linuxvenv/lib/python3.12/site-packages/pymysql/cursors.py", line 159, in execute
    result = self._query(query)
             ^^^^^^^^^^^^^^^^^^
  File "/home/ubuntu/careerportal/mss-career-portal/app/linuxvenv/lib/python3.12/site-packages/pymysql/cursors.py", line 330, in _query
    conn.query(q)
  File "/home/ubuntu/careerportal/mss-career-portal/app/linuxvenv/lib/python3.12/site-packages/pymysql/connections.py", line 582, in query
    self._affected_rows = self._read_query_result(unbuffered=unbuffered)
                          ^^^^^^^^^^^^^^^^^^^^^^^^^^^^^^^^^^^^^^^^^^^^^^
  File "/home/ubuntu/careerportal/mss-career-portal/app/linuxvenv/lib/python3.12/site-packages/pymysql/connections.py", line 847, in _read_query_result
    result.read()
  File "/home/ubuntu/careerportal/mss-career-portal/app/linuxvenv/lib/python3.12/site-packages/pymysql/connections.py", line 1245, in read
    first_packet = self.connection._read_packet()
                   ^^^^^^^^^^^^^^^^^^^^^^^^^^^^^^
  File "/home/ubuntu/careerportal/mss-career-portal/app/linuxvenv/lib/python3.12/site-packages/pymysql/connections.py", line 803, in _read_packet
    packet.raise_for_error()
  File "/home/ubuntu/careerportal/mss-career-portal/app/linuxvenv/lib/python3.12/site-packages/pymysql/protocol.py", line 219, in raise_for_error
    err.raise_mysql_exception(self._data)
  File "/home/ubuntu/careerportal/mss-career-portal/app/linuxvenv/lib/python3.12/site-packages/pymysql/err.py", line 154, in raise_mysql_exception
    raise errorclass(errno, errval, sqlstate=sqlstate)
pymysql.err.DataError: (1265, "Data truncated for column 'marital_status' at row 1")

The above exception was the direct cause of the following exception:

Traceback (most recent call last):
  File "/home/ubuntu/careerportal/mss-career-portal/app/main.py", line 38, in dispatch
    return await call_next(request)
           ^^^^^^^^^^^^^^^^^^^^^^^^
  File "/home/ubuntu/careerportal/mss-career-portal/app/linuxvenv/lib/python3.12/site-packages/starlette/middleware/base.py", line 168, in call_next
    raise app_exc from app_exc.__cause__ or app_exc.__context__
  File "/home/ubuntu/careerportal/mss-career-portal/app/linuxvenv/lib/python3.12/site-packages/starlette/middleware/base.py", line 144, in coro
    await self.app(scope, receive_or_disconnect, send_no_error)
  File "/home/ubuntu/careerportal/mss-career-portal/app/linuxvenv/lib/python3.12/site-packages/starlette/middleware/exceptions.py", line 63, in __call__
    await wrap_app_handling_exceptions(self.app, conn)(scope, receive, send)
  File "/home/ubuntu/careerportal/mss-career-portal/app/linuxvenv/lib/python3.12/site-packages/starlette/_exception_handler.py", line 53, in wrapped_app
    raise exc
  File "/home/ubuntu/careerportal/mss-career-portal/app/linuxvenv/lib/python3.12/site-packages/starlette/_exception_handler.py", line 42, in wrapped_app
    await app(scope, receive, sender)
  File "/home/ubuntu/careerportal/mss-career-portal/app/linuxvenv/lib/python3.12/site-packages/fastapi/middleware/asyncexitstack.py", line 18, in __call__
    await self.app(scope, receive, send)
  File "/home/ubuntu/careerportal/mss-career-portal/app/linuxvenv/lib/python3.12/site-packages/starlette/routing.py", line 660, in __call__
    await self.middleware_stack(scope, receive, send)
  File "/home/ubuntu/careerportal/mss-career-portal/app/linuxvenv/lib/python3.12/site-packages/fastapi/routing.py", line 2531, in app
    await route.handle(scope, receive, send)
  File "/home/ubuntu/careerportal/mss-career-portal/app/linuxvenv/lib/python3.12/site-packages/fastapi/routing.py", line 1700, in handle
    await self.original_router.handle(scope, receive, send)
  File "/home/ubuntu/careerportal/mss-career-portal/app/linuxvenv/lib/python3.12/site-packages/fastapi/routing.py", line 2586, in handle
    await included_router._handle_selected(scope, receive, send)
  File "/home/ubuntu/careerportal/mss-career-portal/app/linuxvenv/lib/python3.12/site-packages/fastapi/routing.py", line 1720, in _handle_selected
    await original_route.handle(scope, receive, send)
  File "/home/ubuntu/careerportal/mss-career-portal/app/linuxvenv/lib/python3.12/site-packages/fastapi/routing.py", line 1239, in handle
    await app(scope, receive, send)
  File "/home/ubuntu/careerportal/mss-career-portal/app/linuxvenv/lib/python3.12/site-packages/fastapi/routing.py", line 150, in app
    await wrap_app_handling_exceptions(app, request)(scope, receive, send)
  File "/home/ubuntu/careerportal/mss-career-portal/app/linuxvenv/lib/python3.12/site-packages/starlette/_exception_handler.py", line 53, in wrapped_app
    raise exc
  File "/home/ubuntu/careerportal/mss-career-portal/app/linuxvenv/lib/python3.12/site-packages/starlette/_exception_handler.py", line 42, in wrapped_app
    await app(scope, receive, sender)
  File "/home/ubuntu/careerportal/mss-career-portal/app/linuxvenv/lib/python3.12/site-packages/fastapi/routing.py", line 136, in app
    response = await f(request)
               ^^^^^^^^^^^^^^^^
  File "/home/ubuntu/careerportal/mss-career-portal/app/linuxvenv/lib/python3.12/site-packages/fastapi/routing.py", line 690, in app
    raw_response = await run_endpoint_function(
                   ^^^^^^^^^^^^^^^^^^^^^^^^^^^^
  File "/home/ubuntu/careerportal/mss-career-portal/app/linuxvenv/lib/python3.12/site-packages/fastapi/routing.py", line 346, in run_endpoint_function
    return await run_in_threadpool(dependant.call, **values)
           ^^^^^^^^^^^^^^^^^^^^^^^^^^^^^^^^^^^^^^^^^^^^^^^^^
  File "/home/ubuntu/careerportal/mss-career-portal/app/linuxvenv/lib/python3.12/site-packages/starlette/concurrency.py", line 34, in run_in_threadpool
    return await anyio.to_thread.run_sync(func)
           ^^^^^^^^^^^^^^^^^^^^^^^^^^^^^^^^^^^^
  File "/home/ubuntu/careerportal/mss-career-portal/app/linuxvenv/lib/python3.12/site-packages/anyio/to_thread.py", line 63, in run_sync
    return await get_async_backend().run_sync_in_worker_thread(
           ^^^^^^^^^^^^^^^^^^^^^^^^^^^^^^^^^^^^^^^^^^^^^^^^^^^^
  File "/home/ubuntu/careerportal/mss-career-portal/app/linuxvenv/lib/python3.12/site-packages/anyio/_backends/_asyncio.py", line 2596, in run_sync_in_worker_thread
    return await future
           ^^^^^^^^^^^^
  File "/home/ubuntu/careerportal/mss-career-portal/app/linuxvenv/lib/python3.12/site-packages/anyio/_backends/_asyncio.py", line 1029, in run
    result = context.run(func, *args)
             ^^^^^^^^^^^^^^^^^^^^^^^^
  File "/home/ubuntu/careerportal/mss-career-portal/app/routes/auth_route.py", line 261, in update_candidate_profile
    return update_candidate_profile_db(db, user_id=candidate_id, data=form_data.model_dump(exclude_unset=True))
           ^^^^^^^^^^^^^^^^^^^^^^^^^^^^^^^^^^^^^^^^^^^^^^^^^^^^^^^^^^^^^^^^^^^^^^^^^^^^^^^^^^^^^^^^^^^^^^^^^^^^
  File "/home/ubuntu/careerportal/mss-career-portal/app/crud/auth_crud.py", line 524, in update_candidate_profile_db
    db.commit()
  File "/home/ubuntu/careerportal/mss-career-portal/app/linuxvenv/lib/python3.12/site-packages/sqlalchemy/orm/session.py", line 2035, in commit
    trans.commit(_to_root=True)
  File "<string>", line 2, in commit
  File "/home/ubuntu/careerportal/mss-career-portal/app/linuxvenv/lib/python3.12/site-packages/sqlalchemy/orm/state_changes.py", line 137, in _go
    ret_value = fn(self, *arg, **kw)
                ^^^^^^^^^^^^^^^^^^^^
  File "/home/ubuntu/careerportal/mss-career-portal/app/linuxvenv/lib/python3.12/site-packages/sqlalchemy/orm/session.py", line 1316, in commit
    self._prepare_impl()
  File "<string>", line 2, in _prepare_impl
  File "/home/ubuntu/careerportal/mss-career-portal/app/linuxvenv/lib/python3.12/site-packages/sqlalchemy/orm/state_changes.py", line 137, in _go
    ret_value = fn(self, *arg, **kw)
                ^^^^^^^^^^^^^^^^^^^^
  File "/home/ubuntu/careerportal/mss-career-portal/app/linuxvenv/lib/python3.12/site-packages/sqlalchemy/orm/session.py", line 1290, in _prepare_impl
    self.session.flush()
  File "/home/ubuntu/careerportal/mss-career-portal/app/linuxvenv/lib/python3.12/site-packages/sqlalchemy/orm/session.py", line 4353, in flush
    self._flush(objects)
  File "/home/ubuntu/careerportal/mss-career-portal/app/linuxvenv/lib/python3.12/site-packages/sqlalchemy/orm/session.py", line 4488, in _flush
    with util.safe_reraise():
  File "/home/ubuntu/careerportal/mss-career-portal/app/linuxvenv/lib/python3.12/site-packages/sqlalchemy/util/langhelpers.py", line 122, in __exit__
    raise exc_value.with_traceback(exc_tb)
  File "/home/ubuntu/careerportal/mss-career-portal/app/linuxvenv/lib/python3.12/site-packages/sqlalchemy/orm/session.py", line 4449, in _flush
    flush_context.execute()
  File "/home/ubuntu/careerportal/mss-career-portal/app/linuxvenv/lib/python3.12/site-packages/sqlalchemy/orm/unitofwork.py", line 465, in execute
    rec.execute(self)
  File "/home/ubuntu/careerportal/mss-career-portal/app/linuxvenv/lib/python3.12/site-packages/sqlalchemy/orm/unitofwork.py", line 641, in execute
    util.preloaded.orm_persistence.save_obj(
  File "/home/ubuntu/careerportal/mss-career-portal/app/linuxvenv/lib/python3.12/site-packages/sqlalchemy/orm/persistence.py", line 86, in save_obj
    _emit_update_statements(
  File "/home/ubuntu/careerportal/mss-career-portal/app/linuxvenv/lib/python3.12/site-packages/sqlalchemy/orm/persistence.py", line 913, in _emit_update_statements
    c = connection.execute(
        ^^^^^^^^^^^^^^^^^^^
  File "/home/ubuntu/careerportal/mss-career-portal/app/linuxvenv/lib/python3.12/site-packages/sqlalchemy/engine/base.py", line 1421, in execute
    return meth(
           ^^^^^
  File "/home/ubuntu/careerportal/mss-career-portal/app/linuxvenv/lib/python3.12/site-packages/sqlalchemy/sql/elements.py", line 526, in _execute_on_connection
    return connection._execute_clauseelement(
           ^^^^^^^^^^^^^^^^^^^^^^^^^^^^^^^^^^
  File "/home/ubuntu/careerportal/mss-career-portal/app/linuxvenv/lib/python3.12/site-packages/sqlalchemy/engine/base.py", line 1643, in _execute_clauseelement
    ret = self._execute_context(
          ^^^^^^^^^^^^^^^^^^^^^^
  File "/home/ubuntu/careerportal/mss-career-portal/app/linuxvenv/lib/python3.12/site-packages/sqlalchemy/engine/base.py", line 1848, in _execute_context
    return self._exec_single_context(
           ^^^^^^^^^^^^^^^^^^^^^^^^^^
  File "/home/ubuntu/careerportal/mss-career-portal/app/linuxvenv/lib/python3.12/site-packages/sqlalchemy/engine/base.py", line 1988, in _exec_single_context
    self._handle_dbapi_exception(
  File "/home/ubuntu/careerportal/mss-career-portal/app/linuxvenv/lib/python3.12/site-packages/sqlalchemy/engine/base.py", line 2365, in _handle_dbapi_exception
    raise sqlalchemy_exception.with_traceback(exc_info[2]) from e
  File "/home/ubuntu/careerportal/mss-career-portal/app/linuxvenv/lib/python3.12/site-packages/sqlalchemy/engine/base.py", line 1969, in _exec_single_context
    self.dialect.do_execute(
  File "/home/ubuntu/careerportal/mss-career-portal/app/linuxvenv/lib/python3.12/site-packages/sqlalchemy/engine/default.py", line 952, in do_execute
    cursor.execute(statement, parameters)
  File "/home/ubuntu/careerportal/mss-career-portal/app/linuxvenv/lib/python3.12/site-packages/pymysql/cursors.py", line 159, in execute
    result = self._query(query)
             ^^^^^^^^^^^^^^^^^^
  File "/home/ubuntu/careerportal/mss-career-portal/app/linuxvenv/lib/python3.12/site-packages/pymysql/cursors.py", line 330, in _query
    conn.query(q)
  File "/home/ubuntu/careerportal/mss-career-portal/app/linuxvenv/lib/python3.12/site-packages/pymysql/connections.py", line 582, in query
    self._affected_rows = self._read_query_result(unbuffered=unbuffered)
                          ^^^^^^^^^^^^^^^^^^^^^^^^^^^^^^^^^^^^^^^^^^^^^^
  File "/home/ubuntu/careerportal/mss-career-portal/app/linuxvenv/lib/python3.12/site-packages/pymysql/connections.py", line 847, in _read_query_result
    result.read()
  File "/home/ubuntu/careerportal/mss-career-portal/app/linuxvenv/lib/python3.12/site-packages/pymysql/connections.py", line 1245, in read
    first_packet = self.connection._read_packet()
                   ^^^^^^^^^^^^^^^^^^^^^^^^^^^^^^
  File "/home/ubuntu/careerportal/mss-career-portal/app/linuxvenv/lib/python3.12/site-packages/pymysql/connections.py", line 803, in _read_packet
    packet.raise_for_error()
  File "/home/ubuntu/careerportal/mss-career-portal/app/linuxvenv/lib/python3.12/site-packages/pymysql/protocol.py", line 219, in raise_for_error
    err.raise_mysql_exception(self._data)
  File "/home/ubuntu/careerportal/mss-career-portal/app/linuxvenv/lib/python3.12/site-packages/pymysql/err.py", line 154, in raise_mysql_exception
    raise errorclass(errno, errval, sqlstate=sqlstate)
sqlalchemy.exc.DataError: (pymysql.err.DataError) (1265, "Data truncated for column 'marital_status' at row 1")
[SQL: UPDATE candidate_metadata SET marital_status=%(marital_status)s, updated_at=CURRENT_TIMESTAMP WHERE candidate_metadata.id = %(candidate_metadata_id)s]
[parameters: {'marital_status': '', 'candidate_metadata_id': 5}]
(Background on this error at: https://sqlalche.me/e/20/9h9h)
[2026-06-30 09:30:41] INFO in auth_crud: Successful login for candidate email: ramesramesh0724@gmail.com from IP: 162.158.54.163
[2026-06-30 09:36:29] INFO in auth_crud: Successful login for hr_head email: hrhead.themadrassevasadan.org from IP: 162.158.54.162
[2026-06-30 09:59:42] WARNING in jobs_crud: Published job post not found: 12
[2026-06-30 10:08:58] INFO in auth_crud: New user created via Google login: vel0011@gmail.com from IP: 162.158.54.163
[2026-06-30 10:08:58] INFO in auth_crud: Successful Google login for email: vel0011@gmail.com from IP: 162.158.54.163
[2026-06-30 10:12:01] INFO in job_apply_crud: Job application created: applicant_id=22, mss_app_no=MSS-APP-22, job_id=29, user_id=14
[2026-06-30 10:16:51] ERROR in main: Unhandled error on PUT /auth/candidate/profile: (pymysql.err.DataError) (1265, "Data truncated for column 'marital_status' at row 1")
[SQL: UPDATE candidate_metadata SET about=%(about)s, blood_group=%(blood_group)s, marital_status=%(marital_status)s, skills=%(skills)s, languages=%(languages)s, profile_status=%(profile_status)s, updated_at=CURRENT_TIMESTAMP WHERE candidate_metadata.id = %(candidate_metadata_id)s]
[parameters: {'about': '', 'blood_group': '', 'marital_status': '', 'skills': '["Erterterterterterte"]', 'languages': '', 'profile_status': 'complete', 'candidate_metadata_id': 6}]
(Background on this error at: https://sqlalche.me/e/20/9h9h)
Traceback (most recent call last):
  File "/home/ubuntu/careerportal/mss-career-portal/app/linuxvenv/lib/python3.12/site-packages/sqlalchemy/engine/base.py", line 1969, in _exec_single_context
    self.dialect.do_execute(
  File "/home/ubuntu/careerportal/mss-career-portal/app/linuxvenv/lib/python3.12/site-packages/sqlalchemy/engine/default.py", line 952, in do_execute
    cursor.execute(statement, parameters)
  File "/home/ubuntu/careerportal/mss-career-portal/app/linuxvenv/lib/python3.12/site-packages/pymysql/cursors.py", line 159, in execute
    result = self._query(query)
             ^^^^^^^^^^^^^^^^^^
  File "/home/ubuntu/careerportal/mss-career-portal/app/linuxvenv/lib/python3.12/site-packages/pymysql/cursors.py", line 330, in _query
    conn.query(q)
  File "/home/ubuntu/careerportal/mss-career-portal/app/linuxvenv/lib/python3.12/site-packages/pymysql/connections.py", line 582, in query
    self._affected_rows = self._read_query_result(unbuffered=unbuffered)
                          ^^^^^^^^^^^^^^^^^^^^^^^^^^^^^^^^^^^^^^^^^^^^^^
  File "/home/ubuntu/careerportal/mss-career-portal/app/linuxvenv/lib/python3.12/site-packages/pymysql/connections.py", line 847, in _read_query_result
    result.read()
  File "/home/ubuntu/careerportal/mss-career-portal/app/linuxvenv/lib/python3.12/site-packages/pymysql/connections.py", line 1245, in read
    first_packet = self.connection._read_packet()
                   ^^^^^^^^^^^^^^^^^^^^^^^^^^^^^^
  File "/home/ubuntu/careerportal/mss-career-portal/app/linuxvenv/lib/python3.12/site-packages/pymysql/connections.py", line 803, in _read_packet
    packet.raise_for_error()
  File "/home/ubuntu/careerportal/mss-career-portal/app/linuxvenv/lib/python3.12/site-packages/pymysql/protocol.py", line 219, in raise_for_error
    err.raise_mysql_exception(self._data)
  File "/home/ubuntu/careerportal/mss-career-portal/app/linuxvenv/lib/python3.12/site-packages/pymysql/err.py", line 154, in raise_mysql_exception
    raise errorclass(errno, errval, sqlstate=sqlstate)
pymysql.err.DataError: (1265, "Data truncated for column 'marital_status' at row 1")

The above exception was the direct cause of the following exception:

Traceback (most recent call last):
  File "/home/ubuntu/careerportal/mss-career-portal/app/main.py", line 38, in dispatch
    return await call_next(request)
           ^^^^^^^^^^^^^^^^^^^^^^^^
  File "/home/ubuntu/careerportal/mss-career-portal/app/linuxvenv/lib/python3.12/site-packages/starlette/middleware/base.py", line 168, in call_next
    raise app_exc from app_exc.__cause__ or app_exc.__context__
  File "/home/ubuntu/careerportal/mss-career-portal/app/linuxvenv/lib/python3.12/site-packages/starlette/middleware/base.py", line 144, in coro
    await self.app(scope, receive_or_disconnect, send_no_error)
  File "/home/ubuntu/careerportal/mss-career-portal/app/linuxvenv/lib/python3.12/site-packages/starlette/middleware/exceptions.py", line 63, in __call__
    await wrap_app_handling_exceptions(self.app, conn)(scope, receive, send)
  File "/home/ubuntu/careerportal/mss-career-portal/app/linuxvenv/lib/python3.12/site-packages/starlette/_exception_handler.py", line 53, in wrapped_app
    raise exc
  File "/home/ubuntu/careerportal/mss-career-portal/app/linuxvenv/lib/python3.12/site-packages/starlette/_exception_handler.py", line 42, in wrapped_app
    await app(scope, receive, sender)
  File "/home/ubuntu/careerportal/mss-career-portal/app/linuxvenv/lib/python3.12/site-packages/fastapi/middleware/asyncexitstack.py", line 18, in __call__
    await self.app(scope, receive, send)
  File "/home/ubuntu/careerportal/mss-career-portal/app/linuxvenv/lib/python3.12/site-packages/starlette/routing.py", line 660, in __call__
    await self.middleware_stack(scope, receive, send)
  File "/home/ubuntu/careerportal/mss-career-portal/app/linuxvenv/lib/python3.12/site-packages/fastapi/routing.py", line 2531, in app
    await route.handle(scope, receive, send)
  File "/home/ubuntu/careerportal/mss-career-portal/app/linuxvenv/lib/python3.12/site-packages/fastapi/routing.py", line 1700, in handle
    await self.original_router.handle(scope, receive, send)
  File "/home/ubuntu/careerportal/mss-career-portal/app/linuxvenv/lib/python3.12/site-packages/fastapi/routing.py", line 2586, in handle
    await included_router._handle_selected(scope, receive, send)
  File "/home/ubuntu/careerportal/mss-career-portal/app/linuxvenv/lib/python3.12/site-packages/fastapi/routing.py", line 1720, in _handle_selected
    await original_route.handle(scope, receive, send)
  File "/home/ubuntu/careerportal/mss-career-portal/app/linuxvenv/lib/python3.12/site-packages/fastapi/routing.py", line 1239, in handle
    await app(scope, receive, send)
  File "/home/ubuntu/careerportal/mss-career-portal/app/linuxvenv/lib/python3.12/site-packages/fastapi/routing.py", line 150, in app
    await wrap_app_handling_exceptions(app, request)(scope, receive, send)
  File "/home/ubuntu/careerportal/mss-career-portal/app/linuxvenv/lib/python3.12/site-packages/starlette/_exception_handler.py", line 53, in wrapped_app
    raise exc
  File "/home/ubuntu/careerportal/mss-career-portal/app/linuxvenv/lib/python3.12/site-packages/starlette/_exception_handler.py", line 42, in wrapped_app
    await app(scope, receive, sender)
  File "/home/ubuntu/careerportal/mss-career-portal/app/linuxvenv/lib/python3.12/site-packages/fastapi/routing.py", line 136, in app
    response = await f(request)
               ^^^^^^^^^^^^^^^^
  File "/home/ubuntu/careerportal/mss-career-portal/app/linuxvenv/lib/python3.12/site-packages/fastapi/routing.py", line 690, in app
    raw_response = await run_endpoint_function(
                   ^^^^^^^^^^^^^^^^^^^^^^^^^^^^
  File "/home/ubuntu/careerportal/mss-career-portal/app/linuxvenv/lib/python3.12/site-packages/fastapi/routing.py", line 346, in run_endpoint_function
    return await run_in_threadpool(dependant.call, **values)
           ^^^^^^^^^^^^^^^^^^^^^^^^^^^^^^^^^^^^^^^^^^^^^^^^^
  File "/home/ubuntu/careerportal/mss-career-portal/app/linuxvenv/lib/python3.12/site-packages/starlette/concurrency.py", line 34, in run_in_threadpool
    return await anyio.to_thread.run_sync(func)
           ^^^^^^^^^^^^^^^^^^^^^^^^^^^^^^^^^^^^
  File "/home/ubuntu/careerportal/mss-career-portal/app/linuxvenv/lib/python3.12/site-packages/anyio/to_thread.py", line 63, in run_sync
    return await get_async_backend().run_sync_in_worker_thread(
           ^^^^^^^^^^^^^^^^^^^^^^^^^^^^^^^^^^^^^^^^^^^^^^^^^^^^
  File "/home/ubuntu/careerportal/mss-career-portal/app/linuxvenv/lib/python3.12/site-packages/anyio/_backends/_asyncio.py", line 2596, in run_sync_in_worker_thread
    return await future
           ^^^^^^^^^^^^
  File "/home/ubuntu/careerportal/mss-career-portal/app/linuxvenv/lib/python3.12/site-packages/anyio/_backends/_asyncio.py", line 1029, in run
    result = context.run(func, *args)
             ^^^^^^^^^^^^^^^^^^^^^^^^
  File "/home/ubuntu/careerportal/mss-career-portal/app/routes/auth_route.py", line 261, in update_candidate_profile
    return update_candidate_profile_db(db, user_id=candidate_id, data=form_data.model_dump(exclude_unset=True))
           ^^^^^^^^^^^^^^^^^^^^^^^^^^^^^^^^^^^^^^^^^^^^^^^^^^^^^^^^^^^^^^^^^^^^^^^^^^^^^^^^^^^^^^^^^^^^^^^^^^^^
  File "/home/ubuntu/careerportal/mss-career-portal/app/crud/auth_crud.py", line 524, in update_candidate_profile_db
    db.commit()
  File "/home/ubuntu/careerportal/mss-career-portal/app/linuxvenv/lib/python3.12/site-packages/sqlalchemy/orm/session.py", line 2035, in commit
    trans.commit(_to_root=True)
  File "<string>", line 2, in commit
  File "/home/ubuntu/careerportal/mss-career-portal/app/linuxvenv/lib/python3.12/site-packages/sqlalchemy/orm/state_changes.py", line 137, in _go
    ret_value = fn(self, *arg, **kw)
                ^^^^^^^^^^^^^^^^^^^^
  File "/home/ubuntu/careerportal/mss-career-portal/app/linuxvenv/lib/python3.12/site-packages/sqlalchemy/orm/session.py", line 1316, in commit
    self._prepare_impl()
  File "<string>", line 2, in _prepare_impl
  File "/home/ubuntu/careerportal/mss-career-portal/app/linuxvenv/lib/python3.12/site-packages/sqlalchemy/orm/state_changes.py", line 137, in _go
    ret_value = fn(self, *arg, **kw)
                ^^^^^^^^^^^^^^^^^^^^
  File "/home/ubuntu/careerportal/mss-career-portal/app/linuxvenv/lib/python3.12/site-packages/sqlalchemy/orm/session.py", line 1290, in _prepare_impl
    self.session.flush()
  File "/home/ubuntu/careerportal/mss-career-portal/app/linuxvenv/lib/python3.12/site-packages/sqlalchemy/orm/session.py", line 4353, in flush
    self._flush(objects)
  File "/home/ubuntu/careerportal/mss-career-portal/app/linuxvenv/lib/python3.12/site-packages/sqlalchemy/orm/session.py", line 4488, in _flush
    with util.safe_reraise():
  File "/home/ubuntu/careerportal/mss-career-portal/app/linuxvenv/lib/python3.12/site-packages/sqlalchemy/util/langhelpers.py", line 122, in __exit__
    raise exc_value.with_traceback(exc_tb)
  File "/home/ubuntu/careerportal/mss-career-portal/app/linuxvenv/lib/python3.12/site-packages/sqlalchemy/orm/session.py", line 4449, in _flush
    flush_context.execute()
  File "/home/ubuntu/careerportal/mss-career-portal/app/linuxvenv/lib/python3.12/site-packages/sqlalchemy/orm/unitofwork.py", line 465, in execute
    rec.execute(self)
  File "/home/ubuntu/careerportal/mss-career-portal/app/linuxvenv/lib/python3.12/site-packages/sqlalchemy/orm/unitofwork.py", line 641, in execute
    util.preloaded.orm_persistence.save_obj(
  File "/home/ubuntu/careerportal/mss-career-portal/app/linuxvenv/lib/python3.12/site-packages/sqlalchemy/orm/persistence.py", line 86, in save_obj
    _emit_update_statements(
  File "/home/ubuntu/careerportal/mss-career-portal/app/linuxvenv/lib/python3.12/site-packages/sqlalchemy/orm/persistence.py", line 913, in _emit_update_statements
    c = connection.execute(
        ^^^^^^^^^^^^^^^^^^^
  File "/home/ubuntu/careerportal/mss-career-portal/app/linuxvenv/lib/python3.12/site-packages/sqlalchemy/engine/base.py", line 1421, in execute
    return meth(
           ^^^^^
  File "/home/ubuntu/careerportal/mss-career-portal/app/linuxvenv/lib/python3.12/site-packages/sqlalchemy/sql/elements.py", line 526, in _execute_on_connection
    return connection._execute_clauseelement(
           ^^^^^^^^^^^^^^^^^^^^^^^^^^^^^^^^^^
  File "/home/ubuntu/careerportal/mss-career-portal/app/linuxvenv/lib/python3.12/site-packages/sqlalchemy/engine/base.py", line 1643, in _execute_clauseelement
    ret = self._execute_context(
          ^^^^^^^^^^^^^^^^^^^^^^
  File "/home/ubuntu/careerportal/mss-career-portal/app/linuxvenv/lib/python3.12/site-packages/sqlalchemy/engine/base.py", line 1848, in _execute_context
    return self._exec_single_context(
           ^^^^^^^^^^^^^^^^^^^^^^^^^^
  File "/home/ubuntu/careerportal/mss-career-portal/app/linuxvenv/lib/python3.12/site-packages/sqlalchemy/engine/base.py", line 1988, in _exec_single_context
    self._handle_dbapi_exception(
  File "/home/ubuntu/careerportal/mss-career-portal/app/linuxvenv/lib/python3.12/site-packages/sqlalchemy/engine/base.py", line 2365, in _handle_dbapi_exception
    raise sqlalchemy_exception.with_traceback(exc_info[2]) from e
  File "/home/ubuntu/careerportal/mss-career-portal/app/linuxvenv/lib/python3.12/site-packages/sqlalchemy/engine/base.py", line 1969, in _exec_single_context
    self.dialect.do_execute(
  File "/home/ubuntu/careerportal/mss-career-portal/app/linuxvenv/lib/python3.12/site-packages/sqlalchemy/engine/default.py", line 952, in do_execute
    cursor.execute(statement, parameters)
  File "/home/ubuntu/careerportal/mss-career-portal/app/linuxvenv/lib/python3.12/site-packages/pymysql/cursors.py", line 159, in execute
    result = self._query(query)
             ^^^^^^^^^^^^^^^^^^
  File "/home/ubuntu/careerportal/mss-career-portal/app/linuxvenv/lib/python3.12/site-packages/pymysql/cursors.py", line 330, in _query
    conn.query(q)
  File "/home/ubuntu/careerportal/mss-career-portal/app/linuxvenv/lib/python3.12/site-packages/pymysql/connections.py", line 582, in query
    self._affected_rows = self._read_query_result(unbuffered=unbuffered)
                          ^^^^^^^^^^^^^^^^^^^^^^^^^^^^^^^^^^^^^^^^^^^^^^
  File "/home/ubuntu/careerportal/mss-career-portal/app/linuxvenv/lib/python3.12/site-packages/pymysql/connections.py", line 847, in _read_query_result
    result.read()
  File "/home/ubuntu/careerportal/mss-career-portal/app/linuxvenv/lib/python3.12/site-packages/pymysql/connections.py", line 1245, in read
    first_packet = self.connection._read_packet()
                   ^^^^^^^^^^^^^^^^^^^^^^^^^^^^^^
  File "/home/ubuntu/careerportal/mss-career-portal/app/linuxvenv/lib/python3.12/site-packages/pymysql/connections.py", line 803, in _read_packet
    packet.raise_for_error()
  File "/home/ubuntu/careerportal/mss-career-portal/app/linuxvenv/lib/python3.12/site-packages/pymysql/protocol.py", line 219, in raise_for_error
    err.raise_mysql_exception(self._data)
  File "/home/ubuntu/careerportal/mss-career-portal/app/linuxvenv/lib/python3.12/site-packages/pymysql/err.py", line 154, in raise_mysql_exception
    raise errorclass(errno, errval, sqlstate=sqlstate)
sqlalchemy.exc.DataError: (pymysql.err.DataError) (1265, "Data truncated for column 'marital_status' at row 1")
[SQL: UPDATE candidate_metadata SET about=%(about)s, blood_group=%(blood_group)s, marital_status=%(marital_status)s, skills=%(skills)s, languages=%(languages)s, profile_status=%(profile_status)s, updated_at=CURRENT_TIMESTAMP WHERE candidate_metadata.id = %(candidate_metadata_id)s]
[parameters: {'about': '', 'blood_group': '', 'marital_status': '', 'skills': '["Erterterterterterte"]', 'languages': '', 'profile_status': 'complete', 'candidate_metadata_id': 6}]
(Background on this error at: https://sqlalche.me/e/20/9h9h)
[2026-06-30 10:17:01] ERROR in main: Unhandled error on PUT /auth/candidate/profile: (pymysql.err.DataError) (1265, "Data truncated for column 'marital_status' at row 1")
[SQL: UPDATE candidate_metadata SET about=%(about)s, blood_group=%(blood_group)s, marital_status=%(marital_status)s, skills=%(skills)s, languages=%(languages)s, profile_status=%(profile_status)s, updated_at=CURRENT_TIMESTAMP WHERE candidate_metadata.id = %(candidate_metadata_id)s]
[parameters: {'about': '', 'blood_group': '', 'marital_status': '', 'skills': '["Erterterterterterte"]', 'languages': '', 'profile_status': 'complete', 'candidate_metadata_id': 6}]
(Background on this error at: https://sqlalche.me/e/20/9h9h)
Traceback (most recent call last):
  File "/home/ubuntu/careerportal/mss-career-portal/app/linuxvenv/lib/python3.12/site-packages/sqlalchemy/engine/base.py", line 1969, in _exec_single_context
    self.dialect.do_execute(
  File "/home/ubuntu/careerportal/mss-career-portal/app/linuxvenv/lib/python3.12/site-packages/sqlalchemy/engine/default.py", line 952, in do_execute
    cursor.execute(statement, parameters)
  File "/home/ubuntu/careerportal/mss-career-portal/app/linuxvenv/lib/python3.12/site-packages/pymysql/cursors.py", line 159, in execute
    result = self._query(query)
             ^^^^^^^^^^^^^^^^^^
  File "/home/ubuntu/careerportal/mss-career-portal/app/linuxvenv/lib/python3.12/site-packages/pymysql/cursors.py", line 330, in _query
    conn.query(q)
  File "/home/ubuntu/careerportal/mss-career-portal/app/linuxvenv/lib/python3.12/site-packages/pymysql/connections.py", line 582, in query
    self._affected_rows = self._read_query_result(unbuffered=unbuffered)
                          ^^^^^^^^^^^^^^^^^^^^^^^^^^^^^^^^^^^^^^^^^^^^^^
  File "/home/ubuntu/careerportal/mss-career-portal/app/linuxvenv/lib/python3.12/site-packages/pymysql/connections.py", line 847, in _read_query_result
    result.read()
  File "/home/ubuntu/careerportal/mss-career-portal/app/linuxvenv/lib/python3.12/site-packages/pymysql/connections.py", line 1245, in read
    first_packet = self.connection._read_packet()
                   ^^^^^^^^^^^^^^^^^^^^^^^^^^^^^^
  File "/home/ubuntu/careerportal/mss-career-portal/app/linuxvenv/lib/python3.12/site-packages/pymysql/connections.py", line 803, in _read_packet
    packet.raise_for_error()
  File "/home/ubuntu/careerportal/mss-career-portal/app/linuxvenv/lib/python3.12/site-packages/pymysql/protocol.py", line 219, in raise_for_error
    err.raise_mysql_exception(self._data)
  File "/home/ubuntu/careerportal/mss-career-portal/app/linuxvenv/lib/python3.12/site-packages/pymysql/err.py", line 154, in raise_mysql_exception
    raise errorclass(errno, errval, sqlstate=sqlstate)
pymysql.err.DataError: (1265, "Data truncated for column 'marital_status' at row 1")

The above exception was the direct cause of the following exception:

Traceback (most recent call last):
  File "/home/ubuntu/careerportal/mss-career-portal/app/main.py", line 38, in dispatch
    return await call_next(request)
           ^^^^^^^^^^^^^^^^^^^^^^^^
  File "/home/ubuntu/careerportal/mss-career-portal/app/linuxvenv/lib/python3.12/site-packages/starlette/middleware/base.py", line 168, in call_next
    raise app_exc from app_exc.__cause__ or app_exc.__context__
  File "/home/ubuntu/careerportal/mss-career-portal/app/linuxvenv/lib/python3.12/site-packages/starlette/middleware/base.py", line 144, in coro
    await self.app(scope, receive_or_disconnect, send_no_error)
  File "/home/ubuntu/careerportal/mss-career-portal/app/linuxvenv/lib/python3.12/site-packages/starlette/middleware/exceptions.py", line 63, in __call__
    await wrap_app_handling_exceptions(self.app, conn)(scope, receive, send)
  File "/home/ubuntu/careerportal/mss-career-portal/app/linuxvenv/lib/python3.12/site-packages/starlette/_exception_handler.py", line 53, in wrapped_app
    raise exc
  File "/home/ubuntu/careerportal/mss-career-portal/app/linuxvenv/lib/python3.12/site-packages/starlette/_exception_handler.py", line 42, in wrapped_app
    await app(scope, receive, sender)
  File "/home/ubuntu/careerportal/mss-career-portal/app/linuxvenv/lib/python3.12/site-packages/fastapi/middleware/asyncexitstack.py", line 18, in __call__
    await self.app(scope, receive, send)
  File "/home/ubuntu/careerportal/mss-career-portal/app/linuxvenv/lib/python3.12/site-packages/starlette/routing.py", line 660, in __call__
    await self.middleware_stack(scope, receive, send)
  File "/home/ubuntu/careerportal/mss-career-portal/app/linuxvenv/lib/python3.12/site-packages/fastapi/routing.py", line 2531, in app
    await route.handle(scope, receive, send)
  File "/home/ubuntu/careerportal/mss-career-portal/app/linuxvenv/lib/python3.12/site-packages/fastapi/routing.py", line 1700, in handle
    await self.original_router.handle(scope, receive, send)
  File "/home/ubuntu/careerportal/mss-career-portal/app/linuxvenv/lib/python3.12/site-packages/fastapi/routing.py", line 2586, in handle
    await included_router._handle_selected(scope, receive, send)
  File "/home/ubuntu/careerportal/mss-career-portal/app/linuxvenv/lib/python3.12/site-packages/fastapi/routing.py", line 1720, in _handle_selected
    await original_route.handle(scope, receive, send)
  File "/home/ubuntu/careerportal/mss-career-portal/app/linuxvenv/lib/python3.12/site-packages/fastapi/routing.py", line 1239, in handle
    await app(scope, receive, send)
  File "/home/ubuntu/careerportal/mss-career-portal/app/linuxvenv/lib/python3.12/site-packages/fastapi/routing.py", line 150, in app
    await wrap_app_handling_exceptions(app, request)(scope, receive, send)
  File "/home/ubuntu/careerportal/mss-career-portal/app/linuxvenv/lib/python3.12/site-packages/starlette/_exception_handler.py", line 53, in wrapped_app
    raise exc
  File "/home/ubuntu/careerportal/mss-career-portal/app/linuxvenv/lib/python3.12/site-packages/starlette/_exception_handler.py", line 42, in wrapped_app
    await app(scope, receive, sender)
  File "/home/ubuntu/careerportal/mss-career-portal/app/linuxvenv/lib/python3.12/site-packages/fastapi/routing.py", line 136, in app
    response = await f(request)
               ^^^^^^^^^^^^^^^^
  File "/home/ubuntu/careerportal/mss-career-portal/app/linuxvenv/lib/python3.12/site-packages/fastapi/routing.py", line 690, in app
    raw_response = await run_endpoint_function(
                   ^^^^^^^^^^^^^^^^^^^^^^^^^^^^
  File "/home/ubuntu/careerportal/mss-career-portal/app/linuxvenv/lib/python3.12/site-packages/fastapi/routing.py", line 346, in run_endpoint_function
    return await run_in_threadpool(dependant.call, **values)
           ^^^^^^^^^^^^^^^^^^^^^^^^^^^^^^^^^^^^^^^^^^^^^^^^^
  File "/home/ubuntu/careerportal/mss-career-portal/app/linuxvenv/lib/python3.12/site-packages/starlette/concurrency.py", line 34, in run_in_threadpool
    return await anyio.to_thread.run_sync(func)
           ^^^^^^^^^^^^^^^^^^^^^^^^^^^^^^^^^^^^
  File "/home/ubuntu/careerportal/mss-career-portal/app/linuxvenv/lib/python3.12/site-packages/anyio/to_thread.py", line 63, in run_sync
    return await get_async_backend().run_sync_in_worker_thread(
           ^^^^^^^^^^^^^^^^^^^^^^^^^^^^^^^^^^^^^^^^^^^^^^^^^^^^
  File "/home/ubuntu/careerportal/mss-career-portal/app/linuxvenv/lib/python3.12/site-packages/anyio/_backends/_asyncio.py", line 2596, in run_sync_in_worker_thread
    return await future
           ^^^^^^^^^^^^
  File "/home/ubuntu/careerportal/mss-career-portal/app/linuxvenv/lib/python3.12/site-packages/anyio/_backends/_asyncio.py", line 1029, in run
    result = context.run(func, *args)
             ^^^^^^^^^^^^^^^^^^^^^^^^
  File "/home/ubuntu/careerportal/mss-career-portal/app/routes/auth_route.py", line 261, in update_candidate_profile
    return update_candidate_profile_db(db, user_id=candidate_id, data=form_data.model_dump(exclude_unset=True))
           ^^^^^^^^^^^^^^^^^^^^^^^^^^^^^^^^^^^^^^^^^^^^^^^^^^^^^^^^^^^^^^^^^^^^^^^^^^^^^^^^^^^^^^^^^^^^^^^^^^^^
  File "/home/ubuntu/careerportal/mss-career-portal/app/crud/auth_crud.py", line 524, in update_candidate_profile_db
    db.commit()
  File "/home/ubuntu/careerportal/mss-career-portal/app/linuxvenv/lib/python3.12/site-packages/sqlalchemy/orm/session.py", line 2035, in commit
    trans.commit(_to_root=True)
  File "<string>", line 2, in commit
  File "/home/ubuntu/careerportal/mss-career-portal/app/linuxvenv/lib/python3.12/site-packages/sqlalchemy/orm/state_changes.py", line 137, in _go
    ret_value = fn(self, *arg, **kw)
                ^^^^^^^^^^^^^^^^^^^^
  File "/home/ubuntu/careerportal/mss-career-portal/app/linuxvenv/lib/python3.12/site-packages/sqlalchemy/orm/session.py", line 1316, in commit
    self._prepare_impl()
  File "<string>", line 2, in _prepare_impl
  File "/home/ubuntu/careerportal/mss-career-portal/app/linuxvenv/lib/python3.12/site-packages/sqlalchemy/orm/state_changes.py", line 137, in _go
    ret_value = fn(self, *arg, **kw)
                ^^^^^^^^^^^^^^^^^^^^
  File "/home/ubuntu/careerportal/mss-career-portal/app/linuxvenv/lib/python3.12/site-packages/sqlalchemy/orm/session.py", line 1290, in _prepare_impl
    self.session.flush()
  File "/home/ubuntu/careerportal/mss-career-portal/app/linuxvenv/lib/python3.12/site-packages/sqlalchemy/orm/session.py", line 4353, in flush
    self._flush(objects)
  File "/home/ubuntu/careerportal/mss-career-portal/app/linuxvenv/lib/python3.12/site-packages/sqlalchemy/orm/session.py", line 4488, in _flush
    with util.safe_reraise():
  File "/home/ubuntu/careerportal/mss-career-portal/app/linuxvenv/lib/python3.12/site-packages/sqlalchemy/util/langhelpers.py", line 122, in __exit__
    raise exc_value.with_traceback(exc_tb)
  File "/home/ubuntu/careerportal/mss-career-portal/app/linuxvenv/lib/python3.12/site-packages/sqlalchemy/orm/session.py", line 4449, in _flush
    flush_context.execute()
  File "/home/ubuntu/careerportal/mss-career-portal/app/linuxvenv/lib/python3.12/site-packages/sqlalchemy/orm/unitofwork.py", line 465, in execute
    rec.execute(self)
  File "/home/ubuntu/careerportal/mss-career-portal/app/linuxvenv/lib/python3.12/site-packages/sqlalchemy/orm/unitofwork.py", line 641, in execute
    util.preloaded.orm_persistence.save_obj(
  File "/home/ubuntu/careerportal/mss-career-portal/app/linuxvenv/lib/python3.12/site-packages/sqlalchemy/orm/persistence.py", line 86, in save_obj
    _emit_update_statements(
  File "/home/ubuntu/careerportal/mss-career-portal/app/linuxvenv/lib/python3.12/site-packages/sqlalchemy/orm/persistence.py", line 913, in _emit_update_statements
    c = connection.execute(
        ^^^^^^^^^^^^^^^^^^^
  File "/home/ubuntu/careerportal/mss-career-portal/app/linuxvenv/lib/python3.12/site-packages/sqlalchemy/engine/base.py", line 1421, in execute
    return meth(
           ^^^^^
  File "/home/ubuntu/careerportal/mss-career-portal/app/linuxvenv/lib/python3.12/site-packages/sqlalchemy/sql/elements.py", line 526, in _execute_on_connection
    return connection._execute_clauseelement(
           ^^^^^^^^^^^^^^^^^^^^^^^^^^^^^^^^^^
  File "/home/ubuntu/careerportal/mss-career-portal/app/linuxvenv/lib/python3.12/site-packages/sqlalchemy/engine/base.py", line 1643, in _execute_clauseelement
    ret = self._execute_context(
          ^^^^^^^^^^^^^^^^^^^^^^
  File "/home/ubuntu/careerportal/mss-career-portal/app/linuxvenv/lib/python3.12/site-packages/sqlalchemy/engine/base.py", line 1848, in _execute_context
    return self._exec_single_context(
           ^^^^^^^^^^^^^^^^^^^^^^^^^^
  File "/home/ubuntu/careerportal/mss-career-portal/app/linuxvenv/lib/python3.12/site-packages/sqlalchemy/engine/base.py", line 1988, in _exec_single_context
    self._handle_dbapi_exception(
  File "/home/ubuntu/careerportal/mss-career-portal/app/linuxvenv/lib/python3.12/site-packages/sqlalchemy/engine/base.py", line 2365, in _handle_dbapi_exception
    raise sqlalchemy_exception.with_traceback(exc_info[2]) from e
  File "/home/ubuntu/careerportal/mss-career-portal/app/linuxvenv/lib/python3.12/site-packages/sqlalchemy/engine/base.py", line 1969, in _exec_single_context
    self.dialect.do_execute(
  File "/home/ubuntu/careerportal/mss-career-portal/app/linuxvenv/lib/python3.12/site-packages/sqlalchemy/engine/default.py", line 952, in do_execute
    cursor.execute(statement, parameters)
  File "/home/ubuntu/careerportal/mss-career-portal/app/linuxvenv/lib/python3.12/site-packages/pymysql/cursors.py", line 159, in execute
    result = self._query(query)
             ^^^^^^^^^^^^^^^^^^
  File "/home/ubuntu/careerportal/mss-career-portal/app/linuxvenv/lib/python3.12/site-packages/pymysql/cursors.py", line 330, in _query
    conn.query(q)
  File "/home/ubuntu/careerportal/mss-career-portal/app/linuxvenv/lib/python3.12/site-packages/pymysql/connections.py", line 582, in query
    self._affected_rows = self._read_query_result(unbuffered=unbuffered)
                          ^^^^^^^^^^^^^^^^^^^^^^^^^^^^^^^^^^^^^^^^^^^^^^
  File "/home/ubuntu/careerportal/mss-career-portal/app/linuxvenv/lib/python3.12/site-packages/pymysql/connections.py", line 847, in _read_query_result
    result.read()
  File "/home/ubuntu/careerportal/mss-career-portal/app/linuxvenv/lib/python3.12/site-packages/pymysql/connections.py", line 1245, in read
    first_packet = self.connection._read_packet()
                   ^^^^^^^^^^^^^^^^^^^^^^^^^^^^^^
  File "/home/ubuntu/careerportal/mss-career-portal/app/linuxvenv/lib/python3.12/site-packages/pymysql/connections.py", line 803, in _read_packet
    packet.raise_for_error()
  File "/home/ubuntu/careerportal/mss-career-portal/app/linuxvenv/lib/python3.12/site-packages/pymysql/protocol.py", line 219, in raise_for_error
    err.raise_mysql_exception(self._data)
  File "/home/ubuntu/careerportal/mss-career-portal/app/linuxvenv/lib/python3.12/site-packages/pymysql/err.py", line 154, in raise_mysql_exception
    raise errorclass(errno, errval, sqlstate=sqlstate)
sqlalchemy.exc.DataError: (pymysql.err.DataError) (1265, "Data truncated for column 'marital_status' at row 1")
[SQL: UPDATE candidate_metadata SET about=%(about)s, blood_group=%(blood_group)s, marital_status=%(marital_status)s, skills=%(skills)s, languages=%(languages)s, profile_status=%(profile_status)s, updated_at=CURRENT_TIMESTAMP WHERE candidate_metadata.id = %(candidate_metadata_id)s]
[parameters: {'about': '', 'blood_group': '', 'marital_status': '', 'skills': '["Erterterterterterte"]', 'languages': '', 'profile_status': 'complete', 'candidate_metadata_id': 6}]
(Background on this error at: https://sqlalche.me/e/20/9h9h)
[2026-06-30 10:25:15] INFO in auth_crud: New user created via Google login: velmurugan.j@mvgdigital.com from IP: 172.69.122.149
[2026-06-30 10:25:15] INFO in auth_crud: Successful Google login for email: velmurugan.j@mvgdigital.com from IP: 172.69.122.149
[2026-06-30 10:25:57] INFO in auth_crud: Successful Google login for email: vel0011@gmail.com from IP: 172.69.122.149
[2026-06-30 10:26:48] INFO in job_apply_crud: Job application created: applicant_id=23, mss_app_no=MSS-APP-23, job_id=27, user_id=14
[2026-06-30 10:31:03] INFO in auth_crud: Successful login for hr_head email: hrhead.themadrassevasadan.org from IP: 172.69.122.148
[2026-06-30 10:31:35] INFO in hr_crud: Attempting to sync candidate 17 to http://192.168.0.8/synchrms/api/career_sync.php
[2026-06-30 10:31:35] INFO in hr_crud: Payload: {'candidate_id': 17, 'masset_employee_id': 'EMP-0017', 'first_name': 'Ramesh', 'last_name': 'Kannan', 'email': 'ramesramesh0724@gmail.com', 'phone': '09500755440', 'date_of_birth': '2002-04-18', 'gender': 'Male', 'marital_status': 'single', 'designation': 'Maths Teacher', 'unit_name': 'The Madras Seva Sadan Higher Secondary School, Tambaram', 'action': 'appointment_order'}
[2026-06-30 10:31:37] INFO in hr_crud: Attempting to sync candidate 17 to http://192.168.0.8/synchrms/api/career_sync.php
[2026-06-30 10:31:37] INFO in hr_crud: Payload: {'candidate_id': 17, 'masset_employee_id': 'EMP-0017', 'first_name': 'Ramesh', 'last_name': 'Kannan', 'email': 'ramesramesh0724@gmail.com', 'phone': '09500755440', 'date_of_birth': '2002-04-18', 'gender': 'Male', 'marital_status': 'single', 'designation': 'Maths Teacher', 'unit_name': 'The Madras Seva Sadan Higher Secondary School, Tambaram', 'action': 'appointment_order'}
[2026-06-30 10:31:38] INFO in hr_crud: Attempting to sync candidate 17 to http://192.168.0.8/synchrms/api/career_sync.php
[2026-06-30 10:31:38] INFO in hr_crud: Payload: {'candidate_id': 17, 'masset_employee_id': 'EMP-0017', 'first_name': 'Ramesh', 'last_name': 'Kannan', 'email': 'ramesramesh0724@gmail.com', 'phone': '09500755440', 'date_of_birth': '2002-04-18', 'gender': 'Male', 'marital_status': 'single', 'designation': 'Maths Teacher', 'unit_name': 'The Madras Seva Sadan Higher Secondary School, Tambaram', 'action': 'appointment_order'}
[2026-06-30 10:31:39] INFO in hr_crud: Attempting to sync candidate 17 to http://192.168.0.8/synchrms/api/career_sync.php
[2026-06-30 10:31:39] INFO in hr_crud: Payload: {'candidate_id': 17, 'masset_employee_id': 'EMP-0017', 'first_name': 'Ramesh', 'last_name': 'Kannan', 'email': 'ramesramesh0724@gmail.com', 'phone': '09500755440', 'date_of_birth': '2002-04-18', 'gender': 'Male', 'marital_status': 'single', 'designation': 'Maths Teacher', 'unit_name': 'The Madras Seva Sadan Higher Secondary School, Tambaram', 'action': 'appointment_order'}
[2026-06-30 10:31:45] ERROR in hr_crud: MASSET Sync Failed. Exact issue: HTTPConnectionPool(host='192.168.0.8', port=80): Max retries exceeded with url: /synchrms/api/career_sync.php (Caused by ConnectTimeoutError(<HTTPConnection(host='192.168.0.8', port=80) at 0x7af64b42f9e0>, 'Connection to 192.168.0.8 timed out. (connect timeout=10)'))
Traceback (most recent call last):
  File "/home/ubuntu/careerportal/mss-career-portal/app/linuxvenv/lib/python3.12/site-packages/urllib3/connection.py", line 204, in _new_conn
    sock = connection.create_connection(
           ^^^^^^^^^^^^^^^^^^^^^^^^^^^^^
  File "/home/ubuntu/careerportal/mss-career-portal/app/linuxvenv/lib/python3.12/site-packages/urllib3/util/connection.py", line 85, in create_connection
    raise err
  File "/home/ubuntu/careerportal/mss-career-portal/app/linuxvenv/lib/python3.12/site-packages/urllib3/util/connection.py", line 73, in create_connection
    sock.connect(sa)
TimeoutError: timed out

The above exception was the direct cause of the following exception:

Traceback (most recent call last):
  File "/home/ubuntu/careerportal/mss-career-portal/app/linuxvenv/lib/python3.12/site-packages/urllib3/connectionpool.py", line 788, in urlopen
    response = self._make_request(
               ^^^^^^^^^^^^^^^^^^^
  File "/home/ubuntu/careerportal/mss-career-portal/app/linuxvenv/lib/python3.12/site-packages/urllib3/connectionpool.py", line 493, in _make_request
    conn.request(
  File "/home/ubuntu/careerportal/mss-career-portal/app/linuxvenv/lib/python3.12/site-packages/urllib3/connection.py", line 500, in request
    self.endheaders()
  File "/usr/lib/python3.12/http/client.py", line 1351, in endheaders
    self._send_output(message_body, encode_chunked=encode_chunked)
  File "/usr/lib/python3.12/http/client.py", line 1111, in _send_output
    self.send(msg)
  File "/usr/lib/python3.12/http/client.py", line 1055, in send
    self.connect()
  File "/home/ubuntu/careerportal/mss-career-portal/app/linuxvenv/lib/python3.12/site-packages/urllib3/connection.py", line 331, in connect
    self.sock = self._new_conn()
                ^^^^^^^^^^^^^^^^
  File "/home/ubuntu/careerportal/mss-career-portal/app/linuxvenv/lib/python3.12/site-packages/urllib3/connection.py", line 213, in _new_conn
    raise ConnectTimeoutError(
urllib3.exceptions.ConnectTimeoutError: (<HTTPConnection(host='192.168.0.8', port=80) at 0x7af64b42f9e0>, 'Connection to 192.168.0.8 timed out. (connect timeout=10)')

The above exception was the direct cause of the following exception:

Traceback (most recent call last):
  File "/home/ubuntu/careerportal/mss-career-portal/app/linuxvenv/lib/python3.12/site-packages/requests/adapters.py", line 696, in send
    resp = conn.urlopen(
           ^^^^^^^^^^^^^
  File "/home/ubuntu/careerportal/mss-career-portal/app/linuxvenv/lib/python3.12/site-packages/urllib3/connectionpool.py", line 842, in urlopen
    retries = retries.increment(
              ^^^^^^^^^^^^^^^^^^
  File "/home/ubuntu/careerportal/mss-career-portal/app/linuxvenv/lib/python3.12/site-packages/urllib3/util/retry.py", line 543, in increment
    raise MaxRetryError(_pool, url, reason) from reason  # type: ignore[arg-type]
    ^^^^^^^^^^^^^^^^^^^^^^^^^^^^^^^^^^^^^^^^^^^^^^^^^^^
urllib3.exceptions.MaxRetryError: HTTPConnectionPool(host='192.168.0.8', port=80): Max retries exceeded with url: /synchrms/api/career_sync.php (Caused by ConnectTimeoutError(<HTTPConnection(host='192.168.0.8', port=80) at 0x7af64b42f9e0>, 'Connection to 192.168.0.8 timed out. (connect timeout=10)'))

During handling of the above exception, another exception occurred:

Traceback (most recent call last):
  File "/home/ubuntu/careerportal/mss-career-portal/app/crud/hr_crud.py", line 483, in sync_masset
    response = requests.post(webhook_url, json=payload, timeout=10)
               ^^^^^^^^^^^^^^^^^^^^^^^^^^^^^^^^^^^^^^^^^^^^^^^^^^^^
  File "/home/ubuntu/careerportal/mss-career-portal/app/linuxvenv/lib/python3.12/site-packages/requests/api.py", line 134, in post
    return request("post", url, data=data, json=json, **kwargs)
           ^^^^^^^^^^^^^^^^^^^^^^^^^^^^^^^^^^^^^^^^^^^^^^^^^^^^
  File "/home/ubuntu/careerportal/mss-career-portal/app/linuxvenv/lib/python3.12/site-packages/requests/api.py", line 71, in request
    return session.request(method=method, url=url, **kwargs)
           ^^^^^^^^^^^^^^^^^^^^^^^^^^^^^^^^^^^^^^^^^^^^^^^^^
  File "/home/ubuntu/careerportal/mss-career-portal/app/linuxvenv/lib/python3.12/site-packages/requests/sessions.py", line 651, in request
    resp = self.send(prep, **send_kwargs)
           ^^^^^^^^^^^^^^^^^^^^^^^^^^^^^^
  File "/home/ubuntu/careerportal/mss-career-portal/app/linuxvenv/lib/python3.12/site-packages/requests/sessions.py", line 784, in send
    r = adapter.send(request, **kwargs)
        ^^^^^^^^^^^^^^^^^^^^^^^^^^^^^^^
  File "/home/ubuntu/careerportal/mss-career-portal/app/linuxvenv/lib/python3.12/site-packages/requests/adapters.py", line 717, in send
    raise ConnectTimeout(e, request=request)
requests.exceptions.ConnectTimeout: HTTPConnectionPool(host='192.168.0.8', port=80): Max retries exceeded with url: /synchrms/api/career_sync.php (Caused by ConnectTimeoutError(<HTTPConnection(host='192.168.0.8', port=80) at 0x7af64b42f9e0>, 'Connection to 192.168.0.8 timed out. (connect timeout=10)'))
[2026-06-30 10:31:47] ERROR in hr_crud: MASSET Sync Failed. Exact issue: HTTPConnectionPool(host='192.168.0.8', port=80): Max retries exceeded with url: /synchrms/api/career_sync.php (Caused by ConnectTimeoutError(<HTTPConnection(host='192.168.0.8', port=80) at 0x7af64b48a6f0>, 'Connection to 192.168.0.8 timed out. (connect timeout=10)'))
Traceback (most recent call last):
  File "/home/ubuntu/careerportal/mss-career-portal/app/linuxvenv/lib/python3.12/site-packages/urllib3/connection.py", line 204, in _new_conn
    sock = connection.create_connection(
           ^^^^^^^^^^^^^^^^^^^^^^^^^^^^^
  File "/home/ubuntu/careerportal/mss-career-portal/app/linuxvenv/lib/python3.12/site-packages/urllib3/util/connection.py", line 85, in create_connection
    raise err
  File "/home/ubuntu/careerportal/mss-career-portal/app/linuxvenv/lib/python3.12/site-packages/urllib3/util/connection.py", line 73, in create_connection
    sock.connect(sa)
TimeoutError: timed out

The above exception was the direct cause of the following exception:

Traceback (most recent call last):
  File "/home/ubuntu/careerportal/mss-career-portal/app/linuxvenv/lib/python3.12/site-packages/urllib3/connectionpool.py", line 788, in urlopen
    response = self._make_request(
               ^^^^^^^^^^^^^^^^^^^
  File "/home/ubuntu/careerportal/mss-career-portal/app/linuxvenv/lib/python3.12/site-packages/urllib3/connectionpool.py", line 493, in _make_request
    conn.request(
  File "/home/ubuntu/careerportal/mss-career-portal/app/linuxvenv/lib/python3.12/site-packages/urllib3/connection.py", line 500, in request
    self.endheaders()
  File "/usr/lib/python3.12/http/client.py", line 1351, in endheaders
    self._send_output(message_body, encode_chunked=encode_chunked)
  File "/usr/lib/python3.12/http/client.py", line 1111, in _send_output
    self.send(msg)
  File "/usr/lib/python3.12/http/client.py", line 1055, in send
    self.connect()
  File "/home/ubuntu/careerportal/mss-career-portal/app/linuxvenv/lib/python3.12/site-packages/urllib3/connection.py", line 331, in connect
    self.sock = self._new_conn()
                ^^^^^^^^^^^^^^^^
  File "/home/ubuntu/careerportal/mss-career-portal/app/linuxvenv/lib/python3.12/site-packages/urllib3/connection.py", line 213, in _new_conn
    raise ConnectTimeoutError(
urllib3.exceptions.ConnectTimeoutError: (<HTTPConnection(host='192.168.0.8', port=80) at 0x7af64b48a6f0>, 'Connection to 192.168.0.8 timed out. (connect timeout=10)')

The above exception was the direct cause of the following exception:

Traceback (most recent call last):
  File "/home/ubuntu/careerportal/mss-career-portal/app/linuxvenv/lib/python3.12/site-packages/requests/adapters.py", line 696, in send
    resp = conn.urlopen(
           ^^^^^^^^^^^^^
  File "/home/ubuntu/careerportal/mss-career-portal/app/linuxvenv/lib/python3.12/site-packages/urllib3/connectionpool.py", line 842, in urlopen
    retries = retries.increment(
              ^^^^^^^^^^^^^^^^^^
  File "/home/ubuntu/careerportal/mss-career-portal/app/linuxvenv/lib/python3.12/site-packages/urllib3/util/retry.py", line 543, in increment
    raise MaxRetryError(_pool, url, reason) from reason  # type: ignore[arg-type]
    ^^^^^^^^^^^^^^^^^^^^^^^^^^^^^^^^^^^^^^^^^^^^^^^^^^^
urllib3.exceptions.MaxRetryError: HTTPConnectionPool(host='192.168.0.8', port=80): Max retries exceeded with url: /synchrms/api/career_sync.php (Caused by ConnectTimeoutError(<HTTPConnection(host='192.168.0.8', port=80) at 0x7af64b48a6f0>, 'Connection to 192.168.0.8 timed out. (connect timeout=10)'))

During handling of the above exception, another exception occurred:

Traceback (most recent call last):
  File "/home/ubuntu/careerportal/mss-career-portal/app/crud/hr_crud.py", line 483, in sync_masset
    response = requests.post(webhook_url, json=payload, timeout=10)
               ^^^^^^^^^^^^^^^^^^^^^^^^^^^^^^^^^^^^^^^^^^^^^^^^^^^^
  File "/home/ubuntu/careerportal/mss-career-portal/app/linuxvenv/lib/python3.12/site-packages/requests/api.py", line 134, in post
    return request("post", url, data=data, json=json, **kwargs)
           ^^^^^^^^^^^^^^^^^^^^^^^^^^^^^^^^^^^^^^^^^^^^^^^^^^^^
  File "/home/ubuntu/careerportal/mss-career-portal/app/linuxvenv/lib/python3.12/site-packages/requests/api.py", line 71, in request
    return session.request(method=method, url=url, **kwargs)
           ^^^^^^^^^^^^^^^^^^^^^^^^^^^^^^^^^^^^^^^^^^^^^^^^^
  File "/home/ubuntu/careerportal/mss-career-portal/app/linuxvenv/lib/python3.12/site-packages/requests/sessions.py", line 651, in request
    resp = self.send(prep, **send_kwargs)
           ^^^^^^^^^^^^^^^^^^^^^^^^^^^^^^
  File "/home/ubuntu/careerportal/mss-career-portal/app/linuxvenv/lib/python3.12/site-packages/requests/sessions.py", line 784, in send
    r = adapter.send(request, **kwargs)
        ^^^^^^^^^^^^^^^^^^^^^^^^^^^^^^^
  File "/home/ubuntu/careerportal/mss-career-portal/app/linuxvenv/lib/python3.12/site-packages/requests/adapters.py", line 717, in send
    raise ConnectTimeout(e, request=request)
requests.exceptions.ConnectTimeout: HTTPConnectionPool(host='192.168.0.8', port=80): Max retries exceeded with url: /synchrms/api/career_sync.php (Caused by ConnectTimeoutError(<HTTPConnection(host='192.168.0.8', port=80) at 0x7af64b48a6f0>, 'Connection to 192.168.0.8 timed out. (connect timeout=10)'))
[2026-06-30 10:31:48] ERROR in hr_crud: MASSET Sync Failed. Exact issue: HTTPConnectionPool(host='192.168.0.8', port=80): Max retries exceeded with url: /synchrms/api/career_sync.php (Caused by ConnectTimeoutError(<HTTPConnection(host='192.168.0.8', port=80) at 0x7af64b49e270>, 'Connection to 192.168.0.8 timed out. (connect timeout=10)'))
Traceback (most recent call last):
  File "/home/ubuntu/careerportal/mss-career-portal/app/linuxvenv/lib/python3.12/site-packages/urllib3/connection.py", line 204, in _new_conn
    sock = connection.create_connection(
           ^^^^^^^^^^^^^^^^^^^^^^^^^^^^^
  File "/home/ubuntu/careerportal/mss-career-portal/app/linuxvenv/lib/python3.12/site-packages/urllib3/util/connection.py", line 85, in create_connection
    raise err
  File "/home/ubuntu/careerportal/mss-career-portal/app/linuxvenv/lib/python3.12/site-packages/urllib3/util/connection.py", line 73, in create_connection
    sock.connect(sa)
TimeoutError: timed out

The above exception was the direct cause of the following exception:

Traceback (most recent call last):
  File "/home/ubuntu/careerportal/mss-career-portal/app/linuxvenv/lib/python3.12/site-packages/urllib3/connectionpool.py", line 788, in urlopen
    response = self._make_request(
               ^^^^^^^^^^^^^^^^^^^
  File "/home/ubuntu/careerportal/mss-career-portal/app/linuxvenv/lib/python3.12/site-packages/urllib3/connectionpool.py", line 493, in _make_request
    conn.request(
  File "/home/ubuntu/careerportal/mss-career-portal/app/linuxvenv/lib/python3.12/site-packages/urllib3/connection.py", line 500, in request
    self.endheaders()
  File "/usr/lib/python3.12/http/client.py", line 1351, in endheaders
    self._send_output(message_body, encode_chunked=encode_chunked)
  File "/usr/lib/python3.12/http/client.py", line 1111, in _send_output
    self.send(msg)
  File "/usr/lib/python3.12/http/client.py", line 1055, in send
    self.connect()
  File "/home/ubuntu/careerportal/mss-career-portal/app/linuxvenv/lib/python3.12/site-packages/urllib3/connection.py", line 331, in connect
    self.sock = self._new_conn()
                ^^^^^^^^^^^^^^^^
  File "/home/ubuntu/careerportal/mss-career-portal/app/linuxvenv/lib/python3.12/site-packages/urllib3/connection.py", line 213, in _new_conn
    raise ConnectTimeoutError(
urllib3.exceptions.ConnectTimeoutError: (<HTTPConnection(host='192.168.0.8', port=80) at 0x7af64b49e270>, 'Connection to 192.168.0.8 timed out. (connect timeout=10)')

The above exception was the direct cause of the following exception:

Traceback (most recent call last):
  File "/home/ubuntu/careerportal/mss-career-portal/app/linuxvenv/lib/python3.12/site-packages/requests/adapters.py", line 696, in send
    resp = conn.urlopen(
           ^^^^^^^^^^^^^
  File "/home/ubuntu/careerportal/mss-career-portal/app/linuxvenv/lib/python3.12/site-packages/urllib3/connectionpool.py", line 842, in urlopen
    retries = retries.increment(
              ^^^^^^^^^^^^^^^^^^
  File "/home/ubuntu/careerportal/mss-career-portal/app/linuxvenv/lib/python3.12/site-packages/urllib3/util/retry.py", line 543, in increment
    raise MaxRetryError(_pool, url, reason) from reason  # type: ignore[arg-type]
    ^^^^^^^^^^^^^^^^^^^^^^^^^^^^^^^^^^^^^^^^^^^^^^^^^^^
urllib3.exceptions.MaxRetryError: HTTPConnectionPool(host='192.168.0.8', port=80): Max retries exceeded with url: /synchrms/api/career_sync.php (Caused by ConnectTimeoutError(<HTTPConnection(host='192.168.0.8', port=80) at 0x7af64b49e270>, 'Connection to 192.168.0.8 timed out. (connect timeout=10)'))

During handling of the above exception, another exception occurred:

Traceback (most recent call last):
  File "/home/ubuntu/careerportal/mss-career-portal/app/crud/hr_crud.py", line 483, in sync_masset
    response = requests.post(webhook_url, json=payload, timeout=10)
               ^^^^^^^^^^^^^^^^^^^^^^^^^^^^^^^^^^^^^^^^^^^^^^^^^^^^
  File "/home/ubuntu/careerportal/mss-career-portal/app/linuxvenv/lib/python3.12/site-packages/requests/api.py", line 134, in post
    return request("post", url, data=data, json=json, **kwargs)
           ^^^^^^^^^^^^^^^^^^^^^^^^^^^^^^^^^^^^^^^^^^^^^^^^^^^^
  File "/home/ubuntu/careerportal/mss-career-portal/app/linuxvenv/lib/python3.12/site-packages/requests/api.py", line 71, in request
    return session.request(method=method, url=url, **kwargs)
           ^^^^^^^^^^^^^^^^^^^^^^^^^^^^^^^^^^^^^^^^^^^^^^^^^
  File "/home/ubuntu/careerportal/mss-career-portal/app/linuxvenv/lib/python3.12/site-packages/requests/sessions.py", line 651, in request
    resp = self.send(prep, **send_kwargs)
           ^^^^^^^^^^^^^^^^^^^^^^^^^^^^^^
  File "/home/ubuntu/careerportal/mss-career-portal/app/linuxvenv/lib/python3.12/site-packages/requests/sessions.py", line 784, in send
    r = adapter.send(request, **kwargs)
        ^^^^^^^^^^^^^^^^^^^^^^^^^^^^^^^
  File "/home/ubuntu/careerportal/mss-career-portal/app/linuxvenv/lib/python3.12/site-packages/requests/adapters.py", line 717, in send
    raise ConnectTimeout(e, request=request)
requests.exceptions.ConnectTimeout: HTTPConnectionPool(host='192.168.0.8', port=80): Max retries exceeded with url: /synchrms/api/career_sync.php (Caused by ConnectTimeoutError(<HTTPConnection(host='192.168.0.8', port=80) at 0x7af64b49e270>, 'Connection to 192.168.0.8 timed out. (connect timeout=10)'))
[2026-06-30 10:31:49] ERROR in hr_crud: MASSET Sync Failed. Exact issue: HTTPConnectionPool(host='192.168.0.8', port=80): Max retries exceeded with url: /synchrms/api/career_sync.php (Caused by ConnectTimeoutError(<HTTPConnection(host='192.168.0.8', port=80) at 0x7af64a880950>, 'Connection to 192.168.0.8 timed out. (connect timeout=10)'))
Traceback (most recent call last):
  File "/home/ubuntu/careerportal/mss-career-portal/app/linuxvenv/lib/python3.12/site-packages/urllib3/connection.py", line 204, in _new_conn
    sock = connection.create_connection(
           ^^^^^^^^^^^^^^^^^^^^^^^^^^^^^
  File "/home/ubuntu/careerportal/mss-career-portal/app/linuxvenv/lib/python3.12/site-packages/urllib3/util/connection.py", line 85, in create_connection
    raise err
  File "/home/ubuntu/careerportal/mss-career-portal/app/linuxvenv/lib/python3.12/site-packages/urllib3/util/connection.py", line 73, in create_connection
    sock.connect(sa)
TimeoutError: timed out

The above exception was the direct cause of the following exception:

Traceback (most recent call last):
  File "/home/ubuntu/careerportal/mss-career-portal/app/linuxvenv/lib/python3.12/site-packages/urllib3/connectionpool.py", line 788, in urlopen
    response = self._make_request(
               ^^^^^^^^^^^^^^^^^^^
  File "/home/ubuntu/careerportal/mss-career-portal/app/linuxvenv/lib/python3.12/site-packages/urllib3/connectionpool.py", line 493, in _make_request
    conn.request(
  File "/home/ubuntu/careerportal/mss-career-portal/app/linuxvenv/lib/python3.12/site-packages/urllib3/connection.py", line 500, in request
    self.endheaders()
  File "/usr/lib/python3.12/http/client.py", line 1351, in endheaders
    self._send_output(message_body, encode_chunked=encode_chunked)
  File "/usr/lib/python3.12/http/client.py", line 1111, in _send_output
    self.send(msg)
  File "/usr/lib/python3.12/http/client.py", line 1055, in send
    self.connect()
  File "/home/ubuntu/careerportal/mss-career-portal/app/linuxvenv/lib/python3.12/site-packages/urllib3/connection.py", line 331, in connect
    self.sock = self._new_conn()
                ^^^^^^^^^^^^^^^^
  File "/home/ubuntu/careerportal/mss-career-portal/app/linuxvenv/lib/python3.12/site-packages/urllib3/connection.py", line 213, in _new_conn
    raise ConnectTimeoutError(
urllib3.exceptions.ConnectTimeoutError: (<HTTPConnection(host='192.168.0.8', port=80) at 0x7af64a880950>, 'Connection to 192.168.0.8 timed out. (connect timeout=10)')

The above exception was the direct cause of the following exception:

Traceback (most recent call last):
  File "/home/ubuntu/careerportal/mss-career-portal/app/linuxvenv/lib/python3.12/site-packages/requests/adapters.py", line 696, in send
    resp = conn.urlopen(
           ^^^^^^^^^^^^^
  File "/home/ubuntu/careerportal/mss-career-portal/app/linuxvenv/lib/python3.12/site-packages/urllib3/connectionpool.py", line 842, in urlopen
    retries = retries.increment(
              ^^^^^^^^^^^^^^^^^^
  File "/home/ubuntu/careerportal/mss-career-portal/app/linuxvenv/lib/python3.12/site-packages/urllib3/util/retry.py", line 543, in increment
    raise MaxRetryError(_pool, url, reason) from reason  # type: ignore[arg-type]
    ^^^^^^^^^^^^^^^^^^^^^^^^^^^^^^^^^^^^^^^^^^^^^^^^^^^
urllib3.exceptions.MaxRetryError: HTTPConnectionPool(host='192.168.0.8', port=80): Max retries exceeded with url: /synchrms/api/career_sync.php (Caused by ConnectTimeoutError(<HTTPConnection(host='192.168.0.8', port=80) at 0x7af64a880950>, 'Connection to 192.168.0.8 timed out. (connect timeout=10)'))

During handling of the above exception, another exception occurred:

Traceback (most recent call last):
  File "/home/ubuntu/careerportal/mss-career-portal/app/crud/hr_crud.py", line 483, in sync_masset
    response = requests.post(webhook_url, json=payload, timeout=10)
               ^^^^^^^^^^^^^^^^^^^^^^^^^^^^^^^^^^^^^^^^^^^^^^^^^^^^
  File "/home/ubuntu/careerportal/mss-career-portal/app/linuxvenv/lib/python3.12/site-packages/requests/api.py", line 134, in post
    return request("post", url, data=data, json=json, **kwargs)
           ^^^^^^^^^^^^^^^^^^^^^^^^^^^^^^^^^^^^^^^^^^^^^^^^^^^^
  File "/home/ubuntu/careerportal/mss-career-portal/app/linuxvenv/lib/python3.12/site-packages/requests/api.py", line 71, in request
    return session.request(method=method, url=url, **kwargs)
           ^^^^^^^^^^^^^^^^^^^^^^^^^^^^^^^^^^^^^^^^^^^^^^^^^
  File "/home/ubuntu/careerportal/mss-career-portal/app/linuxvenv/lib/python3.12/site-packages/requests/sessions.py", line 651, in request
    resp = self.send(prep, **send_kwargs)
           ^^^^^^^^^^^^^^^^^^^^^^^^^^^^^^
  File "/home/ubuntu/careerportal/mss-career-portal/app/linuxvenv/lib/python3.12/site-packages/requests/sessions.py", line 784, in send
    r = adapter.send(request, **kwargs)
        ^^^^^^^^^^^^^^^^^^^^^^^^^^^^^^^
  File "/home/ubuntu/careerportal/mss-career-portal/app/linuxvenv/lib/python3.12/site-packages/requests/adapters.py", line 717, in send
    raise ConnectTimeout(e, request=request)
requests.exceptions.ConnectTimeout: HTTPConnectionPool(host='192.168.0.8', port=80): Max retries exceeded with url: /synchrms/api/career_sync.php (Caused by ConnectTimeoutError(<HTTPConnection(host='192.168.0.8', port=80) at 0x7af64a880950>, 'Connection to 192.168.0.8 timed out. (connect timeout=10)'))
[2026-06-30 10:44:06] INFO in job_interview_crud: Interview scheduled: id=18 for applicant=23
[2026-06-30 10:44:56] INFO in job_interview_crud: Interview remarks created: job_interview_id=18
[2026-06-30 10:55:47] INFO in auth_crud: Admin ID 3 logged out from IP: 162.158.54.163
[2026-06-30 11:03:14] INFO in auth_crud: Successful login for hr_head email: hrhead.themadrassevasadan.org from IP: 172.69.123.163
[2026-06-30 11:05:03] INFO in auth_crud: Admin ID 3 logged out from IP: 172.69.123.163
[2026-06-30 11:54:51] INFO in auth_crud: Admin ID 3 logged out from IP: 162.158.54.163
[2026-06-30 15:36:57] INFO in auth_crud: Successful login for candidate email: ramesramesh0724@gmail.com from IP: 172.69.123.162
[2026-06-30 17:23:36] INFO in config: Constructing the database URL from environment variables.
[2026-06-30 17:23:36] INFO in database: Database engine created successfully.
[2026-06-30 17:23:36] INFO in main: FastAPI application has started successfully.
[2026-06-30 17:24:51] INFO in auth_crud: New user created via Google login: rameshkannang24@gmail.com from IP: 162.158.54.162
[2026-06-30 17:24:51] INFO in auth_crud: Successful Google login for email: rameshkannang24@gmail.com from IP: 162.158.54.162
[2026-06-30 17:28:03] ERROR in main: Unhandled error on POST /apply/: (pymysql.err.DataError) (1265, "Data truncated for column 'candidate_status' at row 1")
[SQL: INSERT INTO candidate_screening_answers (candidate_id, job_id, question_id, answer, remarks, candidate_status) VALUES (%(candidate_id)s, %(job_id)s, %(question_id)s, %(answer)s, %(remarks)s, %(candidate_status)s)]
[parameters: {'candidate_id': 16, 'job_id': 27, 'question_id': 52, 'answer': '3+', 'remarks': None, 'candidate_status': 'rejected'}]
(Background on this error at: https://sqlalche.me/e/20/9h9h)
Traceback (most recent call last):
  File "/home/ubuntu/careerportal/mss-career-portal/app/linuxvenv/lib/python3.12/site-packages/sqlalchemy/engine/base.py", line 1969, in _exec_single_context
    self.dialect.do_execute(
  File "/home/ubuntu/careerportal/mss-career-portal/app/linuxvenv/lib/python3.12/site-packages/sqlalchemy/engine/default.py", line 952, in do_execute
    cursor.execute(statement, parameters)
  File "/home/ubuntu/careerportal/mss-career-portal/app/linuxvenv/lib/python3.12/site-packages/pymysql/cursors.py", line 159, in execute
    result = self._query(query)
             ^^^^^^^^^^^^^^^^^^
  File "/home/ubuntu/careerportal/mss-career-portal/app/linuxvenv/lib/python3.12/site-packages/pymysql/cursors.py", line 330, in _query
    conn.query(q)
  File "/home/ubuntu/careerportal/mss-career-portal/app/linuxvenv/lib/python3.12/site-packages/pymysql/connections.py", line 582, in query
    self._affected_rows = self._read_query_result(unbuffered=unbuffered)
                          ^^^^^^^^^^^^^^^^^^^^^^^^^^^^^^^^^^^^^^^^^^^^^^
  File "/home/ubuntu/careerportal/mss-career-portal/app/linuxvenv/lib/python3.12/site-packages/pymysql/connections.py", line 847, in _read_query_result
    result.read()
  File "/home/ubuntu/careerportal/mss-career-portal/app/linuxvenv/lib/python3.12/site-packages/pymysql/connections.py", line 1245, in read
    first_packet = self.connection._read_packet()
                   ^^^^^^^^^^^^^^^^^^^^^^^^^^^^^^
  File "/home/ubuntu/careerportal/mss-career-portal/app/linuxvenv/lib/python3.12/site-packages/pymysql/connections.py", line 803, in _read_packet
    packet.raise_for_error()
  File "/home/ubuntu/careerportal/mss-career-portal/app/linuxvenv/lib/python3.12/site-packages/pymysql/protocol.py", line 219, in raise_for_error
    err.raise_mysql_exception(self._data)
  File "/home/ubuntu/careerportal/mss-career-portal/app/linuxvenv/lib/python3.12/site-packages/pymysql/err.py", line 154, in raise_mysql_exception
    raise errorclass(errno, errval, sqlstate=sqlstate)
pymysql.err.DataError: (1265, "Data truncated for column 'candidate_status' at row 1")

The above exception was the direct cause of the following exception:

Traceback (most recent call last):
  File "/home/ubuntu/careerportal/mss-career-portal/app/main.py", line 38, in dispatch
    return await call_next(request)
           ^^^^^^^^^^^^^^^^^^^^^^^^
  File "/home/ubuntu/careerportal/mss-career-portal/app/linuxvenv/lib/python3.12/site-packages/starlette/middleware/base.py", line 168, in call_next
    raise app_exc from app_exc.__cause__ or app_exc.__context__
  File "/home/ubuntu/careerportal/mss-career-portal/app/linuxvenv/lib/python3.12/site-packages/starlette/middleware/base.py", line 144, in coro
    await self.app(scope, receive_or_disconnect, send_no_error)
  File "/home/ubuntu/careerportal/mss-career-portal/app/linuxvenv/lib/python3.12/site-packages/starlette/middleware/exceptions.py", line 63, in __call__
    await wrap_app_handling_exceptions(self.app, conn)(scope, receive, send)
  File "/home/ubuntu/careerportal/mss-career-portal/app/linuxvenv/lib/python3.12/site-packages/starlette/_exception_handler.py", line 53, in wrapped_app
    raise exc
  File "/home/ubuntu/careerportal/mss-career-portal/app/linuxvenv/lib/python3.12/site-packages/starlette/_exception_handler.py", line 42, in wrapped_app
    await app(scope, receive, sender)
  File "/home/ubuntu/careerportal/mss-career-portal/app/linuxvenv/lib/python3.12/site-packages/fastapi/middleware/asyncexitstack.py", line 18, in __call__
    await self.app(scope, receive, send)
  File "/home/ubuntu/careerportal/mss-career-portal/app/linuxvenv/lib/python3.12/site-packages/starlette/routing.py", line 660, in __call__
    await self.middleware_stack(scope, receive, send)
  File "/home/ubuntu/careerportal/mss-career-portal/app/linuxvenv/lib/python3.12/site-packages/fastapi/routing.py", line 2531, in app
    await route.handle(scope, receive, send)
  File "/home/ubuntu/careerportal/mss-career-portal/app/linuxvenv/lib/python3.12/site-packages/fastapi/routing.py", line 1700, in handle
    await self.original_router.handle(scope, receive, send)
  File "/home/ubuntu/careerportal/mss-career-portal/app/linuxvenv/lib/python3.12/site-packages/fastapi/routing.py", line 2586, in handle
    await included_router._handle_selected(scope, receive, send)
  File "/home/ubuntu/careerportal/mss-career-portal/app/linuxvenv/lib/python3.12/site-packages/fastapi/routing.py", line 1720, in _handle_selected
    await original_route.handle(scope, receive, send)
  File "/home/ubuntu/careerportal/mss-career-portal/app/linuxvenv/lib/python3.12/site-packages/fastapi/routing.py", line 1239, in handle
    await app(scope, receive, send)
  File "/home/ubuntu/careerportal/mss-career-portal/app/linuxvenv/lib/python3.12/site-packages/fastapi/routing.py", line 150, in app
    await wrap_app_handling_exceptions(app, request)(scope, receive, send)
  File "/home/ubuntu/careerportal/mss-career-portal/app/linuxvenv/lib/python3.12/site-packages/starlette/_exception_handler.py", line 53, in wrapped_app
    raise exc
  File "/home/ubuntu/careerportal/mss-career-portal/app/linuxvenv/lib/python3.12/site-packages/starlette/_exception_handler.py", line 42, in wrapped_app
    await app(scope, receive, sender)
  File "/home/ubuntu/careerportal/mss-career-portal/app/linuxvenv/lib/python3.12/site-packages/fastapi/routing.py", line 136, in app
    response = await f(request)
               ^^^^^^^^^^^^^^^^
  File "/home/ubuntu/careerportal/mss-career-portal/app/linuxvenv/lib/python3.12/site-packages/fastapi/routing.py", line 690, in app
    raw_response = await run_endpoint_function(
                   ^^^^^^^^^^^^^^^^^^^^^^^^^^^^
  File "/home/ubuntu/careerportal/mss-career-portal/app/linuxvenv/lib/python3.12/site-packages/fastapi/routing.py", line 346, in run_endpoint_function
    return await run_in_threadpool(dependant.call, **values)
           ^^^^^^^^^^^^^^^^^^^^^^^^^^^^^^^^^^^^^^^^^^^^^^^^^
  File "/home/ubuntu/careerportal/mss-career-portal/app/linuxvenv/lib/python3.12/site-packages/starlette/concurrency.py", line 34, in run_in_threadpool
    return await anyio.to_thread.run_sync(func)
           ^^^^^^^^^^^^^^^^^^^^^^^^^^^^^^^^^^^^
  File "/home/ubuntu/careerportal/mss-career-portal/app/linuxvenv/lib/python3.12/site-packages/anyio/to_thread.py", line 63, in run_sync
    return await get_async_backend().run_sync_in_worker_thread(
           ^^^^^^^^^^^^^^^^^^^^^^^^^^^^^^^^^^^^^^^^^^^^^^^^^^^^
  File "/home/ubuntu/careerportal/mss-career-portal/app/linuxvenv/lib/python3.12/site-packages/anyio/_backends/_asyncio.py", line 2596, in run_sync_in_worker_thread
    return await future
           ^^^^^^^^^^^^
  File "/home/ubuntu/careerportal/mss-career-portal/app/linuxvenv/lib/python3.12/site-packages/anyio/_backends/_asyncio.py", line 1029, in run
    result = context.run(func, *args)
             ^^^^^^^^^^^^^^^^^^^^^^^^
  File "/home/ubuntu/careerportal/mss-career-portal/app/routes/job_apply_route.py", line 145, in apply_for_job_route
    application = create_job_application(
                  ^^^^^^^^^^^^^^^^^^^^^^^
  File "/home/ubuntu/careerportal/mss-career-portal/app/crud/job_apply_crud.py", line 72, in create_job_application
    db.commit()
  File "/home/ubuntu/careerportal/mss-career-portal/app/linuxvenv/lib/python3.12/site-packages/sqlalchemy/orm/session.py", line 2035, in commit
    trans.commit(_to_root=True)
  File "<string>", line 2, in commit
  File "/home/ubuntu/careerportal/mss-career-portal/app/linuxvenv/lib/python3.12/site-packages/sqlalchemy/orm/state_changes.py", line 137, in _go
    ret_value = fn(self, *arg, **kw)
                ^^^^^^^^^^^^^^^^^^^^
  File "/home/ubuntu/careerportal/mss-career-portal/app/linuxvenv/lib/python3.12/site-packages/sqlalchemy/orm/session.py", line 1316, in commit
    self._prepare_impl()
  File "<string>", line 2, in _prepare_impl
  File "/home/ubuntu/careerportal/mss-career-portal/app/linuxvenv/lib/python3.12/site-packages/sqlalchemy/orm/state_changes.py", line 137, in _go
    ret_value = fn(self, *arg, **kw)
                ^^^^^^^^^^^^^^^^^^^^
  File "/home/ubuntu/careerportal/mss-career-portal/app/linuxvenv/lib/python3.12/site-packages/sqlalchemy/orm/session.py", line 1290, in _prepare_impl
    self.session.flush()
  File "/home/ubuntu/careerportal/mss-career-portal/app/linuxvenv/lib/python3.12/site-packages/sqlalchemy/orm/session.py", line 4353, in flush
    self._flush(objects)
  File "/home/ubuntu/careerportal/mss-career-portal/app/linuxvenv/lib/python3.12/site-packages/sqlalchemy/orm/session.py", line 4488, in _flush
    with util.safe_reraise():
  File "/home/ubuntu/careerportal/mss-career-portal/app/linuxvenv/lib/python3.12/site-packages/sqlalchemy/util/langhelpers.py", line 122, in __exit__
    raise exc_value.with_traceback(exc_tb)
  File "/home/ubuntu/careerportal/mss-career-portal/app/linuxvenv/lib/python3.12/site-packages/sqlalchemy/orm/session.py", line 4449, in _flush
    flush_context.execute()
  File "/home/ubuntu/careerportal/mss-career-portal/app/linuxvenv/lib/python3.12/site-packages/sqlalchemy/orm/unitofwork.py", line 465, in execute
    rec.execute(self)
  File "/home/ubuntu/careerportal/mss-career-portal/app/linuxvenv/lib/python3.12/site-packages/sqlalchemy/orm/unitofwork.py", line 641, in execute
    util.preloaded.orm_persistence.save_obj(
  File "/home/ubuntu/careerportal/mss-career-portal/app/linuxvenv/lib/python3.12/site-packages/sqlalchemy/orm/persistence.py", line 94, in save_obj
    _emit_insert_statements(
  File "/home/ubuntu/careerportal/mss-career-portal/app/linuxvenv/lib/python3.12/site-packages/sqlalchemy/orm/persistence.py", line 1234, in _emit_insert_statements
    result = connection.execute(
             ^^^^^^^^^^^^^^^^^^^
  File "/home/ubuntu/careerportal/mss-career-portal/app/linuxvenv/lib/python3.12/site-packages/sqlalchemy/engine/base.py", line 1421, in execute
    return meth(
           ^^^^^
  File "/home/ubuntu/careerportal/mss-career-portal/app/linuxvenv/lib/python3.12/site-packages/sqlalchemy/sql/elements.py", line 526, in _execute_on_connection
    return connection._execute_clauseelement(
           ^^^^^^^^^^^^^^^^^^^^^^^^^^^^^^^^^^
  File "/home/ubuntu/careerportal/mss-career-portal/app/linuxvenv/lib/python3.12/site-packages/sqlalchemy/engine/base.py", line 1643, in _execute_clauseelement
    ret = self._execute_context(
          ^^^^^^^^^^^^^^^^^^^^^^
  File "/home/ubuntu/careerportal/mss-career-portal/app/linuxvenv/lib/python3.12/site-packages/sqlalchemy/engine/base.py", line 1848, in _execute_context
    return self._exec_single_context(
           ^^^^^^^^^^^^^^^^^^^^^^^^^^
  File "/home/ubuntu/careerportal/mss-career-portal/app/linuxvenv/lib/python3.12/site-packages/sqlalchemy/engine/base.py", line 1988, in _exec_single_context
    self._handle_dbapi_exception(
  File "/home/ubuntu/careerportal/mss-career-portal/app/linuxvenv/lib/python3.12/site-packages/sqlalchemy/engine/base.py", line 2365, in _handle_dbapi_exception
    raise sqlalchemy_exception.with_traceback(exc_info[2]) from e
  File "/home/ubuntu/careerportal/mss-career-portal/app/linuxvenv/lib/python3.12/site-packages/sqlalchemy/engine/base.py", line 1969, in _exec_single_context
    self.dialect.do_execute(
  File "/home/ubuntu/careerportal/mss-career-portal/app/linuxvenv/lib/python3.12/site-packages/sqlalchemy/engine/default.py", line 952, in do_execute
    cursor.execute(statement, parameters)
  File "/home/ubuntu/careerportal/mss-career-portal/app/linuxvenv/lib/python3.12/site-packages/pymysql/cursors.py", line 159, in execute
    result = self._query(query)
             ^^^^^^^^^^^^^^^^^^
  File "/home/ubuntu/careerportal/mss-career-portal/app/linuxvenv/lib/python3.12/site-packages/pymysql/cursors.py", line 330, in _query
    conn.query(q)
  File "/home/ubuntu/careerportal/mss-career-portal/app/linuxvenv/lib/python3.12/site-packages/pymysql/connections.py", line 582, in query
    self._affected_rows = self._read_query_result(unbuffered=unbuffered)
                          ^^^^^^^^^^^^^^^^^^^^^^^^^^^^^^^^^^^^^^^^^^^^^^
  File "/home/ubuntu/careerportal/mss-career-portal/app/linuxvenv/lib/python3.12/site-packages/pymysql/connections.py", line 847, in _read_query_result
    result.read()
  File "/home/ubuntu/careerportal/mss-career-portal/app/linuxvenv/lib/python3.12/site-packages/pymysql/connections.py", line 1245, in read
    first_packet = self.connection._read_packet()
                   ^^^^^^^^^^^^^^^^^^^^^^^^^^^^^^
  File "/home/ubuntu/careerportal/mss-career-portal/app/linuxvenv/lib/python3.12/site-packages/pymysql/connections.py", line 803, in _read_packet
    packet.raise_for_error()
  File "/home/ubuntu/careerportal/mss-career-portal/app/linuxvenv/lib/python3.12/site-packages/pymysql/protocol.py", line 219, in raise_for_error
    err.raise_mysql_exception(self._data)
  File "/home/ubuntu/careerportal/mss-career-portal/app/linuxvenv/lib/python3.12/site-packages/pymysql/err.py", line 154, in raise_mysql_exception
    raise errorclass(errno, errval, sqlstate=sqlstate)
sqlalchemy.exc.DataError: (pymysql.err.DataError) (1265, "Data truncated for column 'candidate_status' at row 1")
[SQL: INSERT INTO candidate_screening_answers (candidate_id, job_id, question_id, answer, remarks, candidate_status) VALUES (%(candidate_id)s, %(job_id)s, %(question_id)s, %(answer)s, %(remarks)s, %(candidate_status)s)]
[parameters: {'candidate_id': 16, 'job_id': 27, 'question_id': 52, 'answer': '3+', 'remarks': None, 'candidate_status': 'rejected'}]
(Background on this error at: https://sqlalche.me/e/20/9h9h)
[2026-06-30 17:28:11] ERROR in main: Unhandled error on POST /apply/: (pymysql.err.DataError) (1265, "Data truncated for column 'candidate_status' at row 1")
[SQL: INSERT INTO candidate_screening_answers (candidate_id, job_id, question_id, answer, remarks, candidate_status) VALUES (%(candidate_id)s, %(job_id)s, %(question_id)s, %(answer)s, %(remarks)s, %(candidate_status)s)]
[parameters: {'candidate_id': 16, 'job_id': 27, 'question_id': 52, 'answer': '3+', 'remarks': None, 'candidate_status': 'rejected'}]
(Background on this error at: https://sqlalche.me/e/20/9h9h)
Traceback (most recent call last):
  File "/home/ubuntu/careerportal/mss-career-portal/app/linuxvenv/lib/python3.12/site-packages/sqlalchemy/engine/base.py", line 1969, in _exec_single_context
    self.dialect.do_execute(
  File "/home/ubuntu/careerportal/mss-career-portal/app/linuxvenv/lib/python3.12/site-packages/sqlalchemy/engine/default.py", line 952, in do_execute
    cursor.execute(statement, parameters)
  File "/home/ubuntu/careerportal/mss-career-portal/app/linuxvenv/lib/python3.12/site-packages/pymysql/cursors.py", line 159, in execute
    result = self._query(query)
             ^^^^^^^^^^^^^^^^^^
  File "/home/ubuntu/careerportal/mss-career-portal/app/linuxvenv/lib/python3.12/site-packages/pymysql/cursors.py", line 330, in _query
    conn.query(q)
  File "/home/ubuntu/careerportal/mss-career-portal/app/linuxvenv/lib/python3.12/site-packages/pymysql/connections.py", line 582, in query
    self._affected_rows = self._read_query_result(unbuffered=unbuffered)
                          ^^^^^^^^^^^^^^^^^^^^^^^^^^^^^^^^^^^^^^^^^^^^^^
  File "/home/ubuntu/careerportal/mss-career-portal/app/linuxvenv/lib/python3.12/site-packages/pymysql/connections.py", line 847, in _read_query_result
    result.read()
  File "/home/ubuntu/careerportal/mss-career-portal/app/linuxvenv/lib/python3.12/site-packages/pymysql/connections.py", line 1245, in read
    first_packet = self.connection._read_packet()
                   ^^^^^^^^^^^^^^^^^^^^^^^^^^^^^^
  File "/home/ubuntu/careerportal/mss-career-portal/app/linuxvenv/lib/python3.12/site-packages/pymysql/connections.py", line 803, in _read_packet
    packet.raise_for_error()
  File "/home/ubuntu/careerportal/mss-career-portal/app/linuxvenv/lib/python3.12/site-packages/pymysql/protocol.py", line 219, in raise_for_error
    err.raise_mysql_exception(self._data)
  File "/home/ubuntu/careerportal/mss-career-portal/app/linuxvenv/lib/python3.12/site-packages/pymysql/err.py", line 154, in raise_mysql_exception
    raise errorclass(errno, errval, sqlstate=sqlstate)
pymysql.err.DataError: (1265, "Data truncated for column 'candidate_status' at row 1")

The above exception was the direct cause of the following exception:

Traceback (most recent call last):
  File "/home/ubuntu/careerportal/mss-career-portal/app/main.py", line 38, in dispatch
    return await call_next(request)
           ^^^^^^^^^^^^^^^^^^^^^^^^
  File "/home/ubuntu/careerportal/mss-career-portal/app/linuxvenv/lib/python3.12/site-packages/starlette/middleware/base.py", line 168, in call_next
    raise app_exc from app_exc.__cause__ or app_exc.__context__
  File "/home/ubuntu/careerportal/mss-career-portal/app/linuxvenv/lib/python3.12/site-packages/starlette/middleware/base.py", line 144, in coro
    await self.app(scope, receive_or_disconnect, send_no_error)
  File "/home/ubuntu/careerportal/mss-career-portal/app/linuxvenv/lib/python3.12/site-packages/starlette/middleware/exceptions.py", line 63, in __call__
    await wrap_app_handling_exceptions(self.app, conn)(scope, receive, send)
  File "/home/ubuntu/careerportal/mss-career-portal/app/linuxvenv/lib/python3.12/site-packages/starlette/_exception_handler.py", line 53, in wrapped_app
    raise exc
  File "/home/ubuntu/careerportal/mss-career-portal/app/linuxvenv/lib/python3.12/site-packages/starlette/_exception_handler.py", line 42, in wrapped_app
    await app(scope, receive, sender)
  File "/home/ubuntu/careerportal/mss-career-portal/app/linuxvenv/lib/python3.12/site-packages/fastapi/middleware/asyncexitstack.py", line 18, in __call__
    await self.app(scope, receive, send)
  File "/home/ubuntu/careerportal/mss-career-portal/app/linuxvenv/lib/python3.12/site-packages/starlette/routing.py", line 660, in __call__
    await self.middleware_stack(scope, receive, send)
  File "/home/ubuntu/careerportal/mss-career-portal/app/linuxvenv/lib/python3.12/site-packages/fastapi/routing.py", line 2531, in app
    await route.handle(scope, receive, send)
  File "/home/ubuntu/careerportal/mss-career-portal/app/linuxvenv/lib/python3.12/site-packages/fastapi/routing.py", line 1700, in handle
    await self.original_router.handle(scope, receive, send)
  File "/home/ubuntu/careerportal/mss-career-portal/app/linuxvenv/lib/python3.12/site-packages/fastapi/routing.py", line 2586, in handle
    await included_router._handle_selected(scope, receive, send)
  File "/home/ubuntu/careerportal/mss-career-portal/app/linuxvenv/lib/python3.12/site-packages/fastapi/routing.py", line 1720, in _handle_selected
    await original_route.handle(scope, receive, send)
  File "/home/ubuntu/careerportal/mss-career-portal/app/linuxvenv/lib/python3.12/site-packages/fastapi/routing.py", line 1239, in handle
    await app(scope, receive, send)
  File "/home/ubuntu/careerportal/mss-career-portal/app/linuxvenv/lib/python3.12/site-packages/fastapi/routing.py", line 150, in app
    await wrap_app_handling_exceptions(app, request)(scope, receive, send)
  File "/home/ubuntu/careerportal/mss-career-portal/app/linuxvenv/lib/python3.12/site-packages/starlette/_exception_handler.py", line 53, in wrapped_app
    raise exc
  File "/home/ubuntu/careerportal/mss-career-portal/app/linuxvenv/lib/python3.12/site-packages/starlette/_exception_handler.py", line 42, in wrapped_app
    await app(scope, receive, sender)
  File "/home/ubuntu/careerportal/mss-career-portal/app/linuxvenv/lib/python3.12/site-packages/fastapi/routing.py", line 136, in app
    response = await f(request)
               ^^^^^^^^^^^^^^^^
  File "/home/ubuntu/careerportal/mss-career-portal/app/linuxvenv/lib/python3.12/site-packages/fastapi/routing.py", line 690, in app
    raw_response = await run_endpoint_function(
                   ^^^^^^^^^^^^^^^^^^^^^^^^^^^^
  File "/home/ubuntu/careerportal/mss-career-portal/app/linuxvenv/lib/python3.12/site-packages/fastapi/routing.py", line 346, in run_endpoint_function
    return await run_in_threadpool(dependant.call, **values)
           ^^^^^^^^^^^^^^^^^^^^^^^^^^^^^^^^^^^^^^^^^^^^^^^^^
  File "/home/ubuntu/careerportal/mss-career-portal/app/linuxvenv/lib/python3.12/site-packages/starlette/concurrency.py", line 34, in run_in_threadpool
    return await anyio.to_thread.run_sync(func)
           ^^^^^^^^^^^^^^^^^^^^^^^^^^^^^^^^^^^^
  File "/home/ubuntu/careerportal/mss-career-portal/app/linuxvenv/lib/python3.12/site-packages/anyio/to_thread.py", line 63, in run_sync
    return await get_async_backend().run_sync_in_worker_thread(
           ^^^^^^^^^^^^^^^^^^^^^^^^^^^^^^^^^^^^^^^^^^^^^^^^^^^^
  File "/home/ubuntu/careerportal/mss-career-portal/app/linuxvenv/lib/python3.12/site-packages/anyio/_backends/_asyncio.py", line 2596, in run_sync_in_worker_thread
    return await future
           ^^^^^^^^^^^^
  File "/home/ubuntu/careerportal/mss-career-portal/app/linuxvenv/lib/python3.12/site-packages/anyio/_backends/_asyncio.py", line 1029, in run
    result = context.run(func, *args)
             ^^^^^^^^^^^^^^^^^^^^^^^^
  File "/home/ubuntu/careerportal/mss-career-portal/app/routes/job_apply_route.py", line 145, in apply_for_job_route
    application = create_job_application(
                  ^^^^^^^^^^^^^^^^^^^^^^^
  File "/home/ubuntu/careerportal/mss-career-portal/app/crud/job_apply_crud.py", line 72, in create_job_application
    db.commit()
  File "/home/ubuntu/careerportal/mss-career-portal/app/linuxvenv/lib/python3.12/site-packages/sqlalchemy/orm/session.py", line 2035, in commit
    trans.commit(_to_root=True)
  File "<string>", line 2, in commit
  File "/home/ubuntu/careerportal/mss-career-portal/app/linuxvenv/lib/python3.12/site-packages/sqlalchemy/orm/state_changes.py", line 137, in _go
    ret_value = fn(self, *arg, **kw)
                ^^^^^^^^^^^^^^^^^^^^
  File "/home/ubuntu/careerportal/mss-career-portal/app/linuxvenv/lib/python3.12/site-packages/sqlalchemy/orm/session.py", line 1316, in commit
    self._prepare_impl()
  File "<string>", line 2, in _prepare_impl
  File "/home/ubuntu/careerportal/mss-career-portal/app/linuxvenv/lib/python3.12/site-packages/sqlalchemy/orm/state_changes.py", line 137, in _go
    ret_value = fn(self, *arg, **kw)
                ^^^^^^^^^^^^^^^^^^^^
  File "/home/ubuntu/careerportal/mss-career-portal/app/linuxvenv/lib/python3.12/site-packages/sqlalchemy/orm/session.py", line 1290, in _prepare_impl
    self.session.flush()
  File "/home/ubuntu/careerportal/mss-career-portal/app/linuxvenv/lib/python3.12/site-packages/sqlalchemy/orm/session.py", line 4353, in flush
    self._flush(objects)
  File "/home/ubuntu/careerportal/mss-career-portal/app/linuxvenv/lib/python3.12/site-packages/sqlalchemy/orm/session.py", line 4488, in _flush
    with util.safe_reraise():
  File "/home/ubuntu/careerportal/mss-career-portal/app/linuxvenv/lib/python3.12/site-packages/sqlalchemy/util/langhelpers.py", line 122, in __exit__
    raise exc_value.with_traceback(exc_tb)
  File "/home/ubuntu/careerportal/mss-career-portal/app/linuxvenv/lib/python3.12/site-packages/sqlalchemy/orm/session.py", line 4449, in _flush
    flush_context.execute()
  File "/home/ubuntu/careerportal/mss-career-portal/app/linuxvenv/lib/python3.12/site-packages/sqlalchemy/orm/unitofwork.py", line 465, in execute
    rec.execute(self)
  File "/home/ubuntu/careerportal/mss-career-portal/app/linuxvenv/lib/python3.12/site-packages/sqlalchemy/orm/unitofwork.py", line 641, in execute
    util.preloaded.orm_persistence.save_obj(
  File "/home/ubuntu/careerportal/mss-career-portal/app/linuxvenv/lib/python3.12/site-packages/sqlalchemy/orm/persistence.py", line 94, in save_obj
    _emit_insert_statements(
  File "/home/ubuntu/careerportal/mss-career-portal/app/linuxvenv/lib/python3.12/site-packages/sqlalchemy/orm/persistence.py", line 1234, in _emit_insert_statements
    result = connection.execute(
             ^^^^^^^^^^^^^^^^^^^
  File "/home/ubuntu/careerportal/mss-career-portal/app/linuxvenv/lib/python3.12/site-packages/sqlalchemy/engine/base.py", line 1421, in execute
    return meth(
           ^^^^^
  File "/home/ubuntu/careerportal/mss-career-portal/app/linuxvenv/lib/python3.12/site-packages/sqlalchemy/sql/elements.py", line 526, in _execute_on_connection
    return connection._execute_clauseelement(
           ^^^^^^^^^^^^^^^^^^^^^^^^^^^^^^^^^^
  File "/home/ubuntu/careerportal/mss-career-portal/app/linuxvenv/lib/python3.12/site-packages/sqlalchemy/engine/base.py", line 1643, in _execute_clauseelement
    ret = self._execute_context(
          ^^^^^^^^^^^^^^^^^^^^^^
  File "/home/ubuntu/careerportal/mss-career-portal/app/linuxvenv/lib/python3.12/site-packages/sqlalchemy/engine/base.py", line 1848, in _execute_context
    return self._exec_single_context(
           ^^^^^^^^^^^^^^^^^^^^^^^^^^
  File "/home/ubuntu/careerportal/mss-career-portal/app/linuxvenv/lib/python3.12/site-packages/sqlalchemy/engine/base.py", line 1988, in _exec_single_context
    self._handle_dbapi_exception(
  File "/home/ubuntu/careerportal/mss-career-portal/app/linuxvenv/lib/python3.12/site-packages/sqlalchemy/engine/base.py", line 2365, in _handle_dbapi_exception
    raise sqlalchemy_exception.with_traceback(exc_info[2]) from e
  File "/home/ubuntu/careerportal/mss-career-portal/app/linuxvenv/lib/python3.12/site-packages/sqlalchemy/engine/base.py", line 1969, in _exec_single_context
    self.dialect.do_execute(
  File "/home/ubuntu/careerportal/mss-career-portal/app/linuxvenv/lib/python3.12/site-packages/sqlalchemy/engine/default.py", line 952, in do_execute
    cursor.execute(statement, parameters)
  File "/home/ubuntu/careerportal/mss-career-portal/app/linuxvenv/lib/python3.12/site-packages/pymysql/cursors.py", line 159, in execute
    result = self._query(query)
             ^^^^^^^^^^^^^^^^^^
  File "/home/ubuntu/careerportal/mss-career-portal/app/linuxvenv/lib/python3.12/site-packages/pymysql/cursors.py", line 330, in _query
    conn.query(q)
  File "/home/ubuntu/careerportal/mss-career-portal/app/linuxvenv/lib/python3.12/site-packages/pymysql/connections.py", line 582, in query
    self._affected_rows = self._read_query_result(unbuffered=unbuffered)
                          ^^^^^^^^^^^^^^^^^^^^^^^^^^^^^^^^^^^^^^^^^^^^^^
  File "/home/ubuntu/careerportal/mss-career-portal/app/linuxvenv/lib/python3.12/site-packages/pymysql/connections.py", line 847, in _read_query_result
    result.read()
  File "/home/ubuntu/careerportal/mss-career-portal/app/linuxvenv/lib/python3.12/site-packages/pymysql/connections.py", line 1245, in read
    first_packet = self.connection._read_packet()
                   ^^^^^^^^^^^^^^^^^^^^^^^^^^^^^^
  File "/home/ubuntu/careerportal/mss-career-portal/app/linuxvenv/lib/python3.12/site-packages/pymysql/connections.py", line 803, in _read_packet
    packet.raise_for_error()
  File "/home/ubuntu/careerportal/mss-career-portal/app/linuxvenv/lib/python3.12/site-packages/pymysql/protocol.py", line 219, in raise_for_error
    err.raise_mysql_exception(self._data)
  File "/home/ubuntu/careerportal/mss-career-portal/app/linuxvenv/lib/python3.12/site-packages/pymysql/err.py", line 154, in raise_mysql_exception
    raise errorclass(errno, errval, sqlstate=sqlstate)
sqlalchemy.exc.DataError: (pymysql.err.DataError) (1265, "Data truncated for column 'candidate_status' at row 1")
[SQL: INSERT INTO candidate_screening_answers (candidate_id, job_id, question_id, answer, remarks, candidate_status) VALUES (%(candidate_id)s, %(job_id)s, %(question_id)s, %(answer)s, %(remarks)s, %(candidate_status)s)]
[parameters: {'candidate_id': 16, 'job_id': 27, 'question_id': 52, 'answer': '3+', 'remarks': None, 'candidate_status': 'rejected'}]
(Background on this error at: https://sqlalche.me/e/20/9h9h)
[2026-06-30 17:34:53] INFO in job_apply_crud: Job application created: applicant_id=26, mss_app_no=MSS-APP-26, job_id=27, user_id=16
[2026-06-30 17:36:19] ERROR in main: Unhandled error on POST /jobs/public/31/view: (pymysql.err.ProgrammingError) (1146, "Table 'career_portal.job_view_logs' doesn't exist")
[SQL: SELECT job_view_logs.id AS job_view_logs_id, job_view_logs.job_id AS job_view_logs_job_id, job_view_logs.user_id AS job_view_logs_user_id, job_view_logs.viewed_at AS job_view_logs_viewed_at 
FROM job_view_logs 
WHERE job_view_logs.job_id = %(job_id_1)s AND job_view_logs.user_id = %(user_id_1)s 
 LIMIT %(param_1)s]
[parameters: {'job_id_1': 31, 'user_id_1': 16, 'param_1': 1}]
(Background on this error at: https://sqlalche.me/e/20/f405)
Traceback (most recent call last):
  File "/home/ubuntu/careerportal/mss-career-portal/app/linuxvenv/lib/python3.12/site-packages/sqlalchemy/engine/base.py", line 1969, in _exec_single_context
    self.dialect.do_execute(
  File "/home/ubuntu/careerportal/mss-career-portal/app/linuxvenv/lib/python3.12/site-packages/sqlalchemy/engine/default.py", line 952, in do_execute
    cursor.execute(statement, parameters)
  File "/home/ubuntu/careerportal/mss-career-portal/app/linuxvenv/lib/python3.12/site-packages/pymysql/cursors.py", line 159, in execute
    result = self._query(query)
             ^^^^^^^^^^^^^^^^^^
  File "/home/ubuntu/careerportal/mss-career-portal/app/linuxvenv/lib/python3.12/site-packages/pymysql/cursors.py", line 330, in _query
    conn.query(q)
  File "/home/ubuntu/careerportal/mss-career-portal/app/linuxvenv/lib/python3.12/site-packages/pymysql/connections.py", line 582, in query
    self._affected_rows = self._read_query_result(unbuffered=unbuffered)
                          ^^^^^^^^^^^^^^^^^^^^^^^^^^^^^^^^^^^^^^^^^^^^^^
  File "/home/ubuntu/careerportal/mss-career-portal/app/linuxvenv/lib/python3.12/site-packages/pymysql/connections.py", line 847, in _read_query_result
    result.read()
  File "/home/ubuntu/careerportal/mss-career-portal/app/linuxvenv/lib/python3.12/site-packages/pymysql/connections.py", line 1245, in read
    first_packet = self.connection._read_packet()
                   ^^^^^^^^^^^^^^^^^^^^^^^^^^^^^^
  File "/home/ubuntu/careerportal/mss-career-portal/app/linuxvenv/lib/python3.12/site-packages/pymysql/connections.py", line 803, in _read_packet
    packet.raise_for_error()
  File "/home/ubuntu/careerportal/mss-career-portal/app/linuxvenv/lib/python3.12/site-packages/pymysql/protocol.py", line 219, in raise_for_error
    err.raise_mysql_exception(self._data)
  File "/home/ubuntu/careerportal/mss-career-portal/app/linuxvenv/lib/python3.12/site-packages/pymysql/err.py", line 154, in raise_mysql_exception
    raise errorclass(errno, errval, sqlstate=sqlstate)
pymysql.err.ProgrammingError: (1146, "Table 'career_portal.job_view_logs' doesn't exist")

The above exception was the direct cause of the following exception:

Traceback (most recent call last):
  File "/home/ubuntu/careerportal/mss-career-portal/app/main.py", line 38, in dispatch
    return await call_next(request)
           ^^^^^^^^^^^^^^^^^^^^^^^^
  File "/home/ubuntu/careerportal/mss-career-portal/app/linuxvenv/lib/python3.12/site-packages/starlette/middleware/base.py", line 168, in call_next
    raise app_exc from app_exc.__cause__ or app_exc.__context__
  File "/home/ubuntu/careerportal/mss-career-portal/app/linuxvenv/lib/python3.12/site-packages/starlette/middleware/base.py", line 144, in coro
    await self.app(scope, receive_or_disconnect, send_no_error)
  File "/home/ubuntu/careerportal/mss-career-portal/app/linuxvenv/lib/python3.12/site-packages/starlette/middleware/exceptions.py", line 63, in __call__
    await wrap_app_handling_exceptions(self.app, conn)(scope, receive, send)
  File "/home/ubuntu/careerportal/mss-career-portal/app/linuxvenv/lib/python3.12/site-packages/starlette/_exception_handler.py", line 53, in wrapped_app
    raise exc
  File "/home/ubuntu/careerportal/mss-career-portal/app/linuxvenv/lib/python3.12/site-packages/starlette/_exception_handler.py", line 42, in wrapped_app
    await app(scope, receive, sender)
  File "/home/ubuntu/careerportal/mss-career-portal/app/linuxvenv/lib/python3.12/site-packages/fastapi/middleware/asyncexitstack.py", line 18, in __call__
    await self.app(scope, receive, send)
  File "/home/ubuntu/careerportal/mss-career-portal/app/linuxvenv/lib/python3.12/site-packages/starlette/routing.py", line 660, in __call__
    await self.middleware_stack(scope, receive, send)
  File "/home/ubuntu/careerportal/mss-career-portal/app/linuxvenv/lib/python3.12/site-packages/fastapi/routing.py", line 2531, in app
    await route.handle(scope, receive, send)
  File "/home/ubuntu/careerportal/mss-career-portal/app/linuxvenv/lib/python3.12/site-packages/fastapi/routing.py", line 1700, in handle
    await self.original_router.handle(scope, receive, send)
  File "/home/ubuntu/careerportal/mss-career-portal/app/linuxvenv/lib/python3.12/site-packages/fastapi/routing.py", line 2586, in handle
    await included_router._handle_selected(scope, receive, send)
  File "/home/ubuntu/careerportal/mss-career-portal/app/linuxvenv/lib/python3.12/site-packages/fastapi/routing.py", line 1720, in _handle_selected
    await original_route.handle(scope, receive, send)
  File "/home/ubuntu/careerportal/mss-career-portal/app/linuxvenv/lib/python3.12/site-packages/fastapi/routing.py", line 1239, in handle
    await app(scope, receive, send)
  File "/home/ubuntu/careerportal/mss-career-portal/app/linuxvenv/lib/python3.12/site-packages/fastapi/routing.py", line 150, in app
    await wrap_app_handling_exceptions(app, request)(scope, receive, send)
  File "/home/ubuntu/careerportal/mss-career-portal/app/linuxvenv/lib/python3.12/site-packages/starlette/_exception_handler.py", line 53, in wrapped_app
    raise exc
  File "/home/ubuntu/careerportal/mss-career-portal/app/linuxvenv/lib/python3.12/site-packages/starlette/_exception_handler.py", line 42, in wrapped_app
    await app(scope, receive, sender)
  File "/home/ubuntu/careerportal/mss-career-portal/app/linuxvenv/lib/python3.12/site-packages/fastapi/routing.py", line 136, in app
    response = await f(request)
               ^^^^^^^^^^^^^^^^
  File "/home/ubuntu/careerportal/mss-career-portal/app/linuxvenv/lib/python3.12/site-packages/fastapi/routing.py", line 690, in app
    raw_response = await run_endpoint_function(
                   ^^^^^^^^^^^^^^^^^^^^^^^^^^^^
  File "/home/ubuntu/careerportal/mss-career-portal/app/linuxvenv/lib/python3.12/site-packages/fastapi/routing.py", line 346, in run_endpoint_function
    return await run_in_threadpool(dependant.call, **values)
           ^^^^^^^^^^^^^^^^^^^^^^^^^^^^^^^^^^^^^^^^^^^^^^^^^
  File "/home/ubuntu/careerportal/mss-career-portal/app/linuxvenv/lib/python3.12/site-packages/starlette/concurrency.py", line 34, in run_in_threadpool
    return await anyio.to_thread.run_sync(func)
           ^^^^^^^^^^^^^^^^^^^^^^^^^^^^^^^^^^^^
  File "/home/ubuntu/careerportal/mss-career-portal/app/linuxvenv/lib/python3.12/site-packages/anyio/to_thread.py", line 63, in run_sync
    return await get_async_backend().run_sync_in_worker_thread(
           ^^^^^^^^^^^^^^^^^^^^^^^^^^^^^^^^^^^^^^^^^^^^^^^^^^^^
  File "/home/ubuntu/careerportal/mss-career-portal/app/linuxvenv/lib/python3.12/site-packages/anyio/_backends/_asyncio.py", line 2596, in run_sync_in_worker_thread
    return await future
           ^^^^^^^^^^^^
  File "/home/ubuntu/careerportal/mss-career-portal/app/linuxvenv/lib/python3.12/site-packages/anyio/_backends/_asyncio.py", line 1029, in run
    result = context.run(func, *args)
             ^^^^^^^^^^^^^^^^^^^^^^^^
  File "/home/ubuntu/careerportal/mss-career-portal/app/routes/jobs_route.py", line 252, in increment_job_view_route
    ).first()
      ^^^^^^^
  File "/home/ubuntu/careerportal/mss-career-portal/app/linuxvenv/lib/python3.12/site-packages/sqlalchemy/orm/query.py", line 2766, in first
    return self.limit(1)._iter().first()  # type: ignore
           ^^^^^^^^^^^^^^^^^^^^^
  File "/home/ubuntu/careerportal/mss-career-portal/app/linuxvenv/lib/python3.12/site-packages/sqlalchemy/orm/query.py", line 2864, in _iter
    result: Union[ScalarResult[_T], Result[_T]] = self.session.execute(
                                                  ^^^^^^^^^^^^^^^^^^^^^
  File "/home/ubuntu/careerportal/mss-career-portal/app/linuxvenv/lib/python3.12/site-packages/sqlalchemy/orm/session.py", line 2373, in execute
    return self._execute_internal(
           ^^^^^^^^^^^^^^^^^^^^^^^
  File "/home/ubuntu/careerportal/mss-career-portal/app/linuxvenv/lib/python3.12/site-packages/sqlalchemy/orm/session.py", line 2271, in _execute_internal
    result: Result[Any] = compile_state_cls.orm_execute_statement(
                          ^^^^^^^^^^^^^^^^^^^^^^^^^^^^^^^^^^^^^^^^
  File "/home/ubuntu/careerportal/mss-career-portal/app/linuxvenv/lib/python3.12/site-packages/sqlalchemy/orm/context.py", line 306, in orm_execute_statement
    result = conn.execute(
             ^^^^^^^^^^^^^
  File "/home/ubuntu/careerportal/mss-career-portal/app/linuxvenv/lib/python3.12/site-packages/sqlalchemy/engine/base.py", line 1421, in execute
    return meth(
           ^^^^^
  File "/home/ubuntu/careerportal/mss-career-portal/app/linuxvenv/lib/python3.12/site-packages/sqlalchemy/sql/elements.py", line 526, in _execute_on_connection
    return connection._execute_clauseelement(
           ^^^^^^^^^^^^^^^^^^^^^^^^^^^^^^^^^^
  File "/home/ubuntu/careerportal/mss-career-portal/app/linuxvenv/lib/python3.12/site-packages/sqlalchemy/engine/base.py", line 1643, in _execute_clauseelement
    ret = self._execute_context(
          ^^^^^^^^^^^^^^^^^^^^^^
  File "/home/ubuntu/careerportal/mss-career-portal/app/linuxvenv/lib/python3.12/site-packages/sqlalchemy/engine/base.py", line 1848, in _execute_context
    return self._exec_single_context(
           ^^^^^^^^^^^^^^^^^^^^^^^^^^
  File "/home/ubuntu/careerportal/mss-career-portal/app/linuxvenv/lib/python3.12/site-packages/sqlalchemy/engine/base.py", line 1988, in _exec_single_context
    self._handle_dbapi_exception(
  File "/home/ubuntu/careerportal/mss-career-portal/app/linuxvenv/lib/python3.12/site-packages/sqlalchemy/engine/base.py", line 2365, in _handle_dbapi_exception
    raise sqlalchemy_exception.with_traceback(exc_info[2]) from e
  File "/home/ubuntu/careerportal/mss-career-portal/app/linuxvenv/lib/python3.12/site-packages/sqlalchemy/engine/base.py", line 1969, in _exec_single_context
    self.dialect.do_execute(
  File "/home/ubuntu/careerportal/mss-career-portal/app/linuxvenv/lib/python3.12/site-packages/sqlalchemy/engine/default.py", line 952, in do_execute
    cursor.execute(statement, parameters)
  File "/home/ubuntu/careerportal/mss-career-portal/app/linuxvenv/lib/python3.12/site-packages/pymysql/cursors.py", line 159, in execute
    result = self._query(query)
             ^^^^^^^^^^^^^^^^^^
  File "/home/ubuntu/careerportal/mss-career-portal/app/linuxvenv/lib/python3.12/site-packages/pymysql/cursors.py", line 330, in _query
    conn.query(q)
  File "/home/ubuntu/careerportal/mss-career-portal/app/linuxvenv/lib/python3.12/site-packages/pymysql/connections.py", line 582, in query
    self._affected_rows = self._read_query_result(unbuffered=unbuffered)
                          ^^^^^^^^^^^^^^^^^^^^^^^^^^^^^^^^^^^^^^^^^^^^^^
  File "/home/ubuntu/careerportal/mss-career-portal/app/linuxvenv/lib/python3.12/site-packages/pymysql/connections.py", line 847, in _read_query_result
    result.read()
  File "/home/ubuntu/careerportal/mss-career-portal/app/linuxvenv/lib/python3.12/site-packages/pymysql/connections.py", line 1245, in read
    first_packet = self.connection._read_packet()
                   ^^^^^^^^^^^^^^^^^^^^^^^^^^^^^^
  File "/home/ubuntu/careerportal/mss-career-portal/app/linuxvenv/lib/python3.12/site-packages/pymysql/connections.py", line 803, in _read_packet
    packet.raise_for_error()
  File "/home/ubuntu/careerportal/mss-career-portal/app/linuxvenv/lib/python3.12/site-packages/pymysql/protocol.py", line 219, in raise_for_error
    err.raise_mysql_exception(self._data)
  File "/home/ubuntu/careerportal/mss-career-portal/app/linuxvenv/lib/python3.12/site-packages/pymysql/err.py", line 154, in raise_mysql_exception
    raise errorclass(errno, errval, sqlstate=sqlstate)
sqlalchemy.exc.ProgrammingError: (pymysql.err.ProgrammingError) (1146, "Table 'career_portal.job_view_logs' doesn't exist")
[SQL: SELECT job_view_logs.id AS job_view_logs_id, job_view_logs.job_id AS job_view_logs_job_id, job_view_logs.user_id AS job_view_logs_user_id, job_view_logs.viewed_at AS job_view_logs_viewed_at 
FROM job_view_logs 
WHERE job_view_logs.job_id = %(job_id_1)s AND job_view_logs.user_id = %(user_id_1)s 
 LIMIT %(param_1)s]
[parameters: {'job_id_1': 31, 'user_id_1': 16, 'param_1': 1}]
(Background on this error at: https://sqlalche.me/e/20/f405)
[2026-06-30 17:38:42] INFO in auth_crud: Successful Google login for email: rameshkannang24@gmail.com from IP: 172.69.123.162
[2026-06-30 17:39:16] INFO in auth_crud: Successful Google login for email: rameshkannang24@gmail.com from IP: 172.69.123.162
[2026-06-30 17:39:21] ERROR in main: Unhandled error on POST /jobs/public/39/view: (pymysql.err.ProgrammingError) (1146, "Table 'career_portal.job_view_logs' doesn't exist")
[SQL: SELECT job_view_logs.id AS job_view_logs_id, job_view_logs.job_id AS job_view_logs_job_id, job_view_logs.user_id AS job_view_logs_user_id, job_view_logs.viewed_at AS job_view_logs_viewed_at 
FROM job_view_logs 
WHERE job_view_logs.job_id = %(job_id_1)s AND job_view_logs.user_id = %(user_id_1)s 
 LIMIT %(param_1)s]
[parameters: {'job_id_1': 39, 'user_id_1': 16, 'param_1': 1}]
(Background on this error at: https://sqlalche.me/e/20/f405)
Traceback (most recent call last):
  File "/home/ubuntu/careerportal/mss-career-portal/app/linuxvenv/lib/python3.12/site-packages/sqlalchemy/engine/base.py", line 1969, in _exec_single_context
    self.dialect.do_execute(
  File "/home/ubuntu/careerportal/mss-career-portal/app/linuxvenv/lib/python3.12/site-packages/sqlalchemy/engine/default.py", line 952, in do_execute
    cursor.execute(statement, parameters)
  File "/home/ubuntu/careerportal/mss-career-portal/app/linuxvenv/lib/python3.12/site-packages/pymysql/cursors.py", line 159, in execute
    result = self._query(query)
             ^^^^^^^^^^^^^^^^^^
  File "/home/ubuntu/careerportal/mss-career-portal/app/linuxvenv/lib/python3.12/site-packages/pymysql/cursors.py", line 330, in _query
    conn.query(q)
  File "/home/ubuntu/careerportal/mss-career-portal/app/linuxvenv/lib/python3.12/site-packages/pymysql/connections.py", line 582, in query
    self._affected_rows = self._read_query_result(unbuffered=unbuffered)
                          ^^^^^^^^^^^^^^^^^^^^^^^^^^^^^^^^^^^^^^^^^^^^^^
  File "/home/ubuntu/careerportal/mss-career-portal/app/linuxvenv/lib/python3.12/site-packages/pymysql/connections.py", line 847, in _read_query_result
    result.read()
  File "/home/ubuntu/careerportal/mss-career-portal/app/linuxvenv/lib/python3.12/site-packages/pymysql/connections.py", line 1245, in read
    first_packet = self.connection._read_packet()
                   ^^^^^^^^^^^^^^^^^^^^^^^^^^^^^^
  File "/home/ubuntu/careerportal/mss-career-portal/app/linuxvenv/lib/python3.12/site-packages/pymysql/connections.py", line 803, in _read_packet
    packet.raise_for_error()
  File "/home/ubuntu/careerportal/mss-career-portal/app/linuxvenv/lib/python3.12/site-packages/pymysql/protocol.py", line 219, in raise_for_error
    err.raise_mysql_exception(self._data)
  File "/home/ubuntu/careerportal/mss-career-portal/app/linuxvenv/lib/python3.12/site-packages/pymysql/err.py", line 154, in raise_mysql_exception
    raise errorclass(errno, errval, sqlstate=sqlstate)
pymysql.err.ProgrammingError: (1146, "Table 'career_portal.job_view_logs' doesn't exist")

The above exception was the direct cause of the following exception:

Traceback (most recent call last):
  File "/home/ubuntu/careerportal/mss-career-portal/app/main.py", line 38, in dispatch
    return await call_next(request)
           ^^^^^^^^^^^^^^^^^^^^^^^^
  File "/home/ubuntu/careerportal/mss-career-portal/app/linuxvenv/lib/python3.12/site-packages/starlette/middleware/base.py", line 168, in call_next
    raise app_exc from app_exc.__cause__ or app_exc.__context__
  File "/home/ubuntu/careerportal/mss-career-portal/app/linuxvenv/lib/python3.12/site-packages/starlette/middleware/base.py", line 144, in coro
    await self.app(scope, receive_or_disconnect, send_no_error)
  File "/home/ubuntu/careerportal/mss-career-portal/app/linuxvenv/lib/python3.12/site-packages/starlette/middleware/exceptions.py", line 63, in __call__
    await wrap_app_handling_exceptions(self.app, conn)(scope, receive, send)
  File "/home/ubuntu/careerportal/mss-career-portal/app/linuxvenv/lib/python3.12/site-packages/starlette/_exception_handler.py", line 53, in wrapped_app
    raise exc
  File "/home/ubuntu/careerportal/mss-career-portal/app/linuxvenv/lib/python3.12/site-packages/starlette/_exception_handler.py", line 42, in wrapped_app
    await app(scope, receive, sender)
  File "/home/ubuntu/careerportal/mss-career-portal/app/linuxvenv/lib/python3.12/site-packages/fastapi/middleware/asyncexitstack.py", line 18, in __call__
    await self.app(scope, receive, send)
  File "/home/ubuntu/careerportal/mss-career-portal/app/linuxvenv/lib/python3.12/site-packages/starlette/routing.py", line 660, in __call__
    await self.middleware_stack(scope, receive, send)
  File "/home/ubuntu/careerportal/mss-career-portal/app/linuxvenv/lib/python3.12/site-packages/fastapi/routing.py", line 2531, in app
    await route.handle(scope, receive, send)
  File "/home/ubuntu/careerportal/mss-career-portal/app/linuxvenv/lib/python3.12/site-packages/fastapi/routing.py", line 1700, in handle
    await self.original_router.handle(scope, receive, send)
  File "/home/ubuntu/careerportal/mss-career-portal/app/linuxvenv/lib/python3.12/site-packages/fastapi/routing.py", line 2586, in handle
    await included_router._handle_selected(scope, receive, send)
  File "/home/ubuntu/careerportal/mss-career-portal/app/linuxvenv/lib/python3.12/site-packages/fastapi/routing.py", line 1720, in _handle_selected
    await original_route.handle(scope, receive, send)
  File "/home/ubuntu/careerportal/mss-career-portal/app/linuxvenv/lib/python3.12/site-packages/fastapi/routing.py", line 1239, in handle
    await app(scope, receive, send)
  File "/home/ubuntu/careerportal/mss-career-portal/app/linuxvenv/lib/python3.12/site-packages/fastapi/routing.py", line 150, in app
    await wrap_app_handling_exceptions(app, request)(scope, receive, send)
  File "/home/ubuntu/careerportal/mss-career-portal/app/linuxvenv/lib/python3.12/site-packages/starlette/_exception_handler.py", line 53, in wrapped_app
    raise exc
  File "/home/ubuntu/careerportal/mss-career-portal/app/linuxvenv/lib/python3.12/site-packages/starlette/_exception_handler.py", line 42, in wrapped_app
    await app(scope, receive, sender)
  File "/home/ubuntu/careerportal/mss-career-portal/app/linuxvenv/lib/python3.12/site-packages/fastapi/routing.py", line 136, in app
    response = await f(request)
               ^^^^^^^^^^^^^^^^
  File "/home/ubuntu/careerportal/mss-career-portal/app/linuxvenv/lib/python3.12/site-packages/fastapi/routing.py", line 690, in app
    raw_response = await run_endpoint_function(
                   ^^^^^^^^^^^^^^^^^^^^^^^^^^^^
  File "/home/ubuntu/careerportal/mss-career-portal/app/linuxvenv/lib/python3.12/site-packages/fastapi/routing.py", line 346, in run_endpoint_function
    return await run_in_threadpool(dependant.call, **values)
           ^^^^^^^^^^^^^^^^^^^^^^^^^^^^^^^^^^^^^^^^^^^^^^^^^
  File "/home/ubuntu/careerportal/mss-career-portal/app/linuxvenv/lib/python3.12/site-packages/starlette/concurrency.py", line 34, in run_in_threadpool
    return await anyio.to_thread.run_sync(func)
           ^^^^^^^^^^^^^^^^^^^^^^^^^^^^^^^^^^^^
  File "/home/ubuntu/careerportal/mss-career-portal/app/linuxvenv/lib/python3.12/site-packages/anyio/to_thread.py", line 63, in run_sync
    return await get_async_backend().run_sync_in_worker_thread(
           ^^^^^^^^^^^^^^^^^^^^^^^^^^^^^^^^^^^^^^^^^^^^^^^^^^^^
  File "/home/ubuntu/careerportal/mss-career-portal/app/linuxvenv/lib/python3.12/site-packages/anyio/_backends/_asyncio.py", line 2596, in run_sync_in_worker_thread
    return await future
           ^^^^^^^^^^^^
  File "/home/ubuntu/careerportal/mss-career-portal/app/linuxvenv/lib/python3.12/site-packages/anyio/_backends/_asyncio.py", line 1029, in run
    result = context.run(func, *args)
             ^^^^^^^^^^^^^^^^^^^^^^^^
  File "/home/ubuntu/careerportal/mss-career-portal/app/routes/jobs_route.py", line 252, in increment_job_view_route
    ).first()
      ^^^^^^^
  File "/home/ubuntu/careerportal/mss-career-portal/app/linuxvenv/lib/python3.12/site-packages/sqlalchemy/orm/query.py", line 2766, in first
    return self.limit(1)._iter().first()  # type: ignore
           ^^^^^^^^^^^^^^^^^^^^^
  File "/home/ubuntu/careerportal/mss-career-portal/app/linuxvenv/lib/python3.12/site-packages/sqlalchemy/orm/query.py", line 2864, in _iter
    result: Union[ScalarResult[_T], Result[_T]] = self.session.execute(
                                                  ^^^^^^^^^^^^^^^^^^^^^
  File "/home/ubuntu/careerportal/mss-career-portal/app/linuxvenv/lib/python3.12/site-packages/sqlalchemy/orm/session.py", line 2373, in execute
    return self._execute_internal(
           ^^^^^^^^^^^^^^^^^^^^^^^
  File "/home/ubuntu/careerportal/mss-career-portal/app/linuxvenv/lib/python3.12/site-packages/sqlalchemy/orm/session.py", line 2271, in _execute_internal
    result: Result[Any] = compile_state_cls.orm_execute_statement(
                          ^^^^^^^^^^^^^^^^^^^^^^^^^^^^^^^^^^^^^^^^
  File "/home/ubuntu/careerportal/mss-career-portal/app/linuxvenv/lib/python3.12/site-packages/sqlalchemy/orm/context.py", line 306, in orm_execute_statement
    result = conn.execute(
             ^^^^^^^^^^^^^
  File "/home/ubuntu/careerportal/mss-career-portal/app/linuxvenv/lib/python3.12/site-packages/sqlalchemy/engine/base.py", line 1421, in execute
    return meth(
           ^^^^^
  File "/home/ubuntu/careerportal/mss-career-portal/app/linuxvenv/lib/python3.12/site-packages/sqlalchemy/sql/elements.py", line 526, in _execute_on_connection
    return connection._execute_clauseelement(
           ^^^^^^^^^^^^^^^^^^^^^^^^^^^^^^^^^^
  File "/home/ubuntu/careerportal/mss-career-portal/app/linuxvenv/lib/python3.12/site-packages/sqlalchemy/engine/base.py", line 1643, in _execute_clauseelement
    ret = self._execute_context(
          ^^^^^^^^^^^^^^^^^^^^^^
  File "/home/ubuntu/careerportal/mss-career-portal/app/linuxvenv/lib/python3.12/site-packages/sqlalchemy/engine/base.py", line 1848, in _execute_context
    return self._exec_single_context(
           ^^^^^^^^^^^^^^^^^^^^^^^^^^
  File "/home/ubuntu/careerportal/mss-career-portal/app/linuxvenv/lib/python3.12/site-packages/sqlalchemy/engine/base.py", line 1988, in _exec_single_context
    self._handle_dbapi_exception(
  File "/home/ubuntu/careerportal/mss-career-portal/app/linuxvenv/lib/python3.12/site-packages/sqlalchemy/engine/base.py", line 2365, in _handle_dbapi_exception
    raise sqlalchemy_exception.with_traceback(exc_info[2]) from e
  File "/home/ubuntu/careerportal/mss-career-portal/app/linuxvenv/lib/python3.12/site-packages/sqlalchemy/engine/base.py", line 1969, in _exec_single_context
    self.dialect.do_execute(
  File "/home/ubuntu/careerportal/mss-career-portal/app/linuxvenv/lib/python3.12/site-packages/sqlalchemy/engine/default.py", line 952, in do_execute
    cursor.execute(statement, parameters)
  File "/home/ubuntu/careerportal/mss-career-portal/app/linuxvenv/lib/python3.12/site-packages/pymysql/cursors.py", line 159, in execute
    result = self._query(query)
             ^^^^^^^^^^^^^^^^^^
  File "/home/ubuntu/careerportal/mss-career-portal/app/linuxvenv/lib/python3.12/site-packages/pymysql/cursors.py", line 330, in _query
    conn.query(q)
  File "/home/ubuntu/careerportal/mss-career-portal/app/linuxvenv/lib/python3.12/site-packages/pymysql/connections.py", line 582, in query
    self._affected_rows = self._read_query_result(unbuffered=unbuffered)
                          ^^^^^^^^^^^^^^^^^^^^^^^^^^^^^^^^^^^^^^^^^^^^^^
  File "/home/ubuntu/careerportal/mss-career-portal/app/linuxvenv/lib/python3.12/site-packages/pymysql/connections.py", line 847, in _read_query_result
    result.read()
  File "/home/ubuntu/careerportal/mss-career-portal/app/linuxvenv/lib/python3.12/site-packages/pymysql/connections.py", line 1245, in read
    first_packet = self.connection._read_packet()
                   ^^^^^^^^^^^^^^^^^^^^^^^^^^^^^^
  File "/home/ubuntu/careerportal/mss-career-portal/app/linuxvenv/lib/python3.12/site-packages/pymysql/connections.py", line 803, in _read_packet
    packet.raise_for_error()
  File "/home/ubuntu/careerportal/mss-career-portal/app/linuxvenv/lib/python3.12/site-packages/pymysql/protocol.py", line 219, in raise_for_error
    err.raise_mysql_exception(self._data)
  File "/home/ubuntu/careerportal/mss-career-portal/app/linuxvenv/lib/python3.12/site-packages/pymysql/err.py", line 154, in raise_mysql_exception
    raise errorclass(errno, errval, sqlstate=sqlstate)
sqlalchemy.exc.ProgrammingError: (pymysql.err.ProgrammingError) (1146, "Table 'career_portal.job_view_logs' doesn't exist")
[SQL: SELECT job_view_logs.id AS job_view_logs_id, job_view_logs.job_id AS job_view_logs_job_id, job_view_logs.user_id AS job_view_logs_user_id, job_view_logs.viewed_at AS job_view_logs_viewed_at 
FROM job_view_logs 
WHERE job_view_logs.job_id = %(job_id_1)s AND job_view_logs.user_id = %(user_id_1)s 
 LIMIT %(param_1)s]
[parameters: {'job_id_1': 39, 'user_id_1': 16, 'param_1': 1}]
(Background on this error at: https://sqlalche.me/e/20/f405)
[2026-06-30 17:40:39] ERROR in main: Unhandled error on POST /jobs/public/39/view: (pymysql.err.ProgrammingError) (1146, "Table 'career_portal.job_view_logs' doesn't exist")
[SQL: SELECT job_view_logs.id AS job_view_logs_id, job_view_logs.job_id AS job_view_logs_job_id, job_view_logs.user_id AS job_view_logs_user_id, job_view_logs.viewed_at AS job_view_logs_viewed_at 
FROM job_view_logs 
WHERE job_view_logs.job_id = %(job_id_1)s AND job_view_logs.user_id = %(user_id_1)s 
 LIMIT %(param_1)s]
[parameters: {'job_id_1': 39, 'user_id_1': 16, 'param_1': 1}]
(Background on this error at: https://sqlalche.me/e/20/f405)
Traceback (most recent call last):
  File "/home/ubuntu/careerportal/mss-career-portal/app/linuxvenv/lib/python3.12/site-packages/sqlalchemy/engine/base.py", line 1969, in _exec_single_context
    self.dialect.do_execute(
  File "/home/ubuntu/careerportal/mss-career-portal/app/linuxvenv/lib/python3.12/site-packages/sqlalchemy/engine/default.py", line 952, in do_execute
    cursor.execute(statement, parameters)
  File "/home/ubuntu/careerportal/mss-career-portal/app/linuxvenv/lib/python3.12/site-packages/pymysql/cursors.py", line 159, in execute
    result = self._query(query)
             ^^^^^^^^^^^^^^^^^^
  File "/home/ubuntu/careerportal/mss-career-portal/app/linuxvenv/lib/python3.12/site-packages/pymysql/cursors.py", line 330, in _query
    conn.query(q)
  File "/home/ubuntu/careerportal/mss-career-portal/app/linuxvenv/lib/python3.12/site-packages/pymysql/connections.py", line 582, in query
    self._affected_rows = self._read_query_result(unbuffered=unbuffered)
                          ^^^^^^^^^^^^^^^^^^^^^^^^^^^^^^^^^^^^^^^^^^^^^^
  File "/home/ubuntu/careerportal/mss-career-portal/app/linuxvenv/lib/python3.12/site-packages/pymysql/connections.py", line 847, in _read_query_result
    result.read()
  File "/home/ubuntu/careerportal/mss-career-portal/app/linuxvenv/lib/python3.12/site-packages/pymysql/connections.py", line 1245, in read
    first_packet = self.connection._read_packet()
                   ^^^^^^^^^^^^^^^^^^^^^^^^^^^^^^
  File "/home/ubuntu/careerportal/mss-career-portal/app/linuxvenv/lib/python3.12/site-packages/pymysql/connections.py", line 803, in _read_packet
    packet.raise_for_error()
  File "/home/ubuntu/careerportal/mss-career-portal/app/linuxvenv/lib/python3.12/site-packages/pymysql/protocol.py", line 219, in raise_for_error
    err.raise_mysql_exception(self._data)
  File "/home/ubuntu/careerportal/mss-career-portal/app/linuxvenv/lib/python3.12/site-packages/pymysql/err.py", line 154, in raise_mysql_exception
    raise errorclass(errno, errval, sqlstate=sqlstate)
pymysql.err.ProgrammingError: (1146, "Table 'career_portal.job_view_logs' doesn't exist")

The above exception was the direct cause of the following exception:

Traceback (most recent call last):
  File "/home/ubuntu/careerportal/mss-career-portal/app/main.py", line 38, in dispatch
    return await call_next(request)
           ^^^^^^^^^^^^^^^^^^^^^^^^
  File "/home/ubuntu/careerportal/mss-career-portal/app/linuxvenv/lib/python3.12/site-packages/starlette/middleware/base.py", line 168, in call_next
    raise app_exc from app_exc.__cause__ or app_exc.__context__
  File "/home/ubuntu/careerportal/mss-career-portal/app/linuxvenv/lib/python3.12/site-packages/starlette/middleware/base.py", line 144, in coro
    await self.app(scope, receive_or_disconnect, send_no_error)
  File "/home/ubuntu/careerportal/mss-career-portal/app/linuxvenv/lib/python3.12/site-packages/starlette/middleware/exceptions.py", line 63, in __call__
    await wrap_app_handling_exceptions(self.app, conn)(scope, receive, send)
  File "/home/ubuntu/careerportal/mss-career-portal/app/linuxvenv/lib/python3.12/site-packages/starlette/_exception_handler.py", line 53, in wrapped_app
    raise exc
  File "/home/ubuntu/careerportal/mss-career-portal/app/linuxvenv/lib/python3.12/site-packages/starlette/_exception_handler.py", line 42, in wrapped_app
    await app(scope, receive, sender)
  File "/home/ubuntu/careerportal/mss-career-portal/app/linuxvenv/lib/python3.12/site-packages/fastapi/middleware/asyncexitstack.py", line 18, in __call__
    await self.app(scope, receive, send)
  File "/home/ubuntu/careerportal/mss-career-portal/app/linuxvenv/lib/python3.12/site-packages/starlette/routing.py", line 660, in __call__
    await self.middleware_stack(scope, receive, send)
  File "/home/ubuntu/careerportal/mss-career-portal/app/linuxvenv/lib/python3.12/site-packages/fastapi/routing.py", line 2531, in app
    await route.handle(scope, receive, send)
  File "/home/ubuntu/careerportal/mss-career-portal/app/linuxvenv/lib/python3.12/site-packages/fastapi/routing.py", line 1700, in handle
    await self.original_router.handle(scope, receive, send)
  File "/home/ubuntu/careerportal/mss-career-portal/app/linuxvenv/lib/python3.12/site-packages/fastapi/routing.py", line 2586, in handle
    await included_router._handle_selected(scope, receive, send)
  File "/home/ubuntu/careerportal/mss-career-portal/app/linuxvenv/lib/python3.12/site-packages/fastapi/routing.py", line 1720, in _handle_selected
    await original_route.handle(scope, receive, send)
  File "/home/ubuntu/careerportal/mss-career-portal/app/linuxvenv/lib/python3.12/site-packages/fastapi/routing.py", line 1239, in handle
    await app(scope, receive, send)
  File "/home/ubuntu/careerportal/mss-career-portal/app/linuxvenv/lib/python3.12/site-packages/fastapi/routing.py", line 150, in app
    await wrap_app_handling_exceptions(app, request)(scope, receive, send)
  File "/home/ubuntu/careerportal/mss-career-portal/app/linuxvenv/lib/python3.12/site-packages/starlette/_exception_handler.py", line 53, in wrapped_app
    raise exc
  File "/home/ubuntu/careerportal/mss-career-portal/app/linuxvenv/lib/python3.12/site-packages/starlette/_exception_handler.py", line 42, in wrapped_app
    await app(scope, receive, sender)
  File "/home/ubuntu/careerportal/mss-career-portal/app/linuxvenv/lib/python3.12/site-packages/fastapi/routing.py", line 136, in app
    response = await f(request)
               ^^^^^^^^^^^^^^^^
  File "/home/ubuntu/careerportal/mss-career-portal/app/linuxvenv/lib/python3.12/site-packages/fastapi/routing.py", line 690, in app
    raw_response = await run_endpoint_function(
                   ^^^^^^^^^^^^^^^^^^^^^^^^^^^^
  File "/home/ubuntu/careerportal/mss-career-portal/app/linuxvenv/lib/python3.12/site-packages/fastapi/routing.py", line 346, in run_endpoint_function
    return await run_in_threadpool(dependant.call, **values)
           ^^^^^^^^^^^^^^^^^^^^^^^^^^^^^^^^^^^^^^^^^^^^^^^^^
  File "/home/ubuntu/careerportal/mss-career-portal/app/linuxvenv/lib/python3.12/site-packages/starlette/concurrency.py", line 34, in run_in_threadpool
    return await anyio.to_thread.run_sync(func)
           ^^^^^^^^^^^^^^^^^^^^^^^^^^^^^^^^^^^^
  File "/home/ubuntu/careerportal/mss-career-portal/app/linuxvenv/lib/python3.12/site-packages/anyio/to_thread.py", line 63, in run_sync
    return await get_async_backend().run_sync_in_worker_thread(
           ^^^^^^^^^^^^^^^^^^^^^^^^^^^^^^^^^^^^^^^^^^^^^^^^^^^^
  File "/home/ubuntu/careerportal/mss-career-portal/app/linuxvenv/lib/python3.12/site-packages/anyio/_backends/_asyncio.py", line 2596, in run_sync_in_worker_thread
    return await future
           ^^^^^^^^^^^^
  File "/home/ubuntu/careerportal/mss-career-portal/app/linuxvenv/lib/python3.12/site-packages/anyio/_backends/_asyncio.py", line 1029, in run
    result = context.run(func, *args)
             ^^^^^^^^^^^^^^^^^^^^^^^^
  File "/home/ubuntu/careerportal/mss-career-portal/app/routes/jobs_route.py", line 252, in increment_job_view_route
    ).first()
      ^^^^^^^
  File "/home/ubuntu/careerportal/mss-career-portal/app/linuxvenv/lib/python3.12/site-packages/sqlalchemy/orm/query.py", line 2766, in first
    return self.limit(1)._iter().first()  # type: ignore
           ^^^^^^^^^^^^^^^^^^^^^
  File "/home/ubuntu/careerportal/mss-career-portal/app/linuxvenv/lib/python3.12/site-packages/sqlalchemy/orm/query.py", line 2864, in _iter
    result: Union[ScalarResult[_T], Result[_T]] = self.session.execute(
                                                  ^^^^^^^^^^^^^^^^^^^^^
  File "/home/ubuntu/careerportal/mss-career-portal/app/linuxvenv/lib/python3.12/site-packages/sqlalchemy/orm/session.py", line 2373, in execute
    return self._execute_internal(
           ^^^^^^^^^^^^^^^^^^^^^^^
  File "/home/ubuntu/careerportal/mss-career-portal/app/linuxvenv/lib/python3.12/site-packages/sqlalchemy/orm/session.py", line 2271, in _execute_internal
    result: Result[Any] = compile_state_cls.orm_execute_statement(
                          ^^^^^^^^^^^^^^^^^^^^^^^^^^^^^^^^^^^^^^^^
  File "/home/ubuntu/careerportal/mss-career-portal/app/linuxvenv/lib/python3.12/site-packages/sqlalchemy/orm/context.py", line 306, in orm_execute_statement
    result = conn.execute(
             ^^^^^^^^^^^^^
  File "/home/ubuntu/careerportal/mss-career-portal/app/linuxvenv/lib/python3.12/site-packages/sqlalchemy/engine/base.py", line 1421, in execute
    return meth(
           ^^^^^
  File "/home/ubuntu/careerportal/mss-career-portal/app/linuxvenv/lib/python3.12/site-packages/sqlalchemy/sql/elements.py", line 526, in _execute_on_connection
    return connection._execute_clauseelement(
           ^^^^^^^^^^^^^^^^^^^^^^^^^^^^^^^^^^
  File "/home/ubuntu/careerportal/mss-career-portal/app/linuxvenv/lib/python3.12/site-packages/sqlalchemy/engine/base.py", line 1643, in _execute_clauseelement
    ret = self._execute_context(
          ^^^^^^^^^^^^^^^^^^^^^^
  File "/home/ubuntu/careerportal/mss-career-portal/app/linuxvenv/lib/python3.12/site-packages/sqlalchemy/engine/base.py", line 1848, in _execute_context
    return self._exec_single_context(
           ^^^^^^^^^^^^^^^^^^^^^^^^^^
  File "/home/ubuntu/careerportal/mss-career-portal/app/linuxvenv/lib/python3.12/site-packages/sqlalchemy/engine/base.py", line 1988, in _exec_single_context
    self._handle_dbapi_exception(
  File "/home/ubuntu/careerportal/mss-career-portal/app/linuxvenv/lib/python3.12/site-packages/sqlalchemy/engine/base.py", line 2365, in _handle_dbapi_exception
    raise sqlalchemy_exception.with_traceback(exc_info[2]) from e
  File "/home/ubuntu/careerportal/mss-career-portal/app/linuxvenv/lib/python3.12/site-packages/sqlalchemy/engine/base.py", line 1969, in _exec_single_context
    self.dialect.do_execute(
  File "/home/ubuntu/careerportal/mss-career-portal/app/linuxvenv/lib/python3.12/site-packages/sqlalchemy/engine/default.py", line 952, in do_execute
    cursor.execute(statement, parameters)
  File "/home/ubuntu/careerportal/mss-career-portal/app/linuxvenv/lib/python3.12/site-packages/pymysql/cursors.py", line 159, in execute
    result = self._query(query)
             ^^^^^^^^^^^^^^^^^^
  File "/home/ubuntu/careerportal/mss-career-portal/app/linuxvenv/lib/python3.12/site-packages/pymysql/cursors.py", line 330, in _query
    conn.query(q)
  File "/home/ubuntu/careerportal/mss-career-portal/app/linuxvenv/lib/python3.12/site-packages/pymysql/connections.py", line 582, in query
    self._affected_rows = self._read_query_result(unbuffered=unbuffered)
                          ^^^^^^^^^^^^^^^^^^^^^^^^^^^^^^^^^^^^^^^^^^^^^^
  File "/home/ubuntu/careerportal/mss-career-portal/app/linuxvenv/lib/python3.12/site-packages/pymysql/connections.py", line 847, in _read_query_result
    result.read()
  File "/home/ubuntu/careerportal/mss-career-portal/app/linuxvenv/lib/python3.12/site-packages/pymysql/connections.py", line 1245, in read
    first_packet = self.connection._read_packet()
                   ^^^^^^^^^^^^^^^^^^^^^^^^^^^^^^
  File "/home/ubuntu/careerportal/mss-career-portal/app/linuxvenv/lib/python3.12/site-packages/pymysql/connections.py", line 803, in _read_packet
    packet.raise_for_error()
  File "/home/ubuntu/careerportal/mss-career-portal/app/linuxvenv/lib/python3.12/site-packages/pymysql/protocol.py", line 219, in raise_for_error
    err.raise_mysql_exception(self._data)
  File "/home/ubuntu/careerportal/mss-career-portal/app/linuxvenv/lib/python3.12/site-packages/pymysql/err.py", line 154, in raise_mysql_exception
    raise errorclass(errno, errval, sqlstate=sqlstate)
sqlalchemy.exc.ProgrammingError: (pymysql.err.ProgrammingError) (1146, "Table 'career_portal.job_view_logs' doesn't exist")
[SQL: SELECT job_view_logs.id AS job_view_logs_id, job_view_logs.job_id AS job_view_logs_job_id, job_view_logs.user_id AS job_view_logs_user_id, job_view_logs.viewed_at AS job_view_logs_viewed_at 
FROM job_view_logs 
WHERE job_view_logs.job_id = %(job_id_1)s AND job_view_logs.user_id = %(user_id_1)s 
 LIMIT %(param_1)s]
[parameters: {'job_id_1': 39, 'user_id_1': 16, 'param_1': 1}]
(Background on this error at: https://sqlalche.me/e/20/f405)
[2026-06-30 17:41:26] ERROR in main: Unhandled error on POST /jobs/public/39/view: (pymysql.err.ProgrammingError) (1146, "Table 'career_portal.job_view_logs' doesn't exist")
[SQL: SELECT job_view_logs.id AS job_view_logs_id, job_view_logs.job_id AS job_view_logs_job_id, job_view_logs.user_id AS job_view_logs_user_id, job_view_logs.viewed_at AS job_view_logs_viewed_at 
FROM job_view_logs 
WHERE job_view_logs.job_id = %(job_id_1)s AND job_view_logs.user_id = %(user_id_1)s 
 LIMIT %(param_1)s]
[parameters: {'job_id_1': 39, 'user_id_1': 16, 'param_1': 1}]
(Background on this error at: https://sqlalche.me/e/20/f405)
Traceback (most recent call last):
  File "/home/ubuntu/careerportal/mss-career-portal/app/linuxvenv/lib/python3.12/site-packages/sqlalchemy/engine/base.py", line 1969, in _exec_single_context
    self.dialect.do_execute(
  File "/home/ubuntu/careerportal/mss-career-portal/app/linuxvenv/lib/python3.12/site-packages/sqlalchemy/engine/default.py", line 952, in do_execute
    cursor.execute(statement, parameters)
  File "/home/ubuntu/careerportal/mss-career-portal/app/linuxvenv/lib/python3.12/site-packages/pymysql/cursors.py", line 159, in execute
    result = self._query(query)
             ^^^^^^^^^^^^^^^^^^
  File "/home/ubuntu/careerportal/mss-career-portal/app/linuxvenv/lib/python3.12/site-packages/pymysql/cursors.py", line 330, in _query
    conn.query(q)
  File "/home/ubuntu/careerportal/mss-career-portal/app/linuxvenv/lib/python3.12/site-packages/pymysql/connections.py", line 582, in query
    self._affected_rows = self._read_query_result(unbuffered=unbuffered)
                          ^^^^^^^^^^^^^^^^^^^^^^^^^^^^^^^^^^^^^^^^^^^^^^
  File "/home/ubuntu/careerportal/mss-career-portal/app/linuxvenv/lib/python3.12/site-packages/pymysql/connections.py", line 847, in _read_query_result
    result.read()
  File "/home/ubuntu/careerportal/mss-career-portal/app/linuxvenv/lib/python3.12/site-packages/pymysql/connections.py", line 1245, in read
    first_packet = self.connection._read_packet()
                   ^^^^^^^^^^^^^^^^^^^^^^^^^^^^^^
  File "/home/ubuntu/careerportal/mss-career-portal/app/linuxvenv/lib/python3.12/site-packages/pymysql/connections.py", line 803, in _read_packet
    packet.raise_for_error()
  File "/home/ubuntu/careerportal/mss-career-portal/app/linuxvenv/lib/python3.12/site-packages/pymysql/protocol.py", line 219, in raise_for_error
    err.raise_mysql_exception(self._data)
  File "/home/ubuntu/careerportal/mss-career-portal/app/linuxvenv/lib/python3.12/site-packages/pymysql/err.py", line 154, in raise_mysql_exception
    raise errorclass(errno, errval, sqlstate=sqlstate)
pymysql.err.ProgrammingError: (1146, "Table 'career_portal.job_view_logs' doesn't exist")

The above exception was the direct cause of the following exception:

Traceback (most recent call last):
  File "/home/ubuntu/careerportal/mss-career-portal/app/main.py", line 38, in dispatch
    return await call_next(request)
           ^^^^^^^^^^^^^^^^^^^^^^^^
  File "/home/ubuntu/careerportal/mss-career-portal/app/linuxvenv/lib/python3.12/site-packages/starlette/middleware/base.py", line 168, in call_next
    raise app_exc from app_exc.__cause__ or app_exc.__context__
  File "/home/ubuntu/careerportal/mss-career-portal/app/linuxvenv/lib/python3.12/site-packages/starlette/middleware/base.py", line 144, in coro
    await self.app(scope, receive_or_disconnect, send_no_error)
  File "/home/ubuntu/careerportal/mss-career-portal/app/linuxvenv/lib/python3.12/site-packages/starlette/middleware/exceptions.py", line 63, in __call__
    await wrap_app_handling_exceptions(self.app, conn)(scope, receive, send)
  File "/home/ubuntu/careerportal/mss-career-portal/app/linuxvenv/lib/python3.12/site-packages/starlette/_exception_handler.py", line 53, in wrapped_app
    raise exc
  File "/home/ubuntu/careerportal/mss-career-portal/app/linuxvenv/lib/python3.12/site-packages/starlette/_exception_handler.py", line 42, in wrapped_app
    await app(scope, receive, sender)
  File "/home/ubuntu/careerportal/mss-career-portal/app/linuxvenv/lib/python3.12/site-packages/fastapi/middleware/asyncexitstack.py", line 18, in __call__
    await self.app(scope, receive, send)
  File "/home/ubuntu/careerportal/mss-career-portal/app/linuxvenv/lib/python3.12/site-packages/starlette/routing.py", line 660, in __call__
    await self.middleware_stack(scope, receive, send)
  File "/home/ubuntu/careerportal/mss-career-portal/app/linuxvenv/lib/python3.12/site-packages/fastapi/routing.py", line 2531, in app
    await route.handle(scope, receive, send)
  File "/home/ubuntu/careerportal/mss-career-portal/app/linuxvenv/lib/python3.12/site-packages/fastapi/routing.py", line 1700, in handle
    await self.original_router.handle(scope, receive, send)
  File "/home/ubuntu/careerportal/mss-career-portal/app/linuxvenv/lib/python3.12/site-packages/fastapi/routing.py", line 2586, in handle
    await included_router._handle_selected(scope, receive, send)
  File "/home/ubuntu/careerportal/mss-career-portal/app/linuxvenv/lib/python3.12/site-packages/fastapi/routing.py", line 1720, in _handle_selected
    await original_route.handle(scope, receive, send)
  File "/home/ubuntu/careerportal/mss-career-portal/app/linuxvenv/lib/python3.12/site-packages/fastapi/routing.py", line 1239, in handle
    await app(scope, receive, send)
  File "/home/ubuntu/careerportal/mss-career-portal/app/linuxvenv/lib/python3.12/site-packages/fastapi/routing.py", line 150, in app
    await wrap_app_handling_exceptions(app, request)(scope, receive, send)
  File "/home/ubuntu/careerportal/mss-career-portal/app/linuxvenv/lib/python3.12/site-packages/starlette/_exception_handler.py", line 53, in wrapped_app
    raise exc
  File "/home/ubuntu/careerportal/mss-career-portal/app/linuxvenv/lib/python3.12/site-packages/starlette/_exception_handler.py", line 42, in wrapped_app
    await app(scope, receive, sender)
  File "/home/ubuntu/careerportal/mss-career-portal/app/linuxvenv/lib/python3.12/site-packages/fastapi/routing.py", line 136, in app
    response = await f(request)
               ^^^^^^^^^^^^^^^^
  File "/home/ubuntu/careerportal/mss-career-portal/app/linuxvenv/lib/python3.12/site-packages/fastapi/routing.py", line 690, in app
    raw_response = await run_endpoint_function(
                   ^^^^^^^^^^^^^^^^^^^^^^^^^^^^
  File "/home/ubuntu/careerportal/mss-career-portal/app/linuxvenv/lib/python3.12/site-packages/fastapi/routing.py", line 346, in run_endpoint_function
    return await run_in_threadpool(dependant.call, **values)
           ^^^^^^^^^^^^^^^^^^^^^^^^^^^^^^^^^^^^^^^^^^^^^^^^^
  File "/home/ubuntu/careerportal/mss-career-portal/app/linuxvenv/lib/python3.12/site-packages/starlette/concurrency.py", line 34, in run_in_threadpool
    return await anyio.to_thread.run_sync(func)
           ^^^^^^^^^^^^^^^^^^^^^^^^^^^^^^^^^^^^
  File "/home/ubuntu/careerportal/mss-career-portal/app/linuxvenv/lib/python3.12/site-packages/anyio/to_thread.py", line 63, in run_sync
    return await get_async_backend().run_sync_in_worker_thread(
           ^^^^^^^^^^^^^^^^^^^^^^^^^^^^^^^^^^^^^^^^^^^^^^^^^^^^
  File "/home/ubuntu/careerportal/mss-career-portal/app/linuxvenv/lib/python3.12/site-packages/anyio/_backends/_asyncio.py", line 2596, in run_sync_in_worker_thread
    return await future
           ^^^^^^^^^^^^
  File "/home/ubuntu/careerportal/mss-career-portal/app/linuxvenv/lib/python3.12/site-packages/anyio/_backends/_asyncio.py", line 1029, in run
    result = context.run(func, *args)
             ^^^^^^^^^^^^^^^^^^^^^^^^
  File "/home/ubuntu/careerportal/mss-career-portal/app/routes/jobs_route.py", line 252, in increment_job_view_route
    ).first()
      ^^^^^^^
  File "/home/ubuntu/careerportal/mss-career-portal/app/linuxvenv/lib/python3.12/site-packages/sqlalchemy/orm/query.py", line 2766, in first
    return self.limit(1)._iter().first()  # type: ignore
           ^^^^^^^^^^^^^^^^^^^^^
  File "/home/ubuntu/careerportal/mss-career-portal/app/linuxvenv/lib/python3.12/site-packages/sqlalchemy/orm/query.py", line 2864, in _iter
    result: Union[ScalarResult[_T], Result[_T]] = self.session.execute(
                                                  ^^^^^^^^^^^^^^^^^^^^^
  File "/home/ubuntu/careerportal/mss-career-portal/app/linuxvenv/lib/python3.12/site-packages/sqlalchemy/orm/session.py", line 2373, in execute
    return self._execute_internal(
           ^^^^^^^^^^^^^^^^^^^^^^^
  File "/home/ubuntu/careerportal/mss-career-portal/app/linuxvenv/lib/python3.12/site-packages/sqlalchemy/orm/session.py", line 2271, in _execute_internal
    result: Result[Any] = compile_state_cls.orm_execute_statement(
                          ^^^^^^^^^^^^^^^^^^^^^^^^^^^^^^^^^^^^^^^^
  File "/home/ubuntu/careerportal/mss-career-portal/app/linuxvenv/lib/python3.12/site-packages/sqlalchemy/orm/context.py", line 306, in orm_execute_statement
    result = conn.execute(
             ^^^^^^^^^^^^^
  File "/home/ubuntu/careerportal/mss-career-portal/app/linuxvenv/lib/python3.12/site-packages/sqlalchemy/engine/base.py", line 1421, in execute
    return meth(
           ^^^^^
  File "/home/ubuntu/careerportal/mss-career-portal/app/linuxvenv/lib/python3.12/site-packages/sqlalchemy/sql/elements.py", line 526, in _execute_on_connection
    return connection._execute_clauseelement(
           ^^^^^^^^^^^^^^^^^^^^^^^^^^^^^^^^^^
  File "/home/ubuntu/careerportal/mss-career-portal/app/linuxvenv/lib/python3.12/site-packages/sqlalchemy/engine/base.py", line 1643, in _execute_clauseelement
    ret = self._execute_context(
          ^^^^^^^^^^^^^^^^^^^^^^
  File "/home/ubuntu/careerportal/mss-career-portal/app/linuxvenv/lib/python3.12/site-packages/sqlalchemy/engine/base.py", line 1848, in _execute_context
    return self._exec_single_context(
           ^^^^^^^^^^^^^^^^^^^^^^^^^^
  File "/home/ubuntu/careerportal/mss-career-portal/app/linuxvenv/lib/python3.12/site-packages/sqlalchemy/engine/base.py", line 1988, in _exec_single_context
    self._handle_dbapi_exception(
  File "/home/ubuntu/careerportal/mss-career-portal/app/linuxvenv/lib/python3.12/site-packages/sqlalchemy/engine/base.py", line 2365, in _handle_dbapi_exception
    raise sqlalchemy_exception.with_traceback(exc_info[2]) from e
  File "/home/ubuntu/careerportal/mss-career-portal/app/linuxvenv/lib/python3.12/site-packages/sqlalchemy/engine/base.py", line 1969, in _exec_single_context
    self.dialect.do_execute(
  File "/home/ubuntu/careerportal/mss-career-portal/app/linuxvenv/lib/python3.12/site-packages/sqlalchemy/engine/default.py", line 952, in do_execute
    cursor.execute(statement, parameters)
  File "/home/ubuntu/careerportal/mss-career-portal/app/linuxvenv/lib/python3.12/site-packages/pymysql/cursors.py", line 159, in execute
    result = self._query(query)
             ^^^^^^^^^^^^^^^^^^
  File "/home/ubuntu/careerportal/mss-career-portal/app/linuxvenv/lib/python3.12/site-packages/pymysql/cursors.py", line 330, in _query
    conn.query(q)
  File "/home/ubuntu/careerportal/mss-career-portal/app/linuxvenv/lib/python3.12/site-packages/pymysql/connections.py", line 582, in query
    self._affected_rows = self._read_query_result(unbuffered=unbuffered)
                          ^^^^^^^^^^^^^^^^^^^^^^^^^^^^^^^^^^^^^^^^^^^^^^
  File "/home/ubuntu/careerportal/mss-career-portal/app/linuxvenv/lib/python3.12/site-packages/pymysql/connections.py", line 847, in _read_query_result
    result.read()
  File "/home/ubuntu/careerportal/mss-career-portal/app/linuxvenv/lib/python3.12/site-packages/pymysql/connections.py", line 1245, in read
    first_packet = self.connection._read_packet()
                   ^^^^^^^^^^^^^^^^^^^^^^^^^^^^^^
  File "/home/ubuntu/careerportal/mss-career-portal/app/linuxvenv/lib/python3.12/site-packages/pymysql/connections.py", line 803, in _read_packet
    packet.raise_for_error()
  File "/home/ubuntu/careerportal/mss-career-portal/app/linuxvenv/lib/python3.12/site-packages/pymysql/protocol.py", line 219, in raise_for_error
    err.raise_mysql_exception(self._data)
  File "/home/ubuntu/careerportal/mss-career-portal/app/linuxvenv/lib/python3.12/site-packages/pymysql/err.py", line 154, in raise_mysql_exception
    raise errorclass(errno, errval, sqlstate=sqlstate)
sqlalchemy.exc.ProgrammingError: (pymysql.err.ProgrammingError) (1146, "Table 'career_portal.job_view_logs' doesn't exist")
[SQL: SELECT job_view_logs.id AS job_view_logs_id, job_view_logs.job_id AS job_view_logs_job_id, job_view_logs.user_id AS job_view_logs_user_id, job_view_logs.viewed_at AS job_view_logs_viewed_at 
FROM job_view_logs 
WHERE job_view_logs.job_id = %(job_id_1)s AND job_view_logs.user_id = %(user_id_1)s 
 LIMIT %(param_1)s]
[parameters: {'job_id_1': 39, 'user_id_1': 16, 'param_1': 1}]
(Background on this error at: https://sqlalche.me/e/20/f405)
[2026-06-30 17:44:38] INFO in config: Constructing the database URL from environment variables.
[2026-06-30 17:44:38] INFO in database: Database engine created successfully.
[2026-06-30 17:44:39] INFO in main: FastAPI application has started successfully.
[2026-06-30 17:44:45] ERROR in main: Unhandled error on POST /jobs/public/39/view: (pymysql.err.ProgrammingError) (1146, "Table 'career_portal.job_view_logs' doesn't exist")
[SQL: SELECT job_view_logs.id AS job_view_logs_id, job_view_logs.job_id AS job_view_logs_job_id, job_view_logs.user_id AS job_view_logs_user_id, job_view_logs.viewed_at AS job_view_logs_viewed_at 
FROM job_view_logs 
WHERE job_view_logs.job_id = %(job_id_1)s AND job_view_logs.user_id = %(user_id_1)s 
 LIMIT %(param_1)s]
[parameters: {'job_id_1': 39, 'user_id_1': 16, 'param_1': 1}]
(Background on this error at: https://sqlalche.me/e/20/f405)
Traceback (most recent call last):
  File "/home/ubuntu/careerportal/mss-career-portal/app/linuxvenv/lib/python3.12/site-packages/sqlalchemy/engine/base.py", line 1969, in _exec_single_context
    self.dialect.do_execute(
  File "/home/ubuntu/careerportal/mss-career-portal/app/linuxvenv/lib/python3.12/site-packages/sqlalchemy/engine/default.py", line 952, in do_execute
    cursor.execute(statement, parameters)
  File "/home/ubuntu/careerportal/mss-career-portal/app/linuxvenv/lib/python3.12/site-packages/pymysql/cursors.py", line 159, in execute
    result = self._query(query)
             ^^^^^^^^^^^^^^^^^^
  File "/home/ubuntu/careerportal/mss-career-portal/app/linuxvenv/lib/python3.12/site-packages/pymysql/cursors.py", line 330, in _query
    conn.query(q)
  File "/home/ubuntu/careerportal/mss-career-portal/app/linuxvenv/lib/python3.12/site-packages/pymysql/connections.py", line 582, in query
    self._affected_rows = self._read_query_result(unbuffered=unbuffered)
                          ^^^^^^^^^^^^^^^^^^^^^^^^^^^^^^^^^^^^^^^^^^^^^^
  File "/home/ubuntu/careerportal/mss-career-portal/app/linuxvenv/lib/python3.12/site-packages/pymysql/connections.py", line 847, in _read_query_result
    result.read()
  File "/home/ubuntu/careerportal/mss-career-portal/app/linuxvenv/lib/python3.12/site-packages/pymysql/connections.py", line 1245, in read
    first_packet = self.connection._read_packet()
                   ^^^^^^^^^^^^^^^^^^^^^^^^^^^^^^
  File "/home/ubuntu/careerportal/mss-career-portal/app/linuxvenv/lib/python3.12/site-packages/pymysql/connections.py", line 803, in _read_packet
    packet.raise_for_error()
  File "/home/ubuntu/careerportal/mss-career-portal/app/linuxvenv/lib/python3.12/site-packages/pymysql/protocol.py", line 219, in raise_for_error
    err.raise_mysql_exception(self._data)
  File "/home/ubuntu/careerportal/mss-career-portal/app/linuxvenv/lib/python3.12/site-packages/pymysql/err.py", line 154, in raise_mysql_exception
    raise errorclass(errno, errval, sqlstate=sqlstate)
pymysql.err.ProgrammingError: (1146, "Table 'career_portal.job_view_logs' doesn't exist")

The above exception was the direct cause of the following exception:

Traceback (most recent call last):
  File "/home/ubuntu/careerportal/mss-career-portal/app/main.py", line 38, in dispatch
    return await call_next(request)
           ^^^^^^^^^^^^^^^^^^^^^^^^
  File "/home/ubuntu/careerportal/mss-career-portal/app/linuxvenv/lib/python3.12/site-packages/starlette/middleware/base.py", line 168, in call_next
    raise app_exc from app_exc.__cause__ or app_exc.__context__
  File "/home/ubuntu/careerportal/mss-career-portal/app/linuxvenv/lib/python3.12/site-packages/starlette/middleware/base.py", line 144, in coro
    await self.app(scope, receive_or_disconnect, send_no_error)
  File "/home/ubuntu/careerportal/mss-career-portal/app/linuxvenv/lib/python3.12/site-packages/starlette/middleware/exceptions.py", line 63, in __call__
    await wrap_app_handling_exceptions(self.app, conn)(scope, receive, send)
  File "/home/ubuntu/careerportal/mss-career-portal/app/linuxvenv/lib/python3.12/site-packages/starlette/_exception_handler.py", line 53, in wrapped_app
    raise exc
  File "/home/ubuntu/careerportal/mss-career-portal/app/linuxvenv/lib/python3.12/site-packages/starlette/_exception_handler.py", line 42, in wrapped_app
    await app(scope, receive, sender)
  File "/home/ubuntu/careerportal/mss-career-portal/app/linuxvenv/lib/python3.12/site-packages/fastapi/middleware/asyncexitstack.py", line 18, in __call__
    await self.app(scope, receive, send)
  File "/home/ubuntu/careerportal/mss-career-portal/app/linuxvenv/lib/python3.12/site-packages/starlette/routing.py", line 660, in __call__
    await self.middleware_stack(scope, receive, send)
  File "/home/ubuntu/careerportal/mss-career-portal/app/linuxvenv/lib/python3.12/site-packages/fastapi/routing.py", line 2531, in app
    await route.handle(scope, receive, send)
  File "/home/ubuntu/careerportal/mss-career-portal/app/linuxvenv/lib/python3.12/site-packages/fastapi/routing.py", line 1700, in handle
    await self.original_router.handle(scope, receive, send)
  File "/home/ubuntu/careerportal/mss-career-portal/app/linuxvenv/lib/python3.12/site-packages/fastapi/routing.py", line 2586, in handle
    await included_router._handle_selected(scope, receive, send)
  File "/home/ubuntu/careerportal/mss-career-portal/app/linuxvenv/lib/python3.12/site-packages/fastapi/routing.py", line 1720, in _handle_selected
    await original_route.handle(scope, receive, send)
  File "/home/ubuntu/careerportal/mss-career-portal/app/linuxvenv/lib/python3.12/site-packages/fastapi/routing.py", line 1239, in handle
    await app(scope, receive, send)
  File "/home/ubuntu/careerportal/mss-career-portal/app/linuxvenv/lib/python3.12/site-packages/fastapi/routing.py", line 150, in app
    await wrap_app_handling_exceptions(app, request)(scope, receive, send)
  File "/home/ubuntu/careerportal/mss-career-portal/app/linuxvenv/lib/python3.12/site-packages/starlette/_exception_handler.py", line 53, in wrapped_app
    raise exc
  File "/home/ubuntu/careerportal/mss-career-portal/app/linuxvenv/lib/python3.12/site-packages/starlette/_exception_handler.py", line 42, in wrapped_app
    await app(scope, receive, sender)
  File "/home/ubuntu/careerportal/mss-career-portal/app/linuxvenv/lib/python3.12/site-packages/fastapi/routing.py", line 136, in app
    response = await f(request)
               ^^^^^^^^^^^^^^^^
  File "/home/ubuntu/careerportal/mss-career-portal/app/linuxvenv/lib/python3.12/site-packages/fastapi/routing.py", line 690, in app
    raw_response = await run_endpoint_function(
                   ^^^^^^^^^^^^^^^^^^^^^^^^^^^^
  File "/home/ubuntu/careerportal/mss-career-portal/app/linuxvenv/lib/python3.12/site-packages/fastapi/routing.py", line 346, in run_endpoint_function
    return await run_in_threadpool(dependant.call, **values)
           ^^^^^^^^^^^^^^^^^^^^^^^^^^^^^^^^^^^^^^^^^^^^^^^^^
  File "/home/ubuntu/careerportal/mss-career-portal/app/linuxvenv/lib/python3.12/site-packages/starlette/concurrency.py", line 34, in run_in_threadpool
    return await anyio.to_thread.run_sync(func)
           ^^^^^^^^^^^^^^^^^^^^^^^^^^^^^^^^^^^^
  File "/home/ubuntu/careerportal/mss-career-portal/app/linuxvenv/lib/python3.12/site-packages/anyio/to_thread.py", line 63, in run_sync
    return await get_async_backend().run_sync_in_worker_thread(
           ^^^^^^^^^^^^^^^^^^^^^^^^^^^^^^^^^^^^^^^^^^^^^^^^^^^^
  File "/home/ubuntu/careerportal/mss-career-portal/app/linuxvenv/lib/python3.12/site-packages/anyio/_backends/_asyncio.py", line 2596, in run_sync_in_worker_thread
    return await future
           ^^^^^^^^^^^^
  File "/home/ubuntu/careerportal/mss-career-portal/app/linuxvenv/lib/python3.12/site-packages/anyio/_backends/_asyncio.py", line 1029, in run
    result = context.run(func, *args)
             ^^^^^^^^^^^^^^^^^^^^^^^^
  File "/home/ubuntu/careerportal/mss-career-portal/app/routes/jobs_route.py", line 252, in increment_job_view_route
    ).first()
      ^^^^^^^
  File "/home/ubuntu/careerportal/mss-career-portal/app/linuxvenv/lib/python3.12/site-packages/sqlalchemy/orm/query.py", line 2766, in first
    return self.limit(1)._iter().first()  # type: ignore
           ^^^^^^^^^^^^^^^^^^^^^
  File "/home/ubuntu/careerportal/mss-career-portal/app/linuxvenv/lib/python3.12/site-packages/sqlalchemy/orm/query.py", line 2864, in _iter
    result: Union[ScalarResult[_T], Result[_T]] = self.session.execute(
                                                  ^^^^^^^^^^^^^^^^^^^^^
  File "/home/ubuntu/careerportal/mss-career-portal/app/linuxvenv/lib/python3.12/site-packages/sqlalchemy/orm/session.py", line 2373, in execute
    return self._execute_internal(
           ^^^^^^^^^^^^^^^^^^^^^^^
  File "/home/ubuntu/careerportal/mss-career-portal/app/linuxvenv/lib/python3.12/site-packages/sqlalchemy/orm/session.py", line 2271, in _execute_internal
    result: Result[Any] = compile_state_cls.orm_execute_statement(
                          ^^^^^^^^^^^^^^^^^^^^^^^^^^^^^^^^^^^^^^^^
  File "/home/ubuntu/careerportal/mss-career-portal/app/linuxvenv/lib/python3.12/site-packages/sqlalchemy/orm/context.py", line 306, in orm_execute_statement
    result = conn.execute(
             ^^^^^^^^^^^^^
  File "/home/ubuntu/careerportal/mss-career-portal/app/linuxvenv/lib/python3.12/site-packages/sqlalchemy/engine/base.py", line 1421, in execute
    return meth(
           ^^^^^
  File "/home/ubuntu/careerportal/mss-career-portal/app/linuxvenv/lib/python3.12/site-packages/sqlalchemy/sql/elements.py", line 526, in _execute_on_connection
    return connection._execute_clauseelement(
           ^^^^^^^^^^^^^^^^^^^^^^^^^^^^^^^^^^
  File "/home/ubuntu/careerportal/mss-career-portal/app/linuxvenv/lib/python3.12/site-packages/sqlalchemy/engine/base.py", line 1643, in _execute_clauseelement
    ret = self._execute_context(
          ^^^^^^^^^^^^^^^^^^^^^^
  File "/home/ubuntu/careerportal/mss-career-portal/app/linuxvenv/lib/python3.12/site-packages/sqlalchemy/engine/base.py", line 1848, in _execute_context
    return self._exec_single_context(
           ^^^^^^^^^^^^^^^^^^^^^^^^^^
  File "/home/ubuntu/careerportal/mss-career-portal/app/linuxvenv/lib/python3.12/site-packages/sqlalchemy/engine/base.py", line 1988, in _exec_single_context
    self._handle_dbapi_exception(
  File "/home/ubuntu/careerportal/mss-career-portal/app/linuxvenv/lib/python3.12/site-packages/sqlalchemy/engine/base.py", line 2365, in _handle_dbapi_exception
    raise sqlalchemy_exception.with_traceback(exc_info[2]) from e
  File "/home/ubuntu/careerportal/mss-career-portal/app/linuxvenv/lib/python3.12/site-packages/sqlalchemy/engine/base.py", line 1969, in _exec_single_context
    self.dialect.do_execute(
  File "/home/ubuntu/careerportal/mss-career-portal/app/linuxvenv/lib/python3.12/site-packages/sqlalchemy/engine/default.py", line 952, in do_execute
    cursor.execute(statement, parameters)
  File "/home/ubuntu/careerportal/mss-career-portal/app/linuxvenv/lib/python3.12/site-packages/pymysql/cursors.py", line 159, in execute
    result = self._query(query)
             ^^^^^^^^^^^^^^^^^^
  File "/home/ubuntu/careerportal/mss-career-portal/app/linuxvenv/lib/python3.12/site-packages/pymysql/cursors.py", line 330, in _query
    conn.query(q)
  File "/home/ubuntu/careerportal/mss-career-portal/app/linuxvenv/lib/python3.12/site-packages/pymysql/connections.py", line 582, in query
    self._affected_rows = self._read_query_result(unbuffered=unbuffered)
                          ^^^^^^^^^^^^^^^^^^^^^^^^^^^^^^^^^^^^^^^^^^^^^^
  File "/home/ubuntu/careerportal/mss-career-portal/app/linuxvenv/lib/python3.12/site-packages/pymysql/connections.py", line 847, in _read_query_result
    result.read()
  File "/home/ubuntu/careerportal/mss-career-portal/app/linuxvenv/lib/python3.12/site-packages/pymysql/connections.py", line 1245, in read
    first_packet = self.connection._read_packet()
                   ^^^^^^^^^^^^^^^^^^^^^^^^^^^^^^
  File "/home/ubuntu/careerportal/mss-career-portal/app/linuxvenv/lib/python3.12/site-packages/pymysql/connections.py", line 803, in _read_packet
    packet.raise_for_error()
  File "/home/ubuntu/careerportal/mss-career-portal/app/linuxvenv/lib/python3.12/site-packages/pymysql/protocol.py", line 219, in raise_for_error
    err.raise_mysql_exception(self._data)
  File "/home/ubuntu/careerportal/mss-career-portal/app/linuxvenv/lib/python3.12/site-packages/pymysql/err.py", line 154, in raise_mysql_exception
    raise errorclass(errno, errval, sqlstate=sqlstate)
sqlalchemy.exc.ProgrammingError: (pymysql.err.ProgrammingError) (1146, "Table 'career_portal.job_view_logs' doesn't exist")
[SQL: SELECT job_view_logs.id AS job_view_logs_id, job_view_logs.job_id AS job_view_logs_job_id, job_view_logs.user_id AS job_view_logs_user_id, job_view_logs.viewed_at AS job_view_logs_viewed_at 
FROM job_view_logs 
WHERE job_view_logs.job_id = %(job_id_1)s AND job_view_logs.user_id = %(user_id_1)s 
 LIMIT %(param_1)s]
[parameters: {'job_id_1': 39, 'user_id_1': 16, 'param_1': 1}]
(Background on this error at: https://sqlalche.me/e/20/f405)
[2026-06-30 17:44:51] ERROR in main: Unhandled error on POST /jobs/public/39/view: (pymysql.err.ProgrammingError) (1146, "Table 'career_portal.job_view_logs' doesn't exist")
[SQL: SELECT job_view_logs.id AS job_view_logs_id, job_view_logs.job_id AS job_view_logs_job_id, job_view_logs.user_id AS job_view_logs_user_id, job_view_logs.viewed_at AS job_view_logs_viewed_at 
FROM job_view_logs 
WHERE job_view_logs.job_id = %(job_id_1)s AND job_view_logs.user_id = %(user_id_1)s 
 LIMIT %(param_1)s]
[parameters: {'job_id_1': 39, 'user_id_1': 16, 'param_1': 1}]
(Background on this error at: https://sqlalche.me/e/20/f405)
Traceback (most recent call last):
  File "/home/ubuntu/careerportal/mss-career-portal/app/linuxvenv/lib/python3.12/site-packages/sqlalchemy/engine/base.py", line 1969, in _exec_single_context
    self.dialect.do_execute(
  File "/home/ubuntu/careerportal/mss-career-portal/app/linuxvenv/lib/python3.12/site-packages/sqlalchemy/engine/default.py", line 952, in do_execute
    cursor.execute(statement, parameters)
  File "/home/ubuntu/careerportal/mss-career-portal/app/linuxvenv/lib/python3.12/site-packages/pymysql/cursors.py", line 159, in execute
    result = self._query(query)
             ^^^^^^^^^^^^^^^^^^
  File "/home/ubuntu/careerportal/mss-career-portal/app/linuxvenv/lib/python3.12/site-packages/pymysql/cursors.py", line 330, in _query
    conn.query(q)
  File "/home/ubuntu/careerportal/mss-career-portal/app/linuxvenv/lib/python3.12/site-packages/pymysql/connections.py", line 582, in query
    self._affected_rows = self._read_query_result(unbuffered=unbuffered)
                          ^^^^^^^^^^^^^^^^^^^^^^^^^^^^^^^^^^^^^^^^^^^^^^
  File "/home/ubuntu/careerportal/mss-career-portal/app/linuxvenv/lib/python3.12/site-packages/pymysql/connections.py", line 847, in _read_query_result
    result.read()
  File "/home/ubuntu/careerportal/mss-career-portal/app/linuxvenv/lib/python3.12/site-packages/pymysql/connections.py", line 1245, in read
    first_packet = self.connection._read_packet()
                   ^^^^^^^^^^^^^^^^^^^^^^^^^^^^^^
  File "/home/ubuntu/careerportal/mss-career-portal/app/linuxvenv/lib/python3.12/site-packages/pymysql/connections.py", line 803, in _read_packet
    packet.raise_for_error()
  File "/home/ubuntu/careerportal/mss-career-portal/app/linuxvenv/lib/python3.12/site-packages/pymysql/protocol.py", line 219, in raise_for_error
    err.raise_mysql_exception(self._data)
  File "/home/ubuntu/careerportal/mss-career-portal/app/linuxvenv/lib/python3.12/site-packages/pymysql/err.py", line 154, in raise_mysql_exception
    raise errorclass(errno, errval, sqlstate=sqlstate)
pymysql.err.ProgrammingError: (1146, "Table 'career_portal.job_view_logs' doesn't exist")

The above exception was the direct cause of the following exception:

Traceback (most recent call last):
  File "/home/ubuntu/careerportal/mss-career-portal/app/main.py", line 38, in dispatch
    return await call_next(request)
           ^^^^^^^^^^^^^^^^^^^^^^^^
  File "/home/ubuntu/careerportal/mss-career-portal/app/linuxvenv/lib/python3.12/site-packages/starlette/middleware/base.py", line 168, in call_next
    raise app_exc from app_exc.__cause__ or app_exc.__context__
  File "/home/ubuntu/careerportal/mss-career-portal/app/linuxvenv/lib/python3.12/site-packages/starlette/middleware/base.py", line 144, in coro
    await self.app(scope, receive_or_disconnect, send_no_error)
  File "/home/ubuntu/careerportal/mss-career-portal/app/linuxvenv/lib/python3.12/site-packages/starlette/middleware/exceptions.py", line 63, in __call__
    await wrap_app_handling_exceptions(self.app, conn)(scope, receive, send)
  File "/home/ubuntu/careerportal/mss-career-portal/app/linuxvenv/lib/python3.12/site-packages/starlette/_exception_handler.py", line 53, in wrapped_app
    raise exc
  File "/home/ubuntu/careerportal/mss-career-portal/app/linuxvenv/lib/python3.12/site-packages/starlette/_exception_handler.py", line 42, in wrapped_app
    await app(scope, receive, sender)
  File "/home/ubuntu/careerportal/mss-career-portal/app/linuxvenv/lib/python3.12/site-packages/fastapi/middleware/asyncexitstack.py", line 18, in __call__
    await self.app(scope, receive, send)
  File "/home/ubuntu/careerportal/mss-career-portal/app/linuxvenv/lib/python3.12/site-packages/starlette/routing.py", line 660, in __call__
    await self.middleware_stack(scope, receive, send)
  File "/home/ubuntu/careerportal/mss-career-portal/app/linuxvenv/lib/python3.12/site-packages/fastapi/routing.py", line 2531, in app
    await route.handle(scope, receive, send)
  File "/home/ubuntu/careerportal/mss-career-portal/app/linuxvenv/lib/python3.12/site-packages/fastapi/routing.py", line 1700, in handle
    await self.original_router.handle(scope, receive, send)
  File "/home/ubuntu/careerportal/mss-career-portal/app/linuxvenv/lib/python3.12/site-packages/fastapi/routing.py", line 2586, in handle
    await included_router._handle_selected(scope, receive, send)
  File "/home/ubuntu/careerportal/mss-career-portal/app/linuxvenv/lib/python3.12/site-packages/fastapi/routing.py", line 1720, in _handle_selected
    await original_route.handle(scope, receive, send)
  File "/home/ubuntu/careerportal/mss-career-portal/app/linuxvenv/lib/python3.12/site-packages/fastapi/routing.py", line 1239, in handle
    await app(scope, receive, send)
  File "/home/ubuntu/careerportal/mss-career-portal/app/linuxvenv/lib/python3.12/site-packages/fastapi/routing.py", line 150, in app
    await wrap_app_handling_exceptions(app, request)(scope, receive, send)
  File "/home/ubuntu/careerportal/mss-career-portal/app/linuxvenv/lib/python3.12/site-packages/starlette/_exception_handler.py", line 53, in wrapped_app
    raise exc
  File "/home/ubuntu/careerportal/mss-career-portal/app/linuxvenv/lib/python3.12/site-packages/starlette/_exception_handler.py", line 42, in wrapped_app
    await app(scope, receive, sender)
  File "/home/ubuntu/careerportal/mss-career-portal/app/linuxvenv/lib/python3.12/site-packages/fastapi/routing.py", line 136, in app
    response = await f(request)
               ^^^^^^^^^^^^^^^^
  File "/home/ubuntu/careerportal/mss-career-portal/app/linuxvenv/lib/python3.12/site-packages/fastapi/routing.py", line 690, in app
    raw_response = await run_endpoint_function(
                   ^^^^^^^^^^^^^^^^^^^^^^^^^^^^
  File "/home/ubuntu/careerportal/mss-career-portal/app/linuxvenv/lib/python3.12/site-packages/fastapi/routing.py", line 346, in run_endpoint_function
    return await run_in_threadpool(dependant.call, **values)
           ^^^^^^^^^^^^^^^^^^^^^^^^^^^^^^^^^^^^^^^^^^^^^^^^^
  File "/home/ubuntu/careerportal/mss-career-portal/app/linuxvenv/lib/python3.12/site-packages/starlette/concurrency.py", line 34, in run_in_threadpool
    return await anyio.to_thread.run_sync(func)
           ^^^^^^^^^^^^^^^^^^^^^^^^^^^^^^^^^^^^
  File "/home/ubuntu/careerportal/mss-career-portal/app/linuxvenv/lib/python3.12/site-packages/anyio/to_thread.py", line 63, in run_sync
    return await get_async_backend().run_sync_in_worker_thread(
           ^^^^^^^^^^^^^^^^^^^^^^^^^^^^^^^^^^^^^^^^^^^^^^^^^^^^
  File "/home/ubuntu/careerportal/mss-career-portal/app/linuxvenv/lib/python3.12/site-packages/anyio/_backends/_asyncio.py", line 2596, in run_sync_in_worker_thread
    return await future
           ^^^^^^^^^^^^
  File "/home/ubuntu/careerportal/mss-career-portal/app/linuxvenv/lib/python3.12/site-packages/anyio/_backends/_asyncio.py", line 1029, in run
    result = context.run(func, *args)
             ^^^^^^^^^^^^^^^^^^^^^^^^
  File "/home/ubuntu/careerportal/mss-career-portal/app/routes/jobs_route.py", line 252, in increment_job_view_route
    ).first()
      ^^^^^^^
  File "/home/ubuntu/careerportal/mss-career-portal/app/linuxvenv/lib/python3.12/site-packages/sqlalchemy/orm/query.py", line 2766, in first
    return self.limit(1)._iter().first()  # type: ignore
           ^^^^^^^^^^^^^^^^^^^^^
  File "/home/ubuntu/careerportal/mss-career-portal/app/linuxvenv/lib/python3.12/site-packages/sqlalchemy/orm/query.py", line 2864, in _iter
    result: Union[ScalarResult[_T], Result[_T]] = self.session.execute(
                                                  ^^^^^^^^^^^^^^^^^^^^^
  File "/home/ubuntu/careerportal/mss-career-portal/app/linuxvenv/lib/python3.12/site-packages/sqlalchemy/orm/session.py", line 2373, in execute
    return self._execute_internal(
           ^^^^^^^^^^^^^^^^^^^^^^^
  File "/home/ubuntu/careerportal/mss-career-portal/app/linuxvenv/lib/python3.12/site-packages/sqlalchemy/orm/session.py", line 2271, in _execute_internal
    result: Result[Any] = compile_state_cls.orm_execute_statement(
                          ^^^^^^^^^^^^^^^^^^^^^^^^^^^^^^^^^^^^^^^^
  File "/home/ubuntu/careerportal/mss-career-portal/app/linuxvenv/lib/python3.12/site-packages/sqlalchemy/orm/context.py", line 306, in orm_execute_statement
    result = conn.execute(
             ^^^^^^^^^^^^^
  File "/home/ubuntu/careerportal/mss-career-portal/app/linuxvenv/lib/python3.12/site-packages/sqlalchemy/engine/base.py", line 1421, in execute
    return meth(
           ^^^^^
  File "/home/ubuntu/careerportal/mss-career-portal/app/linuxvenv/lib/python3.12/site-packages/sqlalchemy/sql/elements.py", line 526, in _execute_on_connection
    return connection._execute_clauseelement(
           ^^^^^^^^^^^^^^^^^^^^^^^^^^^^^^^^^^
  File "/home/ubuntu/careerportal/mss-career-portal/app/linuxvenv/lib/python3.12/site-packages/sqlalchemy/engine/base.py", line 1643, in _execute_clauseelement
    ret = self._execute_context(
          ^^^^^^^^^^^^^^^^^^^^^^
  File "/home/ubuntu/careerportal/mss-career-portal/app/linuxvenv/lib/python3.12/site-packages/sqlalchemy/engine/base.py", line 1848, in _execute_context
    return self._exec_single_context(
           ^^^^^^^^^^^^^^^^^^^^^^^^^^
  File "/home/ubuntu/careerportal/mss-career-portal/app/linuxvenv/lib/python3.12/site-packages/sqlalchemy/engine/base.py", line 1988, in _exec_single_context
    self._handle_dbapi_exception(
  File "/home/ubuntu/careerportal/mss-career-portal/app/linuxvenv/lib/python3.12/site-packages/sqlalchemy/engine/base.py", line 2365, in _handle_dbapi_exception
    raise sqlalchemy_exception.with_traceback(exc_info[2]) from e
  File "/home/ubuntu/careerportal/mss-career-portal/app/linuxvenv/lib/python3.12/site-packages/sqlalchemy/engine/base.py", line 1969, in _exec_single_context
    self.dialect.do_execute(
  File "/home/ubuntu/careerportal/mss-career-portal/app/linuxvenv/lib/python3.12/site-packages/sqlalchemy/engine/default.py", line 952, in do_execute
    cursor.execute(statement, parameters)
  File "/home/ubuntu/careerportal/mss-career-portal/app/linuxvenv/lib/python3.12/site-packages/pymysql/cursors.py", line 159, in execute
    result = self._query(query)
             ^^^^^^^^^^^^^^^^^^
  File "/home/ubuntu/careerportal/mss-career-portal/app/linuxvenv/lib/python3.12/site-packages/pymysql/cursors.py", line 330, in _query
    conn.query(q)
  File "/home/ubuntu/careerportal/mss-career-portal/app/linuxvenv/lib/python3.12/site-packages/pymysql/connections.py", line 582, in query
    self._affected_rows = self._read_query_result(unbuffered=unbuffered)
                          ^^^^^^^^^^^^^^^^^^^^^^^^^^^^^^^^^^^^^^^^^^^^^^
  File "/home/ubuntu/careerportal/mss-career-portal/app/linuxvenv/lib/python3.12/site-packages/pymysql/connections.py", line 847, in _read_query_result
    result.read()
  File "/home/ubuntu/careerportal/mss-career-portal/app/linuxvenv/lib/python3.12/site-packages/pymysql/connections.py", line 1245, in read
    first_packet = self.connection._read_packet()
                   ^^^^^^^^^^^^^^^^^^^^^^^^^^^^^^
  File "/home/ubuntu/careerportal/mss-career-portal/app/linuxvenv/lib/python3.12/site-packages/pymysql/connections.py", line 803, in _read_packet
    packet.raise_for_error()
  File "/home/ubuntu/careerportal/mss-career-portal/app/linuxvenv/lib/python3.12/site-packages/pymysql/protocol.py", line 219, in raise_for_error
    err.raise_mysql_exception(self._data)
  File "/home/ubuntu/careerportal/mss-career-portal/app/linuxvenv/lib/python3.12/site-packages/pymysql/err.py", line 154, in raise_mysql_exception
    raise errorclass(errno, errval, sqlstate=sqlstate)
sqlalchemy.exc.ProgrammingError: (pymysql.err.ProgrammingError) (1146, "Table 'career_portal.job_view_logs' doesn't exist")
[SQL: SELECT job_view_logs.id AS job_view_logs_id, job_view_logs.job_id AS job_view_logs_job_id, job_view_logs.user_id AS job_view_logs_user_id, job_view_logs.viewed_at AS job_view_logs_viewed_at 
FROM job_view_logs 
WHERE job_view_logs.job_id = %(job_id_1)s AND job_view_logs.user_id = %(user_id_1)s 
 LIMIT %(param_1)s]
[parameters: {'job_id_1': 39, 'user_id_1': 16, 'param_1': 1}]
(Background on this error at: https://sqlalche.me/e/20/f405)
[2026-06-30 17:44:53] ERROR in main: Unhandled error on POST /jobs/public/39/view: (pymysql.err.ProgrammingError) (1146, "Table 'career_portal.job_view_logs' doesn't exist")
[SQL: SELECT job_view_logs.id AS job_view_logs_id, job_view_logs.job_id AS job_view_logs_job_id, job_view_logs.user_id AS job_view_logs_user_id, job_view_logs.viewed_at AS job_view_logs_viewed_at 
FROM job_view_logs 
WHERE job_view_logs.job_id = %(job_id_1)s AND job_view_logs.user_id = %(user_id_1)s 
 LIMIT %(param_1)s]
[parameters: {'job_id_1': 39, 'user_id_1': 16, 'param_1': 1}]
(Background on this error at: https://sqlalche.me/e/20/f405)
Traceback (most recent call last):
  File "/home/ubuntu/careerportal/mss-career-portal/app/linuxvenv/lib/python3.12/site-packages/sqlalchemy/engine/base.py", line 1969, in _exec_single_context
    self.dialect.do_execute(
  File "/home/ubuntu/careerportal/mss-career-portal/app/linuxvenv/lib/python3.12/site-packages/sqlalchemy/engine/default.py", line 952, in do_execute
    cursor.execute(statement, parameters)
  File "/home/ubuntu/careerportal/mss-career-portal/app/linuxvenv/lib/python3.12/site-packages/pymysql/cursors.py", line 159, in execute
    result = self._query(query)
             ^^^^^^^^^^^^^^^^^^
  File "/home/ubuntu/careerportal/mss-career-portal/app/linuxvenv/lib/python3.12/site-packages/pymysql/cursors.py", line 330, in _query
    conn.query(q)
  File "/home/ubuntu/careerportal/mss-career-portal/app/linuxvenv/lib/python3.12/site-packages/pymysql/connections.py", line 582, in query
    self._affected_rows = self._read_query_result(unbuffered=unbuffered)
                          ^^^^^^^^^^^^^^^^^^^^^^^^^^^^^^^^^^^^^^^^^^^^^^
  File "/home/ubuntu/careerportal/mss-career-portal/app/linuxvenv/lib/python3.12/site-packages/pymysql/connections.py", line 847, in _read_query_result
    result.read()
  File "/home/ubuntu/careerportal/mss-career-portal/app/linuxvenv/lib/python3.12/site-packages/pymysql/connections.py", line 1245, in read
    first_packet = self.connection._read_packet()
                   ^^^^^^^^^^^^^^^^^^^^^^^^^^^^^^
  File "/home/ubuntu/careerportal/mss-career-portal/app/linuxvenv/lib/python3.12/site-packages/pymysql/connections.py", line 803, in _read_packet
    packet.raise_for_error()
  File "/home/ubuntu/careerportal/mss-career-portal/app/linuxvenv/lib/python3.12/site-packages/pymysql/protocol.py", line 219, in raise_for_error
    err.raise_mysql_exception(self._data)
  File "/home/ubuntu/careerportal/mss-career-portal/app/linuxvenv/lib/python3.12/site-packages/pymysql/err.py", line 154, in raise_mysql_exception
    raise errorclass(errno, errval, sqlstate=sqlstate)
pymysql.err.ProgrammingError: (1146, "Table 'career_portal.job_view_logs' doesn't exist")

The above exception was the direct cause of the following exception:

Traceback (most recent call last):
  File "/home/ubuntu/careerportal/mss-career-portal/app/main.py", line 38, in dispatch
    return await call_next(request)
           ^^^^^^^^^^^^^^^^^^^^^^^^
  File "/home/ubuntu/careerportal/mss-career-portal/app/linuxvenv/lib/python3.12/site-packages/starlette/middleware/base.py", line 168, in call_next
    raise app_exc from app_exc.__cause__ or app_exc.__context__
  File "/home/ubuntu/careerportal/mss-career-portal/app/linuxvenv/lib/python3.12/site-packages/starlette/middleware/base.py", line 144, in coro
    await self.app(scope, receive_or_disconnect, send_no_error)
  File "/home/ubuntu/careerportal/mss-career-portal/app/linuxvenv/lib/python3.12/site-packages/starlette/middleware/exceptions.py", line 63, in __call__
    await wrap_app_handling_exceptions(self.app, conn)(scope, receive, send)
  File "/home/ubuntu/careerportal/mss-career-portal/app/linuxvenv/lib/python3.12/site-packages/starlette/_exception_handler.py", line 53, in wrapped_app
    raise exc
  File "/home/ubuntu/careerportal/mss-career-portal/app/linuxvenv/lib/python3.12/site-packages/starlette/_exception_handler.py", line 42, in wrapped_app
    await app(scope, receive, sender)
  File "/home/ubuntu/careerportal/mss-career-portal/app/linuxvenv/lib/python3.12/site-packages/fastapi/middleware/asyncexitstack.py", line 18, in __call__
    await self.app(scope, receive, send)
  File "/home/ubuntu/careerportal/mss-career-portal/app/linuxvenv/lib/python3.12/site-packages/starlette/routing.py", line 660, in __call__
    await self.middleware_stack(scope, receive, send)
  File "/home/ubuntu/careerportal/mss-career-portal/app/linuxvenv/lib/python3.12/site-packages/fastapi/routing.py", line 2531, in app
    await route.handle(scope, receive, send)
  File "/home/ubuntu/careerportal/mss-career-portal/app/linuxvenv/lib/python3.12/site-packages/fastapi/routing.py", line 1700, in handle
    await self.original_router.handle(scope, receive, send)
  File "/home/ubuntu/careerportal/mss-career-portal/app/linuxvenv/lib/python3.12/site-packages/fastapi/routing.py", line 2586, in handle
    await included_router._handle_selected(scope, receive, send)
  File "/home/ubuntu/careerportal/mss-career-portal/app/linuxvenv/lib/python3.12/site-packages/fastapi/routing.py", line 1720, in _handle_selected
    await original_route.handle(scope, receive, send)
  File "/home/ubuntu/careerportal/mss-career-portal/app/linuxvenv/lib/python3.12/site-packages/fastapi/routing.py", line 1239, in handle
    await app(scope, receive, send)
  File "/home/ubuntu/careerportal/mss-career-portal/app/linuxvenv/lib/python3.12/site-packages/fastapi/routing.py", line 150, in app
    await wrap_app_handling_exceptions(app, request)(scope, receive, send)
  File "/home/ubuntu/careerportal/mss-career-portal/app/linuxvenv/lib/python3.12/site-packages/starlette/_exception_handler.py", line 53, in wrapped_app
    raise exc
  File "/home/ubuntu/careerportal/mss-career-portal/app/linuxvenv/lib/python3.12/site-packages/starlette/_exception_handler.py", line 42, in wrapped_app
    await app(scope, receive, sender)
  File "/home/ubuntu/careerportal/mss-career-portal/app/linuxvenv/lib/python3.12/site-packages/fastapi/routing.py", line 136, in app
    response = await f(request)
               ^^^^^^^^^^^^^^^^
  File "/home/ubuntu/careerportal/mss-career-portal/app/linuxvenv/lib/python3.12/site-packages/fastapi/routing.py", line 690, in app
    raw_response = await run_endpoint_function(
                   ^^^^^^^^^^^^^^^^^^^^^^^^^^^^
  File "/home/ubuntu/careerportal/mss-career-portal/app/linuxvenv/lib/python3.12/site-packages/fastapi/routing.py", line 346, in run_endpoint_function
    return await run_in_threadpool(dependant.call, **values)
           ^^^^^^^^^^^^^^^^^^^^^^^^^^^^^^^^^^^^^^^^^^^^^^^^^
  File "/home/ubuntu/careerportal/mss-career-portal/app/linuxvenv/lib/python3.12/site-packages/starlette/concurrency.py", line 34, in run_in_threadpool
    return await anyio.to_thread.run_sync(func)
           ^^^^^^^^^^^^^^^^^^^^^^^^^^^^^^^^^^^^
  File "/home/ubuntu/careerportal/mss-career-portal/app/linuxvenv/lib/python3.12/site-packages/anyio/to_thread.py", line 63, in run_sync
    return await get_async_backend().run_sync_in_worker_thread(
           ^^^^^^^^^^^^^^^^^^^^^^^^^^^^^^^^^^^^^^^^^^^^^^^^^^^^
  File "/home/ubuntu/careerportal/mss-career-portal/app/linuxvenv/lib/python3.12/site-packages/anyio/_backends/_asyncio.py", line 2596, in run_sync_in_worker_thread
    return await future
           ^^^^^^^^^^^^
  File "/home/ubuntu/careerportal/mss-career-portal/app/linuxvenv/lib/python3.12/site-packages/anyio/_backends/_asyncio.py", line 1029, in run
    result = context.run(func, *args)
             ^^^^^^^^^^^^^^^^^^^^^^^^
  File "/home/ubuntu/careerportal/mss-career-portal/app/routes/jobs_route.py", line 252, in increment_job_view_route
    ).first()
      ^^^^^^^
  File "/home/ubuntu/careerportal/mss-career-portal/app/linuxvenv/lib/python3.12/site-packages/sqlalchemy/orm/query.py", line 2766, in first
    return self.limit(1)._iter().first()  # type: ignore
           ^^^^^^^^^^^^^^^^^^^^^
  File "/home/ubuntu/careerportal/mss-career-portal/app/linuxvenv/lib/python3.12/site-packages/sqlalchemy/orm/query.py", line 2864, in _iter
    result: Union[ScalarResult[_T], Result[_T]] = self.session.execute(
                                                  ^^^^^^^^^^^^^^^^^^^^^
  File "/home/ubuntu/careerportal/mss-career-portal/app/linuxvenv/lib/python3.12/site-packages/sqlalchemy/orm/session.py", line 2373, in execute
    return self._execute_internal(
           ^^^^^^^^^^^^^^^^^^^^^^^
  File "/home/ubuntu/careerportal/mss-career-portal/app/linuxvenv/lib/python3.12/site-packages/sqlalchemy/orm/session.py", line 2271, in _execute_internal
    result: Result[Any] = compile_state_cls.orm_execute_statement(
                          ^^^^^^^^^^^^^^^^^^^^^^^^^^^^^^^^^^^^^^^^
  File "/home/ubuntu/careerportal/mss-career-portal/app/linuxvenv/lib/python3.12/site-packages/sqlalchemy/orm/context.py", line 306, in orm_execute_statement
    result = conn.execute(
             ^^^^^^^^^^^^^
  File "/home/ubuntu/careerportal/mss-career-portal/app/linuxvenv/lib/python3.12/site-packages/sqlalchemy/engine/base.py", line 1421, in execute
    return meth(
           ^^^^^
  File "/home/ubuntu/careerportal/mss-career-portal/app/linuxvenv/lib/python3.12/site-packages/sqlalchemy/sql/elements.py", line 526, in _execute_on_connection
    return connection._execute_clauseelement(
           ^^^^^^^^^^^^^^^^^^^^^^^^^^^^^^^^^^
  File "/home/ubuntu/careerportal/mss-career-portal/app/linuxvenv/lib/python3.12/site-packages/sqlalchemy/engine/base.py", line 1643, in _execute_clauseelement
    ret = self._execute_context(
          ^^^^^^^^^^^^^^^^^^^^^^
  File "/home/ubuntu/careerportal/mss-career-portal/app/linuxvenv/lib/python3.12/site-packages/sqlalchemy/engine/base.py", line 1848, in _execute_context
    return self._exec_single_context(
           ^^^^^^^^^^^^^^^^^^^^^^^^^^
  File "/home/ubuntu/careerportal/mss-career-portal/app/linuxvenv/lib/python3.12/site-packages/sqlalchemy/engine/base.py", line 1988, in _exec_single_context
    self._handle_dbapi_exception(
  File "/home/ubuntu/careerportal/mss-career-portal/app/linuxvenv/lib/python3.12/site-packages/sqlalchemy/engine/base.py", line 2365, in _handle_dbapi_exception
    raise sqlalchemy_exception.with_traceback(exc_info[2]) from e
  File "/home/ubuntu/careerportal/mss-career-portal/app/linuxvenv/lib/python3.12/site-packages/sqlalchemy/engine/base.py", line 1969, in _exec_single_context
    self.dialect.do_execute(
  File "/home/ubuntu/careerportal/mss-career-portal/app/linuxvenv/lib/python3.12/site-packages/sqlalchemy/engine/default.py", line 952, in do_execute
    cursor.execute(statement, parameters)
  File "/home/ubuntu/careerportal/mss-career-portal/app/linuxvenv/lib/python3.12/site-packages/pymysql/cursors.py", line 159, in execute
    result = self._query(query)
             ^^^^^^^^^^^^^^^^^^
  File "/home/ubuntu/careerportal/mss-career-portal/app/linuxvenv/lib/python3.12/site-packages/pymysql/cursors.py", line 330, in _query
    conn.query(q)
  File "/home/ubuntu/careerportal/mss-career-portal/app/linuxvenv/lib/python3.12/site-packages/pymysql/connections.py", line 582, in query
    self._affected_rows = self._read_query_result(unbuffered=unbuffered)
                          ^^^^^^^^^^^^^^^^^^^^^^^^^^^^^^^^^^^^^^^^^^^^^^
  File "/home/ubuntu/careerportal/mss-career-portal/app/linuxvenv/lib/python3.12/site-packages/pymysql/connections.py", line 847, in _read_query_result
    result.read()
  File "/home/ubuntu/careerportal/mss-career-portal/app/linuxvenv/lib/python3.12/site-packages/pymysql/connections.py", line 1245, in read
    first_packet = self.connection._read_packet()
                   ^^^^^^^^^^^^^^^^^^^^^^^^^^^^^^
  File "/home/ubuntu/careerportal/mss-career-portal/app/linuxvenv/lib/python3.12/site-packages/pymysql/connections.py", line 803, in _read_packet
    packet.raise_for_error()
  File "/home/ubuntu/careerportal/mss-career-portal/app/linuxvenv/lib/python3.12/site-packages/pymysql/protocol.py", line 219, in raise_for_error
    err.raise_mysql_exception(self._data)
  File "/home/ubuntu/careerportal/mss-career-portal/app/linuxvenv/lib/python3.12/site-packages/pymysql/err.py", line 154, in raise_mysql_exception
    raise errorclass(errno, errval, sqlstate=sqlstate)
sqlalchemy.exc.ProgrammingError: (pymysql.err.ProgrammingError) (1146, "Table 'career_portal.job_view_logs' doesn't exist")
[SQL: SELECT job_view_logs.id AS job_view_logs_id, job_view_logs.job_id AS job_view_logs_job_id, job_view_logs.user_id AS job_view_logs_user_id, job_view_logs.viewed_at AS job_view_logs_viewed_at 
FROM job_view_logs 
WHERE job_view_logs.job_id = %(job_id_1)s AND job_view_logs.user_id = %(user_id_1)s 
 LIMIT %(param_1)s]
[parameters: {'job_id_1': 39, 'user_id_1': 16, 'param_1': 1}]
(Background on this error at: https://sqlalche.me/e/20/f405)
[2026-06-30 17:45:00] ERROR in main: Unhandled error on POST /jobs/public/39/view: (pymysql.err.ProgrammingError) (1146, "Table 'career_portal.job_view_logs' doesn't exist")
[SQL: SELECT job_view_logs.id AS job_view_logs_id, job_view_logs.job_id AS job_view_logs_job_id, job_view_logs.user_id AS job_view_logs_user_id, job_view_logs.viewed_at AS job_view_logs_viewed_at 
FROM job_view_logs 
WHERE job_view_logs.job_id = %(job_id_1)s AND job_view_logs.user_id = %(user_id_1)s 
 LIMIT %(param_1)s]
[parameters: {'job_id_1': 39, 'user_id_1': 16, 'param_1': 1}]
(Background on this error at: https://sqlalche.me/e/20/f405)
Traceback (most recent call last):
  File "/home/ubuntu/careerportal/mss-career-portal/app/linuxvenv/lib/python3.12/site-packages/sqlalchemy/engine/base.py", line 1969, in _exec_single_context
    self.dialect.do_execute(
  File "/home/ubuntu/careerportal/mss-career-portal/app/linuxvenv/lib/python3.12/site-packages/sqlalchemy/engine/default.py", line 952, in do_execute
    cursor.execute(statement, parameters)
  File "/home/ubuntu/careerportal/mss-career-portal/app/linuxvenv/lib/python3.12/site-packages/pymysql/cursors.py", line 159, in execute
    result = self._query(query)
             ^^^^^^^^^^^^^^^^^^
  File "/home/ubuntu/careerportal/mss-career-portal/app/linuxvenv/lib/python3.12/site-packages/pymysql/cursors.py", line 330, in _query
    conn.query(q)
  File "/home/ubuntu/careerportal/mss-career-portal/app/linuxvenv/lib/python3.12/site-packages/pymysql/connections.py", line 582, in query
    self._affected_rows = self._read_query_result(unbuffered=unbuffered)
                          ^^^^^^^^^^^^^^^^^^^^^^^^^^^^^^^^^^^^^^^^^^^^^^
  File "/home/ubuntu/careerportal/mss-career-portal/app/linuxvenv/lib/python3.12/site-packages/pymysql/connections.py", line 847, in _read_query_result
    result.read()
  File "/home/ubuntu/careerportal/mss-career-portal/app/linuxvenv/lib/python3.12/site-packages/pymysql/connections.py", line 1245, in read
    first_packet = self.connection._read_packet()
                   ^^^^^^^^^^^^^^^^^^^^^^^^^^^^^^
  File "/home/ubuntu/careerportal/mss-career-portal/app/linuxvenv/lib/python3.12/site-packages/pymysql/connections.py", line 803, in _read_packet
    packet.raise_for_error()
  File "/home/ubuntu/careerportal/mss-career-portal/app/linuxvenv/lib/python3.12/site-packages/pymysql/protocol.py", line 219, in raise_for_error
    err.raise_mysql_exception(self._data)
  File "/home/ubuntu/careerportal/mss-career-portal/app/linuxvenv/lib/python3.12/site-packages/pymysql/err.py", line 154, in raise_mysql_exception
    raise errorclass(errno, errval, sqlstate=sqlstate)
pymysql.err.ProgrammingError: (1146, "Table 'career_portal.job_view_logs' doesn't exist")

The above exception was the direct cause of the following exception:

Traceback (most recent call last):
  File "/home/ubuntu/careerportal/mss-career-portal/app/main.py", line 38, in dispatch
    return await call_next(request)
           ^^^^^^^^^^^^^^^^^^^^^^^^
  File "/home/ubuntu/careerportal/mss-career-portal/app/linuxvenv/lib/python3.12/site-packages/starlette/middleware/base.py", line 168, in call_next
    raise app_exc from app_exc.__cause__ or app_exc.__context__
  File "/home/ubuntu/careerportal/mss-career-portal/app/linuxvenv/lib/python3.12/site-packages/starlette/middleware/base.py", line 144, in coro
    await self.app(scope, receive_or_disconnect, send_no_error)
  File "/home/ubuntu/careerportal/mss-career-portal/app/linuxvenv/lib/python3.12/site-packages/starlette/middleware/exceptions.py", line 63, in __call__
    await wrap_app_handling_exceptions(self.app, conn)(scope, receive, send)
  File "/home/ubuntu/careerportal/mss-career-portal/app/linuxvenv/lib/python3.12/site-packages/starlette/_exception_handler.py", line 53, in wrapped_app
    raise exc
  File "/home/ubuntu/careerportal/mss-career-portal/app/linuxvenv/lib/python3.12/site-packages/starlette/_exception_handler.py", line 42, in wrapped_app
    await app(scope, receive, sender)
  File "/home/ubuntu/careerportal/mss-career-portal/app/linuxvenv/lib/python3.12/site-packages/fastapi/middleware/asyncexitstack.py", line 18, in __call__
    await self.app(scope, receive, send)
  File "/home/ubuntu/careerportal/mss-career-portal/app/linuxvenv/lib/python3.12/site-packages/starlette/routing.py", line 660, in __call__
    await self.middleware_stack(scope, receive, send)
  File "/home/ubuntu/careerportal/mss-career-portal/app/linuxvenv/lib/python3.12/site-packages/fastapi/routing.py", line 2531, in app
    await route.handle(scope, receive, send)
  File "/home/ubuntu/careerportal/mss-career-portal/app/linuxvenv/lib/python3.12/site-packages/fastapi/routing.py", line 1700, in handle
    await self.original_router.handle(scope, receive, send)
  File "/home/ubuntu/careerportal/mss-career-portal/app/linuxvenv/lib/python3.12/site-packages/fastapi/routing.py", line 2586, in handle
    await included_router._handle_selected(scope, receive, send)
  File "/home/ubuntu/careerportal/mss-career-portal/app/linuxvenv/lib/python3.12/site-packages/fastapi/routing.py", line 1720, in _handle_selected
    await original_route.handle(scope, receive, send)
  File "/home/ubuntu/careerportal/mss-career-portal/app/linuxvenv/lib/python3.12/site-packages/fastapi/routing.py", line 1239, in handle
    await app(scope, receive, send)
  File "/home/ubuntu/careerportal/mss-career-portal/app/linuxvenv/lib/python3.12/site-packages/fastapi/routing.py", line 150, in app
    await wrap_app_handling_exceptions(app, request)(scope, receive, send)
  File "/home/ubuntu/careerportal/mss-career-portal/app/linuxvenv/lib/python3.12/site-packages/starlette/_exception_handler.py", line 53, in wrapped_app
    raise exc
  File "/home/ubuntu/careerportal/mss-career-portal/app/linuxvenv/lib/python3.12/site-packages/starlette/_exception_handler.py", line 42, in wrapped_app
    await app(scope, receive, sender)
  File "/home/ubuntu/careerportal/mss-career-portal/app/linuxvenv/lib/python3.12/site-packages/fastapi/routing.py", line 136, in app
    response = await f(request)
               ^^^^^^^^^^^^^^^^
  File "/home/ubuntu/careerportal/mss-career-portal/app/linuxvenv/lib/python3.12/site-packages/fastapi/routing.py", line 690, in app
    raw_response = await run_endpoint_function(
                   ^^^^^^^^^^^^^^^^^^^^^^^^^^^^
  File "/home/ubuntu/careerportal/mss-career-portal/app/linuxvenv/lib/python3.12/site-packages/fastapi/routing.py", line 346, in run_endpoint_function
    return await run_in_threadpool(dependant.call, **values)
           ^^^^^^^^^^^^^^^^^^^^^^^^^^^^^^^^^^^^^^^^^^^^^^^^^
  File "/home/ubuntu/careerportal/mss-career-portal/app/linuxvenv/lib/python3.12/site-packages/starlette/concurrency.py", line 34, in run_in_threadpool
    return await anyio.to_thread.run_sync(func)
           ^^^^^^^^^^^^^^^^^^^^^^^^^^^^^^^^^^^^
  File "/home/ubuntu/careerportal/mss-career-portal/app/linuxvenv/lib/python3.12/site-packages/anyio/to_thread.py", line 63, in run_sync
    return await get_async_backend().run_sync_in_worker_thread(
           ^^^^^^^^^^^^^^^^^^^^^^^^^^^^^^^^^^^^^^^^^^^^^^^^^^^^
  File "/home/ubuntu/careerportal/mss-career-portal/app/linuxvenv/lib/python3.12/site-packages/anyio/_backends/_asyncio.py", line 2596, in run_sync_in_worker_thread
    return await future
           ^^^^^^^^^^^^
  File "/home/ubuntu/careerportal/mss-career-portal/app/linuxvenv/lib/python3.12/site-packages/anyio/_backends/_asyncio.py", line 1029, in run
    result = context.run(func, *args)
             ^^^^^^^^^^^^^^^^^^^^^^^^
  File "/home/ubuntu/careerportal/mss-career-portal/app/routes/jobs_route.py", line 252, in increment_job_view_route
    ).first()
      ^^^^^^^
  File "/home/ubuntu/careerportal/mss-career-portal/app/linuxvenv/lib/python3.12/site-packages/sqlalchemy/orm/query.py", line 2766, in first
    return self.limit(1)._iter().first()  # type: ignore
           ^^^^^^^^^^^^^^^^^^^^^
  File "/home/ubuntu/careerportal/mss-career-portal/app/linuxvenv/lib/python3.12/site-packages/sqlalchemy/orm/query.py", line 2864, in _iter
    result: Union[ScalarResult[_T], Result[_T]] = self.session.execute(
                                                  ^^^^^^^^^^^^^^^^^^^^^
  File "/home/ubuntu/careerportal/mss-career-portal/app/linuxvenv/lib/python3.12/site-packages/sqlalchemy/orm/session.py", line 2373, in execute
    return self._execute_internal(
           ^^^^^^^^^^^^^^^^^^^^^^^
  File "/home/ubuntu/careerportal/mss-career-portal/app/linuxvenv/lib/python3.12/site-packages/sqlalchemy/orm/session.py", line 2271, in _execute_internal
    result: Result[Any] = compile_state_cls.orm_execute_statement(
                          ^^^^^^^^^^^^^^^^^^^^^^^^^^^^^^^^^^^^^^^^
  File "/home/ubuntu/careerportal/mss-career-portal/app/linuxvenv/lib/python3.12/site-packages/sqlalchemy/orm/context.py", line 306, in orm_execute_statement
    result = conn.execute(
             ^^^^^^^^^^^^^
  File "/home/ubuntu/careerportal/mss-career-portal/app/linuxvenv/lib/python3.12/site-packages/sqlalchemy/engine/base.py", line 1421, in execute
    return meth(
           ^^^^^
  File "/home/ubuntu/careerportal/mss-career-portal/app/linuxvenv/lib/python3.12/site-packages/sqlalchemy/sql/elements.py", line 526, in _execute_on_connection
    return connection._execute_clauseelement(
           ^^^^^^^^^^^^^^^^^^^^^^^^^^^^^^^^^^
  File "/home/ubuntu/careerportal/mss-career-portal/app/linuxvenv/lib/python3.12/site-packages/sqlalchemy/engine/base.py", line 1643, in _execute_clauseelement
    ret = self._execute_context(
          ^^^^^^^^^^^^^^^^^^^^^^
  File "/home/ubuntu/careerportal/mss-career-portal/app/linuxvenv/lib/python3.12/site-packages/sqlalchemy/engine/base.py", line 1848, in _execute_context
    return self._exec_single_context(
           ^^^^^^^^^^^^^^^^^^^^^^^^^^
  File "/home/ubuntu/careerportal/mss-career-portal/app/linuxvenv/lib/python3.12/site-packages/sqlalchemy/engine/base.py", line 1988, in _exec_single_context
    self._handle_dbapi_exception(
  File "/home/ubuntu/careerportal/mss-career-portal/app/linuxvenv/lib/python3.12/site-packages/sqlalchemy/engine/base.py", line 2365, in _handle_dbapi_exception
    raise sqlalchemy_exception.with_traceback(exc_info[2]) from e
  File "/home/ubuntu/careerportal/mss-career-portal/app/linuxvenv/lib/python3.12/site-packages/sqlalchemy/engine/base.py", line 1969, in _exec_single_context
    self.dialect.do_execute(
  File "/home/ubuntu/careerportal/mss-career-portal/app/linuxvenv/lib/python3.12/site-packages/sqlalchemy/engine/default.py", line 952, in do_execute
    cursor.execute(statement, parameters)
  File "/home/ubuntu/careerportal/mss-career-portal/app/linuxvenv/lib/python3.12/site-packages/pymysql/cursors.py", line 159, in execute
    result = self._query(query)
             ^^^^^^^^^^^^^^^^^^
  File "/home/ubuntu/careerportal/mss-career-portal/app/linuxvenv/lib/python3.12/site-packages/pymysql/cursors.py", line 330, in _query
    conn.query(q)
  File "/home/ubuntu/careerportal/mss-career-portal/app/linuxvenv/lib/python3.12/site-packages/pymysql/connections.py", line 582, in query
    self._affected_rows = self._read_query_result(unbuffered=unbuffered)
                          ^^^^^^^^^^^^^^^^^^^^^^^^^^^^^^^^^^^^^^^^^^^^^^
  File "/home/ubuntu/careerportal/mss-career-portal/app/linuxvenv/lib/python3.12/site-packages/pymysql/connections.py", line 847, in _read_query_result
    result.read()
  File "/home/ubuntu/careerportal/mss-career-portal/app/linuxvenv/lib/python3.12/site-packages/pymysql/connections.py", line 1245, in read
    first_packet = self.connection._read_packet()
                   ^^^^^^^^^^^^^^^^^^^^^^^^^^^^^^
  File "/home/ubuntu/careerportal/mss-career-portal/app/linuxvenv/lib/python3.12/site-packages/pymysql/connections.py", line 803, in _read_packet
    packet.raise_for_error()
  File "/home/ubuntu/careerportal/mss-career-portal/app/linuxvenv/lib/python3.12/site-packages/pymysql/protocol.py", line 219, in raise_for_error
    err.raise_mysql_exception(self._data)
  File "/home/ubuntu/careerportal/mss-career-portal/app/linuxvenv/lib/python3.12/site-packages/pymysql/err.py", line 154, in raise_mysql_exception
    raise errorclass(errno, errval, sqlstate=sqlstate)
sqlalchemy.exc.ProgrammingError: (pymysql.err.ProgrammingError) (1146, "Table 'career_portal.job_view_logs' doesn't exist")
[SQL: SELECT job_view_logs.id AS job_view_logs_id, job_view_logs.job_id AS job_view_logs_job_id, job_view_logs.user_id AS job_view_logs_user_id, job_view_logs.viewed_at AS job_view_logs_viewed_at 
FROM job_view_logs 
WHERE job_view_logs.job_id = %(job_id_1)s AND job_view_logs.user_id = %(user_id_1)s 
 LIMIT %(param_1)s]
[parameters: {'job_id_1': 39, 'user_id_1': 16, 'param_1': 1}]
(Background on this error at: https://sqlalche.me/e/20/f405)
[2026-06-30 17:49:53] INFO in job_apply_crud: Job application created: applicant_id=27, mss_app_no=MSS-APP-27, job_id=39, user_id=16
[2026-06-30 20:02:00] INFO in config: Constructing the database URL from environment variables.
[2026-06-30 20:02:00] INFO in database: Database engine created successfully.
[2026-06-30 20:02:00] INFO in main: FastAPI application has started successfully.
[2026-06-30 20:02:21] INFO in auth_route: STEP 1 | raw mobile received: '9500755440'
[2026-06-30 20:02:21] INFO in auth_route: STEP 2 | normalized mobile: '+919500755440'
[2026-06-30 20:02:21] INFO in auth_route: STEP 3 | DB lookup result: user_id=9 found=True
[2026-06-30 20:02:21] INFO in auth_route: STEP 4 | OTP generated: 433883
[2026-06-30 20:02:21] INFO in auth_route: STEP 5 | OTP stored in DB for user_id=9
[2026-06-30 20:02:21] INFO in auth_route: STEP 6 | API key loaded: present=True length=191 prefix=eyJhbGciOiJI...
[2026-06-30 20:02:21] INFO in auth_route: STEP 7 | Calling WhatsApp API: url=https://wb.omni.tatatelebusiness.com/whatsapp-cloud/messages to=+919500755440
[2026-06-30 20:02:21] INFO in otp_service: [OTP] Sending to=+919500755440 otp=433883
[2026-06-30 20:02:21] ERROR in otp_service: [OTP] Failed  status=400 body={'message': 'Invalid token', 'error': 'Bad Request', 'statusCode': 400}
[2026-06-30 20:02:21] INFO in auth_route: STEP 8 | API response: success=False http_code=400 body={'message': 'Invalid token', 'error': 'Bad Request', 'statusCode': 400}
[2026-06-30 20:05:39] INFO in config: Constructing the database URL from environment variables.
[2026-06-30 20:05:39] INFO in database: Database engine created successfully.
[2026-06-30 20:05:39] INFO in main: FastAPI application has started successfully.
[2026-06-30 20:06:02] INFO in auth_route: STEP 1 | raw mobile received: '9500755440'
[2026-06-30 20:06:02] INFO in auth_route: STEP 2 | normalized mobile: '+919500755440'
[2026-06-30 20:06:02] INFO in auth_route: STEP 3 | DB lookup result: user_id=9 found=True
[2026-06-30 20:06:02] INFO in auth_route: STEP 4 | OTP generated: 270705
[2026-06-30 20:06:02] INFO in auth_route: STEP 5 | OTP stored in DB for user_id=9
[2026-06-30 20:06:02] INFO in auth_route: STEP 6 | API key loaded: present=True length=191 prefix=eyJhbGciOiJI...
[2026-06-30 20:06:02] INFO in auth_route: STEP 7 | Calling WhatsApp API: url=https://wb.omni.tatatelebusiness.com/whatsapp-cloud/messages to=+919500755440
[2026-06-30 20:06:02] INFO in otp_service: [OTP] Sending to=+919500755440 otp=270705
[2026-06-30 20:06:02] INFO in otp_service: [OTP] Sent OK  status=200 body={'id': '5fce6f36-dc62-430e-bf4b-0ffe2785048c'}
[2026-06-30 20:06:02] INFO in auth_route: STEP 8 | API response: success=True http_code=200 body={'id': '5fce6f36-dc62-430e-bf4b-0ffe2785048c'}
[2026-06-30 20:06:02] INFO in auth_route: STEP 9 | OTP sent successfully to +919500755440
[2026-06-30 20:29:22] INFO in config: Constructing the database URL from environment variables.
[2026-06-30 20:29:22] INFO in database: Database engine created successfully.
[2026-06-30 20:29:22] INFO in main: FastAPI application has started successfully.
[2026-07-01 04:04:51] WARNING in auth_crud: Failed login attempt for email: ramesramesh0724@gmail.com from IP: 172.70.192.190
[2026-07-01 04:05:01] INFO in auth_crud: Successful login for candidate email: ramesramesh0724@gmail.com from IP: 172.70.192.190
[2026-07-01 04:05:29] WARNING in auth_crud: Failed login attempt for email: ramesramesh0724@gmail.com from IP: 172.70.192.190
[2026-07-01 04:05:38] INFO in auth_crud: Successful login for candidate email: ramesramesh0724@gmail.com from IP: 172.70.192.190
[2026-07-01 05:09:10] INFO in config: Constructing the database URL from environment variables.
[2026-07-01 05:09:10] INFO in database: Database engine created successfully.
[2026-07-01 05:09:10] INFO in main: FastAPI application has started successfully.
[2026-07-01 05:38:27] INFO in config: Constructing the database URL from environment variables.
[2026-07-01 05:38:27] INFO in database: Database engine created successfully.
[2026-07-01 05:38:27] INFO in main: FastAPI application has started successfully.
[2026-07-01 05:40:44] INFO in auth_crud: Successful login for candidate email: ramesramesh0724@gmail.com from IP: 172.69.129.222
[2026-07-01 07:58:19] WARNING in jobs_crud: Published job post not found: 38
[2026-07-01 08:01:46] INFO in auth_crud: Successful login for hr_head email: hrhead.themadrassevasadan.org from IP: 172.70.192.190
[2026-07-01 08:01:49] INFO in auth_crud: New user created via Google login: s.dhanabalan02@gmail.com from IP: 172.70.192.190
[2026-07-01 08:01:49] INFO in auth_crud: Successful Google login for email: s.dhanabalan02@gmail.com from IP: 172.70.192.190
[2026-07-01 08:02:49] INFO in auth_crud: New user created via Google login: pradeeshlathish446@gmail.com from IP: 162.158.54.162
[2026-07-01 08:02:49] INFO in auth_crud: Successful Google login for email: pradeeshlathish446@gmail.com from IP: 162.158.54.162
[2026-07-01 08:03:58] INFO in auth_crud: New user created via Google login: aravindhezekiel17@gmail.com from IP: 172.70.192.190
[2026-07-01 08:03:58] INFO in auth_crud: Successful Google login for email: aravindhezekiel17@gmail.com from IP: 172.70.192.190
[2026-07-01 09:21:36] INFO in auth_crud: Successful login for hr_head email: hrhead.themadrassevasadan.org from IP: 172.70.192.190
[2026-07-01 09:22:39] INFO in jobs_crud: Job post created by admin 3
[2026-07-01 09:22:46] INFO in auth_crud: Admin ID 3 logged out from IP: 172.70.192.190
[2026-07-01 09:23:18] INFO in auth_crud: Successful login for candidate email: ramesramesh0724@gmail.com from IP: 172.70.192.190
[2026-07-01 09:34:09] INFO in config: Constructing the database URL from environment variables.
[2026-07-01 09:34:09] INFO in database: Database engine created successfully.
[2026-07-01 09:34:09] INFO in main: FastAPI application has started successfully.
[2026-07-01 09:34:09] INFO in main: Populated UUID for 10 existing job posts
[2026-07-01 09:39:16] WARNING in auth_crud: Unauthorized login attempt for email: hrhead.themadrassevasadan.org from IP: 172.69.122.149
[2026-07-01 09:41:55] WARNING in auth_crud: Unauthorized login attempt for email: hrhead.themadrassevasadan.org from IP: 162.158.54.163
[2026-07-01 10:38:31] INFO in auth_crud: New user created via Google login: vel0011@gmail.com from IP: 172.70.192.190
[2026-07-01 10:38:31] INFO in auth_crud: Successful Google login for email: vel0011@gmail.com from IP: 172.70.192.190
[2026-07-01 10:40:52] INFO in job_apply_crud: Job application created: applicant_id=21, mss_app_no=MSS-APP-21, job_id=36, user_id=16
[2026-07-01 10:48:45] INFO in job_apply_crud: Job application created: applicant_id=22, mss_app_no=MSS-APP-22, job_id=35, user_id=16
[2026-07-01 10:50:56] WARNING in auth_crud: Unauthorized login attempt for email: hrhead.themadrassevasadan.org from IP: 172.70.192.190
[2026-07-01 10:51:12] INFO in auth_crud: Successful admin login for hr_head email: hrhead.themadrassevasadan.org from IP: 172.70.192.190
[2026-07-01 11:18:20] INFO in auth_crud: Successful Google login for email: s.dhanabalan02@gmail.com from IP: 172.69.122.149
[2026-07-01 11:33:21] INFO in auth_crud: Successful admin login for school_admin email: admin@ladyandal.org from IP: 172.69.122.149
[2026-07-01 11:33:30] INFO in auth_crud: Successful admin login for hr_head email: hrhead.themadrassevasadan.org from IP: 172.69.122.149
[2026-07-02 04:31:08] ERROR in main: Unhandled error on GET /auth/units: (pymysql.err.OperationalError) (2006, "MySQL server has gone away (SSLEOFError(8, 'EOF occurred in violation of protocol (_ssl.c:2406)'))")
[SQL: SELECT units.id AS units_id, units.unit_name AS units_unit_name 
FROM units]
(Background on this error at: https://sqlalche.me/e/20/e3q8)
Traceback (most recent call last):
  File "/home/ubuntu/careerportal/mss-career-portal/app/linuxvenv/lib/python3.12/site-packages/pymysql/connections.py", line 834, in _write_bytes
    self._sock.sendall(data)
  File "/usr/lib/python3.12/ssl.py", line 1211, in sendall
    v = self.send(byte_view[count:])
        ^^^^^^^^^^^^^^^^^^^^^^^^^^^^
  File "/usr/lib/python3.12/ssl.py", line 1180, in send
    return self._sslobj.write(data)
           ^^^^^^^^^^^^^^^^^^^^^^^^
ssl.SSLEOFError: EOF occurred in violation of protocol (_ssl.c:2406)

During handling of the above exception, another exception occurred:

Traceback (most recent call last):
  File "/home/ubuntu/careerportal/mss-career-portal/app/linuxvenv/lib/python3.12/site-packages/sqlalchemy/engine/base.py", line 1969, in _exec_single_context
    self.dialect.do_execute(
  File "/home/ubuntu/careerportal/mss-career-portal/app/linuxvenv/lib/python3.12/site-packages/sqlalchemy/engine/default.py", line 952, in do_execute
    cursor.execute(statement, parameters)
  File "/home/ubuntu/careerportal/mss-career-portal/app/linuxvenv/lib/python3.12/site-packages/pymysql/cursors.py", line 159, in execute
    result = self._query(query)
             ^^^^^^^^^^^^^^^^^^
  File "/home/ubuntu/careerportal/mss-career-portal/app/linuxvenv/lib/python3.12/site-packages/pymysql/cursors.py", line 330, in _query
    conn.query(q)
  File "/home/ubuntu/careerportal/mss-career-portal/app/linuxvenv/lib/python3.12/site-packages/pymysql/connections.py", line 581, in query
    self._execute_command(COMMAND.COM_QUERY, sql)
  File "/home/ubuntu/careerportal/mss-career-portal/app/linuxvenv/lib/python3.12/site-packages/pymysql/connections.py", line 886, in _execute_command
    self._write_bytes(packet)
  File "/home/ubuntu/careerportal/mss-career-portal/app/linuxvenv/lib/python3.12/site-packages/pymysql/connections.py", line 837, in _write_bytes
    raise err.OperationalError(
pymysql.err.OperationalError: (2006, "MySQL server has gone away (SSLEOFError(8, 'EOF occurred in violation of protocol (_ssl.c:2406)'))")

The above exception was the direct cause of the following exception:

Traceback (most recent call last):
  File "/home/ubuntu/careerportal/mss-career-portal/app/main.py", line 38, in dispatch
    return await call_next(request)
           ^^^^^^^^^^^^^^^^^^^^^^^^
  File "/home/ubuntu/careerportal/mss-career-portal/app/linuxvenv/lib/python3.12/site-packages/starlette/middleware/base.py", line 168, in call_next
    raise app_exc from app_exc.__cause__ or app_exc.__context__
  File "/home/ubuntu/careerportal/mss-career-portal/app/linuxvenv/lib/python3.12/site-packages/starlette/middleware/base.py", line 144, in coro
    await self.app(scope, receive_or_disconnect, send_no_error)
  File "/home/ubuntu/careerportal/mss-career-portal/app/linuxvenv/lib/python3.12/site-packages/starlette/middleware/exceptions.py", line 63, in __call__
    await wrap_app_handling_exceptions(self.app, conn)(scope, receive, send)
  File "/home/ubuntu/careerportal/mss-career-portal/app/linuxvenv/lib/python3.12/site-packages/starlette/_exception_handler.py", line 53, in wrapped_app
    raise exc
  File "/home/ubuntu/careerportal/mss-career-portal/app/linuxvenv/lib/python3.12/site-packages/starlette/_exception_handler.py", line 42, in wrapped_app
    await app(scope, receive, sender)
  File "/home/ubuntu/careerportal/mss-career-portal/app/linuxvenv/lib/python3.12/site-packages/fastapi/middleware/asyncexitstack.py", line 18, in __call__
    await self.app(scope, receive, send)
  File "/home/ubuntu/careerportal/mss-career-portal/app/linuxvenv/lib/python3.12/site-packages/starlette/routing.py", line 660, in __call__
    await self.middleware_stack(scope, receive, send)
  File "/home/ubuntu/careerportal/mss-career-portal/app/linuxvenv/lib/python3.12/site-packages/fastapi/routing.py", line 2531, in app
    await route.handle(scope, receive, send)
  File "/home/ubuntu/careerportal/mss-career-portal/app/linuxvenv/lib/python3.12/site-packages/fastapi/routing.py", line 1700, in handle
    await self.original_router.handle(scope, receive, send)
  File "/home/ubuntu/careerportal/mss-career-portal/app/linuxvenv/lib/python3.12/site-packages/fastapi/routing.py", line 2586, in handle
    await included_router._handle_selected(scope, receive, send)
  File "/home/ubuntu/careerportal/mss-career-portal/app/linuxvenv/lib/python3.12/site-packages/fastapi/routing.py", line 1720, in _handle_selected
    await original_route.handle(scope, receive, send)
  File "/home/ubuntu/careerportal/mss-career-portal/app/linuxvenv/lib/python3.12/site-packages/fastapi/routing.py", line 1239, in handle
    await app(scope, receive, send)
  File "/home/ubuntu/careerportal/mss-career-portal/app/linuxvenv/lib/python3.12/site-packages/fastapi/routing.py", line 150, in app
    await wrap_app_handling_exceptions(app, request)(scope, receive, send)
  File "/home/ubuntu/careerportal/mss-career-portal/app/linuxvenv/lib/python3.12/site-packages/starlette/_exception_handler.py", line 53, in wrapped_app
    raise exc
  File "/home/ubuntu/careerportal/mss-career-portal/app/linuxvenv/lib/python3.12/site-packages/starlette/_exception_handler.py", line 42, in wrapped_app
    await app(scope, receive, sender)
  File "/home/ubuntu/careerportal/mss-career-portal/app/linuxvenv/lib/python3.12/site-packages/fastapi/routing.py", line 136, in app
    response = await f(request)
               ^^^^^^^^^^^^^^^^
  File "/home/ubuntu/careerportal/mss-career-portal/app/linuxvenv/lib/python3.12/site-packages/fastapi/routing.py", line 690, in app
    raw_response = await run_endpoint_function(
                   ^^^^^^^^^^^^^^^^^^^^^^^^^^^^
  File "/home/ubuntu/careerportal/mss-career-portal/app/linuxvenv/lib/python3.12/site-packages/fastapi/routing.py", line 346, in run_endpoint_function
    return await run_in_threadpool(dependant.call, **values)
           ^^^^^^^^^^^^^^^^^^^^^^^^^^^^^^^^^^^^^^^^^^^^^^^^^
  File "/home/ubuntu/careerportal/mss-career-portal/app/linuxvenv/lib/python3.12/site-packages/starlette/concurrency.py", line 34, in run_in_threadpool
    return await anyio.to_thread.run_sync(func)
           ^^^^^^^^^^^^^^^^^^^^^^^^^^^^^^^^^^^^
  File "/home/ubuntu/careerportal/mss-career-portal/app/linuxvenv/lib/python3.12/site-packages/anyio/to_thread.py", line 63, in run_sync
    return await get_async_backend().run_sync_in_worker_thread(
           ^^^^^^^^^^^^^^^^^^^^^^^^^^^^^^^^^^^^^^^^^^^^^^^^^^^^
  File "/home/ubuntu/careerportal/mss-career-portal/app/linuxvenv/lib/python3.12/site-packages/anyio/_backends/_asyncio.py", line 2596, in run_sync_in_worker_thread
    return await future
           ^^^^^^^^^^^^
  File "/home/ubuntu/careerportal/mss-career-portal/app/linuxvenv/lib/python3.12/site-packages/anyio/_backends/_asyncio.py", line 1029, in run
    result = context.run(func, *args)
             ^^^^^^^^^^^^^^^^^^^^^^^^
  File "/home/ubuntu/careerportal/mss-career-portal/app/routes/auth_route.py", line 145, in get_units
    units_list = db.query(Units).all()
                 ^^^^^^^^^^^^^^^^^^^^^
  File "/home/ubuntu/careerportal/mss-career-portal/app/linuxvenv/lib/python3.12/site-packages/sqlalchemy/orm/query.py", line 2711, in all
    return self._iter().all()  # type: ignore
           ^^^^^^^^^^^^
  File "/home/ubuntu/careerportal/mss-career-portal/app/linuxvenv/lib/python3.12/site-packages/sqlalchemy/orm/query.py", line 2864, in _iter
    result: Union[ScalarResult[_T], Result[_T]] = self.session.execute(
                                                  ^^^^^^^^^^^^^^^^^^^^^
  File "/home/ubuntu/careerportal/mss-career-portal/app/linuxvenv/lib/python3.12/site-packages/sqlalchemy/orm/session.py", line 2373, in execute
    return self._execute_internal(
           ^^^^^^^^^^^^^^^^^^^^^^^
  File "/home/ubuntu/careerportal/mss-career-portal/app/linuxvenv/lib/python3.12/site-packages/sqlalchemy/orm/session.py", line 2271, in _execute_internal
    result: Result[Any] = compile_state_cls.orm_execute_statement(
                          ^^^^^^^^^^^^^^^^^^^^^^^^^^^^^^^^^^^^^^^^
  File "/home/ubuntu/careerportal/mss-career-portal/app/linuxvenv/lib/python3.12/site-packages/sqlalchemy/orm/context.py", line 306, in orm_execute_statement
    result = conn.execute(
             ^^^^^^^^^^^^^
  File "/home/ubuntu/careerportal/mss-career-portal/app/linuxvenv/lib/python3.12/site-packages/sqlalchemy/engine/base.py", line 1421, in execute
    return meth(
           ^^^^^
  File "/home/ubuntu/careerportal/mss-career-portal/app/linuxvenv/lib/python3.12/site-packages/sqlalchemy/sql/elements.py", line 526, in _execute_on_connection
    return connection._execute_clauseelement(
           ^^^^^^^^^^^^^^^^^^^^^^^^^^^^^^^^^^
  File "/home/ubuntu/careerportal/mss-career-portal/app/linuxvenv/lib/python3.12/site-packages/sqlalchemy/engine/base.py", line 1643, in _execute_clauseelement
    ret = self._execute_context(
          ^^^^^^^^^^^^^^^^^^^^^^
  File "/home/ubuntu/careerportal/mss-career-portal/app/linuxvenv/lib/python3.12/site-packages/sqlalchemy/engine/base.py", line 1848, in _execute_context
    return self._exec_single_context(
           ^^^^^^^^^^^^^^^^^^^^^^^^^^
  File "/home/ubuntu/careerportal/mss-career-portal/app/linuxvenv/lib/python3.12/site-packages/sqlalchemy/engine/base.py", line 1988, in _exec_single_context
    self._handle_dbapi_exception(
  File "/home/ubuntu/careerportal/mss-career-portal/app/linuxvenv/lib/python3.12/site-packages/sqlalchemy/engine/base.py", line 2365, in _handle_dbapi_exception
    raise sqlalchemy_exception.with_traceback(exc_info[2]) from e
  File "/home/ubuntu/careerportal/mss-career-portal/app/linuxvenv/lib/python3.12/site-packages/sqlalchemy/engine/base.py", line 1969, in _exec_single_context
    self.dialect.do_execute(
  File "/home/ubuntu/careerportal/mss-career-portal/app/linuxvenv/lib/python3.12/site-packages/sqlalchemy/engine/default.py", line 952, in do_execute
    cursor.execute(statement, parameters)
  File "/home/ubuntu/careerportal/mss-career-portal/app/linuxvenv/lib/python3.12/site-packages/pymysql/cursors.py", line 159, in execute
    result = self._query(query)
             ^^^^^^^^^^^^^^^^^^
  File "/home/ubuntu/careerportal/mss-career-portal/app/linuxvenv/lib/python3.12/site-packages/pymysql/cursors.py", line 330, in _query
    conn.query(q)
  File "/home/ubuntu/careerportal/mss-career-portal/app/linuxvenv/lib/python3.12/site-packages/pymysql/connections.py", line 581, in query
    self._execute_command(COMMAND.COM_QUERY, sql)
  File "/home/ubuntu/careerportal/mss-career-portal/app/linuxvenv/lib/python3.12/site-packages/pymysql/connections.py", line 886, in _execute_command
    self._write_bytes(packet)
  File "/home/ubuntu/careerportal/mss-career-portal/app/linuxvenv/lib/python3.12/site-packages/pymysql/connections.py", line 837, in _write_bytes
    raise err.OperationalError(
sqlalchemy.exc.OperationalError: (pymysql.err.OperationalError) (2006, "MySQL server has gone away (SSLEOFError(8, 'EOF occurred in violation of protocol (_ssl.c:2406)'))")
[SQL: SELECT units.id AS units_id, units.unit_name AS units_unit_name 
FROM units]
(Background on this error at: https://sqlalche.me/e/20/e3q8)
[2026-07-02 04:31:12] WARNING in auth_crud: Failed login attempt for email: ramesramesh0724@gmail.com from IP: 172.69.123.162
[2026-07-02 04:31:22] INFO in auth_crud: Successful login for candidate email: ramesramesh0724@gmail.com from IP: 172.69.123.162
[2026-07-02 04:41:39] WARNING in auth_crud: Unauthorized login attempt for email: admin@gmail.com from IP: 162.158.54.163
[2026-07-02 04:43:53] INFO in auth_crud: Successful login for candidate email: ramesramesh0724@gmail.com from IP: 172.69.122.149
[2026-07-02 04:49:40] INFO in config: Constructing the database URL from environment variables.
[2026-07-02 04:49:40] INFO in database: Database engine created successfully.
[2026-07-02 04:49:41] INFO in main: FastAPI application has started successfully.
[2026-07-02 04:49:59] INFO in auth_crud: Successful login for candidate email: ramesramesh0724@gmail.com from IP: 172.69.122.149
[2026-07-02 05:00:36] INFO in auth_crud: Successful admin login for hr_head email: hrhead.themadrassevasadan.org from IP: 172.69.122.148
[2026-07-02 13:08:42] INFO in auth_crud: Successful admin login for school_admin email: admin@ladyandal.org from IP: 162.158.54.162
[2026-07-02 13:13:02] INFO in auth_crud: Successful admin login for hr_head email: hrhead.themadrassevasadan.org from IP: 172.69.123.163
[2026-07-02 13:13:11] INFO in auth_crud: Successful admin login for school_admin email: admin@ladyandal.org from IP: 172.69.123.163
[2026-07-03 04:44:28] ERROR in main: Unhandled error on GET /jobs/public: (pymysql.err.OperationalError) (2006, "MySQL server has gone away (SSLEOFError(8, 'EOF occurred in violation of protocol (_ssl.c:2406)'))")
[SQL: SELECT job_posts.job_id AS job_posts_job_id, job_posts.job_posted_by AS job_posts_job_posted_by, job_posts.job_title AS job_posts_job_title, job_posts.job_type AS job_posts_job_type, job_posts.job_description AS job_posts_job_description, job_posts.school_name AS job_posts_school_name, job_posts.department AS job_posts_department, job_posts.location AS job_posts_location, job_posts.programme AS job_posts_programme, job_posts.vacancy_count AS job_posts_vacancy_count, job_posts.min_exp AS job_posts_min_exp, job_posts.max_exp AS job_posts_max_exp, job_posts.skills_required AS job_posts_skills_required, job_posts.education_qualification AS job_posts_education_qualification, job_posts.closing_date AS job_posts_closing_date, job_posts.additional_requirements AS job_posts_additional_requirements, job_posts.job_status AS job_posts_job_status, job_posts.views AS job_posts_views, job_posts.uuid AS job_posts_uuid, job_posts.created_at AS job_posts_created_at, job_posts.updated_at AS job_posts_updated_at 
FROM job_posts 
WHERE job_posts.job_status = %(job_status_1)s AND job_posts.school_name = %(school_name_1)s ORDER BY job_posts.updated_at DESC]
[parameters: {'job_status_1': 'publish', 'school_name_1': 'Sir Mutha School (CBSE)'}]
(Background on this error at: https://sqlalche.me/e/20/e3q8)
Traceback (most recent call last):
  File "/home/ubuntu/careerportal/mss-career-portal/app/linuxvenv/lib/python3.12/site-packages/pymysql/connections.py", line 834, in _write_bytes
    self._sock.sendall(data)
  File "/usr/lib/python3.12/ssl.py", line 1211, in sendall
    v = self.send(byte_view[count:])
        ^^^^^^^^^^^^^^^^^^^^^^^^^^^^
  File "/usr/lib/python3.12/ssl.py", line 1180, in send
    return self._sslobj.write(data)
           ^^^^^^^^^^^^^^^^^^^^^^^^
ssl.SSLEOFError: EOF occurred in violation of protocol (_ssl.c:2406)

During handling of the above exception, another exception occurred:

Traceback (most recent call last):
  File "/home/ubuntu/careerportal/mss-career-portal/app/linuxvenv/lib/python3.12/site-packages/sqlalchemy/engine/base.py", line 1969, in _exec_single_context
    self.dialect.do_execute(
  File "/home/ubuntu/careerportal/mss-career-portal/app/linuxvenv/lib/python3.12/site-packages/sqlalchemy/engine/default.py", line 952, in do_execute
    cursor.execute(statement, parameters)
  File "/home/ubuntu/careerportal/mss-career-portal/app/linuxvenv/lib/python3.12/site-packages/pymysql/cursors.py", line 159, in execute
    result = self._query(query)
             ^^^^^^^^^^^^^^^^^^
  File "/home/ubuntu/careerportal/mss-career-portal/app/linuxvenv/lib/python3.12/site-packages/pymysql/cursors.py", line 330, in _query
    conn.query(q)
  File "/home/ubuntu/careerportal/mss-career-portal/app/linuxvenv/lib/python3.12/site-packages/pymysql/connections.py", line 581, in query
    self._execute_command(COMMAND.COM_QUERY, sql)
  File "/home/ubuntu/careerportal/mss-career-portal/app/linuxvenv/lib/python3.12/site-packages/pymysql/connections.py", line 886, in _execute_command
    self._write_bytes(packet)
  File "/home/ubuntu/careerportal/mss-career-portal/app/linuxvenv/lib/python3.12/site-packages/pymysql/connections.py", line 837, in _write_bytes
    raise err.OperationalError(
pymysql.err.OperationalError: (2006, "MySQL server has gone away (SSLEOFError(8, 'EOF occurred in violation of protocol (_ssl.c:2406)'))")

The above exception was the direct cause of the following exception:

Traceback (most recent call last):
  File "/home/ubuntu/careerportal/mss-career-portal/app/main.py", line 38, in dispatch
    return await call_next(request)
           ^^^^^^^^^^^^^^^^^^^^^^^^
  File "/home/ubuntu/careerportal/mss-career-portal/app/linuxvenv/lib/python3.12/site-packages/starlette/middleware/base.py", line 168, in call_next
    raise app_exc from app_exc.__cause__ or app_exc.__context__
  File "/home/ubuntu/careerportal/mss-career-portal/app/linuxvenv/lib/python3.12/site-packages/starlette/middleware/base.py", line 144, in coro
    await self.app(scope, receive_or_disconnect, send_no_error)
  File "/home/ubuntu/careerportal/mss-career-portal/app/linuxvenv/lib/python3.12/site-packages/starlette/middleware/exceptions.py", line 63, in __call__
    await wrap_app_handling_exceptions(self.app, conn)(scope, receive, send)
  File "/home/ubuntu/careerportal/mss-career-portal/app/linuxvenv/lib/python3.12/site-packages/starlette/_exception_handler.py", line 53, in wrapped_app
    raise exc
  File "/home/ubuntu/careerportal/mss-career-portal/app/linuxvenv/lib/python3.12/site-packages/starlette/_exception_handler.py", line 42, in wrapped_app
    await app(scope, receive, sender)
  File "/home/ubuntu/careerportal/mss-career-portal/app/linuxvenv/lib/python3.12/site-packages/fastapi/middleware/asyncexitstack.py", line 18, in __call__
    await self.app(scope, receive, send)
  File "/home/ubuntu/careerportal/mss-career-portal/app/linuxvenv/lib/python3.12/site-packages/starlette/routing.py", line 660, in __call__
    await self.middleware_stack(scope, receive, send)
  File "/home/ubuntu/careerportal/mss-career-portal/app/linuxvenv/lib/python3.12/site-packages/fastapi/routing.py", line 2531, in app
    await route.handle(scope, receive, send)
  File "/home/ubuntu/careerportal/mss-career-portal/app/linuxvenv/lib/python3.12/site-packages/fastapi/routing.py", line 1700, in handle
    await self.original_router.handle(scope, receive, send)
  File "/home/ubuntu/careerportal/mss-career-portal/app/linuxvenv/lib/python3.12/site-packages/fastapi/routing.py", line 2586, in handle
    await included_router._handle_selected(scope, receive, send)
  File "/home/ubuntu/careerportal/mss-career-portal/app/linuxvenv/lib/python3.12/site-packages/fastapi/routing.py", line 1720, in _handle_selected
    await original_route.handle(scope, receive, send)
  File "/home/ubuntu/careerportal/mss-career-portal/app/linuxvenv/lib/python3.12/site-packages/fastapi/routing.py", line 1239, in handle
    await app(scope, receive, send)
  File "/home/ubuntu/careerportal/mss-career-portal/app/linuxvenv/lib/python3.12/site-packages/fastapi/routing.py", line 150, in app
    await wrap_app_handling_exceptions(app, request)(scope, receive, send)
  File "/home/ubuntu/careerportal/mss-career-portal/app/linuxvenv/lib/python3.12/site-packages/starlette/_exception_handler.py", line 53, in wrapped_app
    raise exc
  File "/home/ubuntu/careerportal/mss-career-portal/app/linuxvenv/lib/python3.12/site-packages/starlette/_exception_handler.py", line 42, in wrapped_app
    await app(scope, receive, sender)
  File "/home/ubuntu/careerportal/mss-career-portal/app/linuxvenv/lib/python3.12/site-packages/fastapi/routing.py", line 136, in app
    response = await f(request)
               ^^^^^^^^^^^^^^^^
  File "/home/ubuntu/careerportal/mss-career-portal/app/linuxvenv/lib/python3.12/site-packages/fastapi/routing.py", line 690, in app
    raw_response = await run_endpoint_function(
                   ^^^^^^^^^^^^^^^^^^^^^^^^^^^^
  File "/home/ubuntu/careerportal/mss-career-portal/app/linuxvenv/lib/python3.12/site-packages/fastapi/routing.py", line 346, in run_endpoint_function
    return await run_in_threadpool(dependant.call, **values)
           ^^^^^^^^^^^^^^^^^^^^^^^^^^^^^^^^^^^^^^^^^^^^^^^^^
  File "/home/ubuntu/careerportal/mss-career-portal/app/linuxvenv/lib/python3.12/site-packages/starlette/concurrency.py", line 34, in run_in_threadpool
    return await anyio.to_thread.run_sync(func)
           ^^^^^^^^^^^^^^^^^^^^^^^^^^^^^^^^^^^^
  File "/home/ubuntu/careerportal/mss-career-portal/app/linuxvenv/lib/python3.12/site-packages/anyio/to_thread.py", line 63, in run_sync
    return await get_async_backend().run_sync_in_worker_thread(
           ^^^^^^^^^^^^^^^^^^^^^^^^^^^^^^^^^^^^^^^^^^^^^^^^^^^^
  File "/home/ubuntu/careerportal/mss-career-portal/app/linuxvenv/lib/python3.12/site-packages/anyio/_backends/_asyncio.py", line 2596, in run_sync_in_worker_thread
    return await future
           ^^^^^^^^^^^^
  File "/home/ubuntu/careerportal/mss-career-portal/app/linuxvenv/lib/python3.12/site-packages/anyio/_backends/_asyncio.py", line 1029, in run
    result = context.run(func, *args)
             ^^^^^^^^^^^^^^^^^^^^^^^^
  File "/home/ubuntu/careerportal/mss-career-portal/app/routes/jobs_route.py", line 266, in get_public_job_posts_route
    job_posts = get_published_job_posts(db, school_name=school_name)
                ^^^^^^^^^^^^^^^^^^^^^^^^^^^^^^^^^^^^^^^^^^^^^^^^^^^^
  File "/home/ubuntu/careerportal/mss-career-portal/app/crud/jobs_crud.py", line 68, in get_published_job_posts
    return query.order_by(JobPost.updated_at.desc()).all()
           ^^^^^^^^^^^^^^^^^^^^^^^^^^^^^^^^^^^^^^^^^^^^^^^
  File "/home/ubuntu/careerportal/mss-career-portal/app/linuxvenv/lib/python3.12/site-packages/sqlalchemy/orm/query.py", line 2711, in all
    return self._iter().all()  # type: ignore
           ^^^^^^^^^^^^
  File "/home/ubuntu/careerportal/mss-career-portal/app/linuxvenv/lib/python3.12/site-packages/sqlalchemy/orm/query.py", line 2864, in _iter
    result: Union[ScalarResult[_T], Result[_T]] = self.session.execute(
                                                  ^^^^^^^^^^^^^^^^^^^^^
  File "/home/ubuntu/careerportal/mss-career-portal/app/linuxvenv/lib/python3.12/site-packages/sqlalchemy/orm/session.py", line 2373, in execute
    return self._execute_internal(
           ^^^^^^^^^^^^^^^^^^^^^^^
  File "/home/ubuntu/careerportal/mss-career-portal/app/linuxvenv/lib/python3.12/site-packages/sqlalchemy/orm/session.py", line 2271, in _execute_internal
    result: Result[Any] = compile_state_cls.orm_execute_statement(
                          ^^^^^^^^^^^^^^^^^^^^^^^^^^^^^^^^^^^^^^^^
  File "/home/ubuntu/careerportal/mss-career-portal/app/linuxvenv/lib/python3.12/site-packages/sqlalchemy/orm/context.py", line 306, in orm_execute_statement
    result = conn.execute(
             ^^^^^^^^^^^^^
  File "/home/ubuntu/careerportal/mss-career-portal/app/linuxvenv/lib/python3.12/site-packages/sqlalchemy/engine/base.py", line 1421, in execute
    return meth(
           ^^^^^
  File "/home/ubuntu/careerportal/mss-career-portal/app/linuxvenv/lib/python3.12/site-packages/sqlalchemy/sql/elements.py", line 526, in _execute_on_connection
    return connection._execute_clauseelement(
           ^^^^^^^^^^^^^^^^^^^^^^^^^^^^^^^^^^
  File "/home/ubuntu/careerportal/mss-career-portal/app/linuxvenv/lib/python3.12/site-packages/sqlalchemy/engine/base.py", line 1643, in _execute_clauseelement
    ret = self._execute_context(
          ^^^^^^^^^^^^^^^^^^^^^^
  File "/home/ubuntu/careerportal/mss-career-portal/app/linuxvenv/lib/python3.12/site-packages/sqlalchemy/engine/base.py", line 1848, in _execute_context
    return self._exec_single_context(
           ^^^^^^^^^^^^^^^^^^^^^^^^^^
  File "/home/ubuntu/careerportal/mss-career-portal/app/linuxvenv/lib/python3.12/site-packages/sqlalchemy/engine/base.py", line 1988, in _exec_single_context
    self._handle_dbapi_exception(
  File "/home/ubuntu/careerportal/mss-career-portal/app/linuxvenv/lib/python3.12/site-packages/sqlalchemy/engine/base.py", line 2365, in _handle_dbapi_exception
    raise sqlalchemy_exception.with_traceback(exc_info[2]) from e
  File "/home/ubuntu/careerportal/mss-career-portal/app/linuxvenv/lib/python3.12/site-packages/sqlalchemy/engine/base.py", line 1969, in _exec_single_context
    self.dialect.do_execute(
  File "/home/ubuntu/careerportal/mss-career-portal/app/linuxvenv/lib/python3.12/site-packages/sqlalchemy/engine/default.py", line 952, in do_execute
    cursor.execute(statement, parameters)
  File "/home/ubuntu/careerportal/mss-career-portal/app/linuxvenv/lib/python3.12/site-packages/pymysql/cursors.py", line 159, in execute
    result = self._query(query)
             ^^^^^^^^^^^^^^^^^^
  File "/home/ubuntu/careerportal/mss-career-portal/app/linuxvenv/lib/python3.12/site-packages/pymysql/cursors.py", line 330, in _query
    conn.query(q)
  File "/home/ubuntu/careerportal/mss-career-portal/app/linuxvenv/lib/python3.12/site-packages/pymysql/connections.py", line 581, in query
    self._execute_command(COMMAND.COM_QUERY, sql)
  File "/home/ubuntu/careerportal/mss-career-portal/app/linuxvenv/lib/python3.12/site-packages/pymysql/connections.py", line 886, in _execute_command
    self._write_bytes(packet)
  File "/home/ubuntu/careerportal/mss-career-portal/app/linuxvenv/lib/python3.12/site-packages/pymysql/connections.py", line 837, in _write_bytes
    raise err.OperationalError(
sqlalchemy.exc.OperationalError: (pymysql.err.OperationalError) (2006, "MySQL server has gone away (SSLEOFError(8, 'EOF occurred in violation of protocol (_ssl.c:2406)'))")
[SQL: SELECT job_posts.job_id AS job_posts_job_id, job_posts.job_posted_by AS job_posts_job_posted_by, job_posts.job_title AS job_posts_job_title, job_posts.job_type AS job_posts_job_type, job_posts.job_description AS job_posts_job_description, job_posts.school_name AS job_posts_school_name, job_posts.department AS job_posts_department, job_posts.location AS job_posts_location, job_posts.programme AS job_posts_programme, job_posts.vacancy_count AS job_posts_vacancy_count, job_posts.min_exp AS job_posts_min_exp, job_posts.max_exp AS job_posts_max_exp, job_posts.skills_required AS job_posts_skills_required, job_posts.education_qualification AS job_posts_education_qualification, job_posts.closing_date AS job_posts_closing_date, job_posts.additional_requirements AS job_posts_additional_requirements, job_posts.job_status AS job_posts_job_status, job_posts.views AS job_posts_views, job_posts.uuid AS job_posts_uuid, job_posts.created_at AS job_posts_created_at, job_posts.updated_at AS job_posts_updated_at 
FROM job_posts 
WHERE job_posts.job_status = %(job_status_1)s AND job_posts.school_name = %(school_name_1)s ORDER BY job_posts.updated_at DESC]
[parameters: {'job_status_1': 'publish', 'school_name_1': 'Sir Mutha School (CBSE)'}]
(Background on this error at: https://sqlalche.me/e/20/e3q8)
